trip,dd,pairing_name,base,fecha_inicio_trip,hora_inicio_trip,fecha_fin_trip,hora_fin_trip,inicio_trip,fin_trip,inicio_vuelo_lt,mes,quarter,carrier,vuelo,dep,arr,llave,std_hb,sta_hb,std_lt,sta_lt,std_utc,sta_utc,pax,sub_fleet,base_out,base_touch,brief,load_type,hbt,cnx,ac_change_ssim,ac_change_fleet,tiempo_max_suelo,duty,dia_duty,contador_duty,mix_duty,late_duty,presentacion_duty_hb,presentacion_duty_lt,presentacion_duty_date_lt,presentacion_duty_date_at,presentacion_duty_hour_at,duty_end_hour_lt,duty_end_date_lt,duty_end_hour_at,duty_end_date_at,duty_end_hour_hb,duty_end_date_hb,duty_time,max_duty,rest,alertness,cp,fo,tj,tce,tc,dep_long,arr_long,direccion,composicion,km,km_diurno,km_spec_noct,duty_block_time,tipo_de_vuelo,ppd,projected_delay,accumulated_delay,date_departure_utc,service_type,tipo_de_vueloreg
97,1,null,LIM,8 oct 2026,08:35:00,8 oct 2026,20:10:00,1,null,8 oct 2026,Oct-2026,2026Q3,LA,2697,LIM,SCL,LIMSCL,09:35:00,13:00:00,09:35:00,15:00:00,14:35:00,18:00:00,NO,789,BASE,NO,01:00:00,FP,03:25:00,02:55:00,SI,NO,03:00:00,1,1,1,null,1,08:35:00,08:35:00,8 oct 2026,8 oct 2026,08:35:00,20:10:00,8 oct 2026,20:10:00,8 oct 2026,20:10:00,8 oct 2026,11:35:00,13:00:00,null,6262,0,0,1,0,6,-77.12,-70.8,Este," ",0,0,0,07:10:00,INT,7.166,00:00:00,00:00:00,8 oct 2026,J,REG
159,1,null,LIM,14 oct 2026,08:35:00,14 oct 2026,20:10:00,1,null,14 oct 2026,Oct-2026,2026Q3,LA,2697,LIM,SCL,LIMSCL,09:35:00,13:00:00,09:35:00,15:00:00,14:35:00,18:00:00,NO,789,BASE,NO,01:00:00,FP,03:25:00,02:55:00,SI,SI,03:00:00,1,1,1,1,1,08:35:00,08:35:00,14 oct 2026,14 oct 2026,08:35:00,20:10:00,14 oct 2026,20:10:00,14 oct 2026,20:10:00,14 oct 2026,11:35:00,13:00:00,null,6262,0,0,1,0,6,-77.12,-70.8,Este," ",0,0,0,07:10:00,INT,7.166,00:00:00,00:00:00,14 oct 2026,J,REG
129,1,null,LIM,11 oct 2026,08:35:00,11 oct 2026,20:10:00,1,null,11 oct 2026,Oct-2026,2026Q3,LA,2697,LIM,SCL,LIMSCL,09:35:00,13:00:00,09:35:00,15:00:00,14:35:00,18:00:00,NO,788,BASE,NO,01:00:00,FP,03:25:00,02:55:00,SI,SI,03:00:00,1,1,1,1,1,08:35:00,08:35:00,11 oct 2026,11 oct 2026,08:35:00,20:10:00,11 oct 2026,20:10:00,11 oct 2026,20:10:00,11 oct 2026,11:35:00,13:00:00,null,6262,0,0,1,0,6,-77.12,-70.8,Este," ",0,0,0,07:10:00,INT,7.166,00:00:00,00:00:00,11 oct 2026,J,REG
38,1,null,LIM,18 oct 2026,08:35:00,18 oct 2026,20:10:00,1,null,18 oct 2026,Oct-2026,2026Q3,LA,2697,LIM,SCL,LIMSCL,09:35:00,13:00:00,09:35:00,15:00:00,14:35:00,18:00:00,NO,789,BASE,NO,01:00:00,FP,03:25:00,02:55:00,NO,NO,03:00:00,1,1,1,null,1,08:35:00,08:35:00,18 oct 2026,18 oct 2026,08:35:00,20:10:00,18 oct 2026,20:10:00,18 oct 2026,20:10:00,18 oct 2026,11:35:00,13:00:00,null,6262,1,1,0,0,0,-77.12,-70.8,Este,A,0,0,0,07:10:00,INT,7.166,00:00:00,00:00:00,18 oct 2026,J,REG
148,1,null,LIM,13 oct 2026,08:35:00,13 oct 2026,20:10:00,1,null,13 oct 2026,Oct-2026,2026Q3,LA,2697,LIM,SCL,LIMSCL,09:35:00,13:00:00,09:35:00,15:00:00,14:35:00,18:00:00,NO,789,BASE,NO,01:00:00,FP,03:25:00,02:55:00,SI,NO,03:00:00,1,1,1,null,1,08:35:00,08:35:00,13 oct 2026,13 oct 2026,08:35:00,20:10:00,13 oct 2026,20:10:00,13 oct 2026,20:10:00,13 oct 2026,11:35:00,13:00:00,null,6262,0,0,1,0,6,-77.12,-70.8,Este," ",0,0,0,07:10:00,INT,7.166,00:00:00,00:00:00,13 oct 2026,J,REG
52,1,null,LIM,25 oct 2026,08:35:00,25 oct 2026,20:10:00,1,null,25 oct 2026,Oct-2026,2026Q3,LA,2697,LIM,SCL,LIMSCL,09:35:00,13:00:00,09:35:00,15:00:00,14:35:00,18:00:00,NO,789,BASE,NO,01:00:00,FP,03:25:00,02:55:00,SI,NO,03:00:00,1,1,1,null,1,08:35:00,08:35:00,25 oct 2026,25 oct 2026,08:35:00,20:10:00,25 oct 2026,20:10:00,25 oct 2026,20:10:00,25 oct 2026,11:35:00,13:00:00,null,6262,1,1,0,0,0,-77.12,-70.8,Este,A,0,0,0,07:10:00,INT,7.166,00:00:00,00:00:00,25 oct 2026,J,REG
36,1,null,LIM,17 oct 2026,08:35:00,17 oct 2026,20:10:00,1,null,17 oct 2026,Oct-2026,2026Q3,LA,2697,LIM,SCL,LIMSCL,09:35:00,13:00:00,09:35:00,15:00:00,14:35:00,18:00:00,NO,789,BASE,NO,01:00:00,FP,03:25:00,02:55:00,SI,NO,03:00:00,1,1,1,null,1,08:35:00,08:35:00,17 oct 2026,17 oct 2026,08:35:00,20:10:00,17 oct 2026,20:10:00,17 oct 2026,20:10:00,17 oct 2026,11:35:00,13:00:00,null,6262,1,1,0,0,0,-77.12,-70.8,Este,A,0,0,0,07:10:00,INT,7.166,00:00:00,00:00:00,17 oct 2026,J,REG
6,1,null,LIM,2 oct 2026,08:35:00,2 oct 2026,20:10:00,1,null,2 oct 2026,Oct-2026,2026Q3,LA,2697,LIM,SCL,LIMSCL,09:35:00,13:00:00,09:35:00,15:00:00,14:35:00,18:00:00,NO,789,BASE,NO,01:00:00,FP,03:25:00,02:55:00,SI,NO,03:00:00,1,1,1,null,1,08:35:00,08:35:00,2 oct 2026,2 oct 2026,08:35:00,20:10:00,2 oct 2026,20:10:00,2 oct 2026,20:10:00,2 oct 2026,11:35:00,13:00:00,null,6262,1,1,0,0,0,-77.12,-70.8,Este,A,0,0,0,07:10:00,INT,7.166,00:00:00,00:00:00,2 oct 2026,J,REG
54,1,null,LIM,26 oct 2026,08:35:00,26 oct 2026,20:10:00,1,null,26 oct 2026,Oct-2026,2026Q3,LA,2697,LIM,SCL,LIMSCL,09:35:00,13:00:00,09:35:00,15:00:00,14:35:00,18:00:00,NO,789,BASE,NO,01:00:00,FP,03:25:00,02:55:00,SI,NO,03:00:00,1,1,1,null,1,08:35:00,08:35:00,26 oct 2026,26 oct 2026,08:35:00,20:10:00,26 oct 2026,20:10:00,26 oct 2026,20:10:00,26 oct 2026,11:35:00,13:00:00,null,6262,1,1,0,0,0,-77.12,-70.8,Este,A,0,0,0,07:10:00,INT,7.166,00:00:00,00:00:00,26 oct 2026,J,REG
221,1,null,LIM,20 oct 2026,08:35:00,20 oct 2026,20:10:00,1,null,20 oct 2026,Oct-2026,2026Q3,LA,2697,LIM,SCL,LIMSCL,09:35:00,13:00:00,09:35:00,15:00:00,14:35:00,18:00:00,NO,789,BASE,NO,01:00:00,FP,03:25:00,02:55:00,SI,NO,03:00:00,1,1,1,null,1,08:35:00,08:35:00,20 oct 2026,20 oct 2026,08:35:00,20:10:00,20 oct 2026,20:10:00,20 oct 2026,20:10:00,20 oct 2026,11:35:00,13:00:00,null,6262,0,0,1,0,6,-77.12,-70.8,Este," ",0,0,0,07:10:00,INT,7.166,00:00:00,00:00:00,20 oct 2026,J,REG
57,1,null,LIM,4 oct 2026,08:35:00,4 oct 2026,20:10:00,1,null,4 oct 2026,Oct-2026,2026Q3,LA,2697,LIM,SCL,LIMSCL,09:35:00,13:00:00,09:35:00,15:00:00,14:35:00,18:00:00,NO,789,BASE,NO,01:00:00,FP,03:25:00,02:55:00,NO,NO,03:00:00,1,1,1,null,1,08:35:00,08:35:00,4 oct 2026,4 oct 2026,08:35:00,20:10:00,4 oct 2026,20:10:00,4 oct 2026,20:10:00,4 oct 2026,11:35:00,13:00:00,null,6262,0,0,1,0,6,-77.12,-70.8,Este," ",0,0,0,07:10:00,INT,7.166,00:00:00,00:00:00,4 oct 2026,J,REG
18,1,null,LIM,8 oct 2026,08:35:00,8 oct 2026,20:10:00,1,null,8 oct 2026,Oct-2026,2026Q3,LA,2697,LIM,SCL,LIMSCL,09:35:00,13:00:00,09:35:00,15:00:00,14:35:00,18:00:00,NO,789,BASE,NO,01:00:00,FP,03:25:00,02:55:00,SI,NO,03:00:00,1,1,1,null,1,08:35:00,08:35:00,8 oct 2026,8 oct 2026,08:35:00,20:10:00,8 oct 2026,20:10:00,8 oct 2026,20:10:00,8 oct 2026,11:35:00,13:00:00,null,6262,1,1,0,0,0,-77.12,-70.8,Este,A,0,0,0,07:10:00,INT,7.166,00:00:00,00:00:00,8 oct 2026,J,REG
26,1,null,LIM,12 oct 2026,08:35:00,12 oct 2026,20:10:00,1,null,12 oct 2026,Oct-2026,2026Q3,LA,2697,LIM,SCL,LIMSCL,09:35:00,13:00:00,09:35:00,15:00:00,14:35:00,18:00:00,NO,789,BASE,NO,01:00:00,FP,03:25:00,02:55:00,SI,NO,03:00:00,1,1,1,null,1,08:35:00,08:35:00,12 oct 2026,12 oct 2026,08:35:00,20:10:00,12 oct 2026,20:10:00,12 oct 2026,20:10:00,12 oct 2026,11:35:00,13:00:00,null,6262,1,1,0,0,0,-77.12,-70.8,Este,A,0,0,0,07:10:00,INT,7.166,00:00:00,00:00:00,12 oct 2026,J,REG
190,1,null,LIM,17 oct 2026,08:35:00,17 oct 2026,20:10:00,1,null,17 oct 2026,Oct-2026,2026Q3,LA,2697,LIM,SCL,LIMSCL,09:35:00,13:00:00,09:35:00,15:00:00,14:35:00,18:00:00,NO,789,BASE,NO,01:00:00,FP,03:25:00,02:55:00,SI,NO,03:00:00,1,1,1,null,1,08:35:00,08:35:00,17 oct 2026,17 oct 2026,08:35:00,20:10:00,17 oct 2026,20:10:00,17 oct 2026,20:10:00,17 oct 2026,11:35:00,13:00:00,null,6262,0,0,1,0,6,-77.12,-70.8,Este," ",0,0,0,07:10:00,INT,7.166,00:00:00,00:00:00,17 oct 2026,J,REG
304,1,null,LIM,28 oct 2026,08:35:00,28 oct 2026,20:10:00,1,null,28 oct 2026,Oct-2026,2026Q3,LA,2697,LIM,SCL,LIMSCL,09:35:00,13:00:00,09:35:00,15:00:00,14:35:00,18:00:00,NO,789,BASE,NO,01:00:00,FP,03:25:00,02:55:00,SI,SI,03:00:00,1,1,1,1,1,08:35:00,08:35:00,28 oct 2026,28 oct 2026,08:35:00,20:10:00,28 oct 2026,20:10:00,28 oct 2026,20:10:00,28 oct 2026,11:35:00,13:00:00,null,6262,0,0,1,0,6,-77.12,-70.8,Este," ",0,0,0,07:10:00,INT,7.166,00:00:00,00:00:00,28 oct 2026,J,REG
58,1,null,LIM,28 oct 2026,08:35:00,28 oct 2026,20:10:00,1,null,28 oct 2026,Oct-2026,2026Q3,LA,2697,LIM,SCL,LIMSCL,09:35:00,13:00:00,09:35:00,15:00:00,14:35:00,18:00:00,NO,789,BASE,NO,01:00:00,FP,03:25:00,02:55:00,SI,SI,03:00:00,1,1,1,1,1,08:35:00,08:35:00,28 oct 2026,28 oct 2026,08:35:00,20:10:00,28 oct 2026,20:10:00,28 oct 2026,20:10:00,28 oct 2026,11:35:00,13:00:00,null,6262,1,1,0,0,0,-77.12,-70.8,Este,A,0,0,0,07:10:00,INT,7.166,00:00:00,00:00:00,28 oct 2026,J,REG
34,1,null,LIM,16 oct 2026,08:35:00,16 oct 2026,20:10:00,1,null,16 oct 2026,Oct-2026,2026Q3,LA,2697,LIM,SCL,LIMSCL,09:35:00,13:00:00,09:35:00,15:00:00,14:35:00,18:00:00,NO,788,BASE,NO,01:00:00,FP,03:25:00,02:55:00,SI,SI,03:00:00,1,1,1,1,1,08:35:00,08:35:00,16 oct 2026,16 oct 2026,08:35:00,20:10:00,16 oct 2026,20:10:00,16 oct 2026,20:10:00,16 oct 2026,11:35:00,13:00:00,null,6262,1,1,0,0,0,-77.12,-70.8,Este,A,0,0,0,07:10:00,INT,7.166,00:00:00,00:00:00,16 oct 2026,J,REG
42,1,null,LIM,20 oct 2026,08:35:00,20 oct 2026,20:10:00,1,null,20 oct 2026,Oct-2026,2026Q3,LA,2697,LIM,SCL,LIMSCL,09:35:00,13:00:00,09:35:00,15:00:00,14:35:00,18:00:00,NO,789,BASE,NO,01:00:00,FP,03:25:00,02:55:00,SI,NO,03:00:00,1,1,1,null,1,08:35:00,08:35:00,20 oct 2026,20 oct 2026,08:35:00,20:10:00,20 oct 2026,20:10:00,20 oct 2026,20:10:00,20 oct 2026,11:35:00,13:00:00,null,6262,1,1,0,0,0,-77.12,-70.8,Este,A,0,0,0,07:10:00,INT,7.166,00:00:00,00:00:00,20 oct 2026,J,REG
32,1,null,LIM,15 oct 2026,08:35:00,15 oct 2026,20:10:00,1,null,15 oct 2026,Oct-2026,2026Q3,LA,2697,LIM,SCL,LIMSCL,09:35:00,13:00:00,09:35:00,15:00:00,14:35:00,18:00:00,NO,789,BASE,NO,01:00:00,FP,03:25:00,02:55:00,SI,NO,03:00:00,1,1,1,null,1,08:35:00,08:35:00,15 oct 2026,15 oct 2026,08:35:00,20:10:00,15 oct 2026,20:10:00,15 oct 2026,20:10:00,15 oct 2026,11:35:00,13:00:00,null,6262,1,1,0,0,0,-77.12,-70.8,Este,A,0,0,0,07:10:00,INT,7.166,00:00:00,00:00:00,15 oct 2026,J,REG
284,1,null,LIM,26 oct 2026,08:35:00,26 oct 2026,20:10:00,1,null,26 oct 2026,Oct-2026,2026Q3,LA,2697,LIM,SCL,LIMSCL,09:35:00,13:00:00,09:35:00,15:00:00,14:35:00,18:00:00,NO,789,BASE,NO,01:00:00,FP,03:25:00,02:55:00,SI,NO,03:00:00,1,1,1,null,1,08:35:00,08:35:00,26 oct 2026,26 oct 2026,08:35:00,20:10:00,26 oct 2026,20:10:00,26 oct 2026,20:10:00,26 oct 2026,11:35:00,13:00:00,null,6262,0,0,1,0,6,-77.12,-70.8,Este," ",0,0,0,07:10:00,INT,7.166,00:00:00,00:00:00,26 oct 2026,J,REG
316,1,null,LIM,29 oct 2026,08:35:00,29 oct 2026,20:10:00,1,null,29 oct 2026,Oct-2026,2026Q3,LA,2697,LIM,SCL,LIMSCL,09:35:00,13:00:00,09:35:00,15:00:00,14:35:00,18:00:00,NO,789,BASE,NO,01:00:00,FP,03:25:00,02:55:00,SI,NO,03:00:00,1,1,1,null,1,08:35:00,08:35:00,29 oct 2026,29 oct 2026,08:35:00,20:10:00,29 oct 2026,20:10:00,29 oct 2026,20:10:00,29 oct 2026,11:35:00,13:00:00,null,6262,0,0,1,0,6,-77.12,-70.8,Este," ",0,0,0,07:10:00,INT,7.166,00:00:00,00:00:00,29 oct 2026,J,REG
60,1,null,LIM,29 oct 2026,08:35:00,29 oct 2026,20:10:00,1,null,29 oct 2026,Oct-2026,2026Q3,LA,2697,LIM,SCL,LIMSCL,09:35:00,13:00:00,09:35:00,15:00:00,14:35:00,18:00:00,NO,789,BASE,NO,01:00:00,FP,03:25:00,02:55:00,SI,NO,03:00:00,1,1,1,null,1,08:35:00,08:35:00,29 oct 2026,29 oct 2026,08:35:00,20:10:00,29 oct 2026,20:10:00,29 oct 2026,20:10:00,29 oct 2026,11:35:00,13:00:00,null,6262,1,1,0,0,0,-77.12,-70.8,Este,A,0,0,0,07:10:00,INT,7.166,00:00:00,00:00:00,29 oct 2026,J,REG
12,1,null,LIM,5 oct 2026,08:35:00,5 oct 2026,20:10:00,1,null,5 oct 2026,Oct-2026,2026Q3,LA,2697,LIM,SCL,LIMSCL,09:35:00,13:00:00,09:35:00,15:00:00,14:35:00,18:00:00,NO,789,BASE,NO,01:00:00,FP,03:25:00,02:55:00,SI,NO,03:00:00,1,1,1,null,1,08:35:00,08:35:00,5 oct 2026,5 oct 2026,08:35:00,20:10:00,5 oct 2026,20:10:00,5 oct 2026,20:10:00,5 oct 2026,11:35:00,13:00:00,null,6262,1,1,0,0,0,-77.12,-70.8,Este,A,0,0,0,07:10:00,INT,7.166,00:00:00,00:00:00,5 oct 2026,J,REG
62,1,null,LIM,30 oct 2026,08:35:00,30 oct 2026,20:10:00,1,null,30 oct 2026,Oct-2026,2026Q3,LA,2697,LIM,SCL,LIMSCL,09:35:00,13:00:00,09:35:00,15:00:00,14:35:00,18:00:00,NO,788,BASE,NO,01:00:00,FP,03:25:00,02:55:00,SI,NO,03:00:00,1,1,1,null,1,08:35:00,08:35:00,30 oct 2026,30 oct 2026,08:35:00,20:10:00,30 oct 2026,20:10:00,30 oct 2026,20:10:00,30 oct 2026,11:35:00,13:00:00,null,6262,1,1,0,0,0,-77.12,-70.8,Este,A,0,0,0,07:10:00,INT,7.166,00:00:00,00:00:00,30 oct 2026,J,REG
118,1,null,LIM,10 oct 2026,08:35:00,10 oct 2026,20:10:00,1,null,10 oct 2026,Oct-2026,2026Q3,LA,2697,LIM,SCL,LIMSCL,09:35:00,13:00:00,09:35:00,15:00:00,14:35:00,18:00:00,NO,789,BASE,NO,01:00:00,FP,03:25:00,02:55:00,NO,NO,03:00:00,1,1,1,null,1,08:35:00,08:35:00,10 oct 2026,10 oct 2026,08:35:00,20:10:00,10 oct 2026,20:10:00,10 oct 2026,20:10:00,10 oct 2026,11:35:00,13:00:00,null,6262,0,0,1,0,6,-77.12,-70.8,Este," ",0,0,0,07:10:00,INT,7.166,00:00:00,00:00:00,10 oct 2026,J,REG
64,1,null,LIM,31 oct 2026,08:35:00,31 oct 2026,20:10:00,1,null,31 oct 2026,Oct-2026,2026Q3,LA,2697,LIM,SCL,LIMSCL,09:35:00,13:00:00,09:35:00,15:00:00,14:35:00,18:00:00,NO,789,BASE,NO,01:00:00,FP,03:25:00,02:55:00,SI,NO,03:00:00,1,1,1,null,1,08:35:00,08:35:00,31 oct 2026,31 oct 2026,08:35:00,20:10:00,31 oct 2026,20:10:00,31 oct 2026,20:10:00,31 oct 2026,11:35:00,13:00:00,null,6262,1,1,0,0,0,-77.12,-70.8,Este,A,0,0,0,07:10:00,INT,7.166,00:00:00,00:00:00,31 oct 2026,J,REG
20,1,null,LIM,9 oct 2026,08:35:00,9 oct 2026,20:10:00,1,null,9 oct 2026,Oct-2026,2026Q3,LA,2697,LIM,SCL,LIMSCL,09:35:00,13:00:00,09:35:00,15:00:00,14:35:00,18:00:00,NO,788,BASE,NO,01:00:00,FP,03:25:00,02:55:00,NO,NO,03:00:00,1,1,1,null,1,08:35:00,08:35:00,9 oct 2026,9 oct 2026,08:35:00,20:10:00,9 oct 2026,20:10:00,9 oct 2026,20:10:00,9 oct 2026,11:35:00,13:00:00,null,6262,1,1,0,0,0,-77.12,-70.8,Este,A,0,0,0,07:10:00,INT,7.166,00:00:00,00:00:00,9 oct 2026,J,REG
230,1,null,LIM,21 oct 2026,08:35:00,21 oct 2026,20:10:00,1,null,21 oct 2026,Oct-2026,2026Q3,LA,2697,LIM,SCL,LIMSCL,09:35:00,13:00:00,09:35:00,15:00:00,14:35:00,18:00:00,NO,789,BASE,NO,01:00:00,FP,03:25:00,02:55:00,SI,NO,03:00:00,1,1,1,null,1,08:35:00,08:35:00,21 oct 2026,21 oct 2026,08:35:00,20:10:00,21 oct 2026,20:10:00,21 oct 2026,20:10:00,21 oct 2026,11:35:00,13:00:00,null,6262,0,0,1,0,6,-77.12,-70.8,Este," ",0,0,0,07:10:00,INT,7.166,00:00:00,00:00:00,21 oct 2026,J,REG
169,1,null,LIM,15 oct 2026,08:35:00,15 oct 2026,20:10:00,1,null,15 oct 2026,Oct-2026,2026Q3,LA,2697,LIM,SCL,LIMSCL,09:35:00,13:00:00,09:35:00,15:00:00,14:35:00,18:00:00,NO,789,BASE,NO,01:00:00,FP,03:25:00,02:55:00,SI,NO,03:00:00,1,1,1,null,1,08:35:00,08:35:00,15 oct 2026,15 oct 2026,08:35:00,20:10:00,15 oct 2026,20:10:00,15 oct 2026,20:10:00,15 oct 2026,11:35:00,13:00:00,null,6262,0,0,1,0,6,-77.12,-70.8,Este," ",0,0,0,07:10:00,INT,7.166,00:00:00,00:00:00,15 oct 2026,J,REG
324,1,null,LIM,30 oct 2026,08:35:00,30 oct 2026,20:10:00,1,null,30 oct 2026,Oct-2026,2026Q3,LA,2697,LIM,SCL,LIMSCL,09:35:00,13:00:00,09:35:00,15:00:00,14:35:00,18:00:00,NO,788,BASE,NO,01:00:00,FP,03:25:00,02:55:00,SI,NO,03:00:00,1,1,1,null,1,08:35:00,08:35:00,30 oct 2026,30 oct 2026,08:35:00,20:10:00,30 oct 2026,20:10:00,30 oct 2026,20:10:00,30 oct 2026,11:35:00,13:00:00,null,6262,0,0,1,0,6,-77.12,-70.8,Este," ",0,0,0,07:10:00,INT,7.166,00:00:00,00:00:00,30 oct 2026,J,REG
16,1,null,LIM,7 oct 2026,08:35:00,7 oct 2026,20:10:00,1,null,7 oct 2026,Oct-2026,2026Q3,LA,2697,LIM,SCL,LIMSCL,09:35:00,13:00:00,09:35:00,15:00:00,14:35:00,18:00:00,NO,789,BASE,NO,01:00:00,FP,03:25:00,02:55:00,SI,SI,03:00:00,1,1,1,1,1,08:35:00,08:35:00,7 oct 2026,7 oct 2026,08:35:00,20:10:00,7 oct 2026,20:10:00,7 oct 2026,20:10:00,7 oct 2026,11:35:00,13:00:00,null,6262,1,1,0,0,0,-77.12,-70.8,Este,A,0,0,0,07:10:00,INT,7.166,00:00:00,00:00:00,7 oct 2026,J,REG
210,1,null,LIM,19 oct 2026,08:35:00,19 oct 2026,20:10:00,1,null,19 oct 2026,Oct-2026,2026Q3,LA,2697,LIM,SCL,LIMSCL,09:35:00,13:00:00,09:35:00,15:00:00,14:35:00,18:00:00,NO,789,BASE,NO,01:00:00,FP,03:25:00,02:55:00,SI,NO,03:00:00,1,1,1,null,1,08:35:00,08:35:00,19 oct 2026,19 oct 2026,08:35:00,20:10:00,19 oct 2026,20:10:00,19 oct 2026,20:10:00,19 oct 2026,11:35:00,13:00:00,null,6262,0,0,1,0,6,-77.12,-70.8,Este," ",0,0,0,07:10:00,INT,7.166,00:00:00,00:00:00,19 oct 2026,J,REG
87,1,null,LIM,7 oct 2026,08:35:00,7 oct 2026,20:10:00,1,null,7 oct 2026,Oct-2026,2026Q3,LA,2697,LIM,SCL,LIMSCL,09:35:00,13:00:00,09:35:00,15:00:00,14:35:00,18:00:00,NO,789,BASE,NO,01:00:00,FP,03:25:00,02:55:00,SI,SI,03:00:00,1,1,1,1,1,08:35:00,08:35:00,7 oct 2026,7 oct 2026,08:35:00,20:10:00,7 oct 2026,20:10:00,7 oct 2026,20:10:00,7 oct 2026,11:35:00,13:00:00,null,6262,0,0,1,0,6,-77.12,-70.8,Este," ",0,0,0,07:10:00,INT,7.166,00:00:00,00:00:00,7 oct 2026,J,REG
107,1,null,LIM,9 oct 2026,08:35:00,9 oct 2026,20:10:00,1,null,9 oct 2026,Oct-2026,2026Q3,LA,2697,LIM,SCL,LIMSCL,09:35:00,13:00:00,09:35:00,15:00:00,14:35:00,18:00:00,NO,788,BASE,NO,01:00:00,FP,03:25:00,02:55:00,NO,NO,03:00:00,1,1,1,null,1,08:35:00,08:35:00,9 oct 2026,9 oct 2026,08:35:00,20:10:00,9 oct 2026,20:10:00,9 oct 2026,20:10:00,9 oct 2026,11:35:00,13:00:00,null,6262,0,0,1,0,6,-77.12,-70.8,Este," ",0,0,0,07:10:00,INT,7.166,00:00:00,00:00:00,9 oct 2026,J,REG
272,1,null,LIM,25 oct 2026,08:35:00,25 oct 2026,20:10:00,1,null,25 oct 2026,Oct-2026,2026Q3,LA,2697,LIM,SCL,LIMSCL,09:35:00,13:00:00,09:35:00,15:00:00,14:35:00,18:00:00,NO,789,BASE,NO,01:00:00,FP,03:25:00,02:55:00,SI,NO,03:00:00,1,1,1,null,1,08:35:00,08:35:00,25 oct 2026,25 oct 2026,08:35:00,20:10:00,25 oct 2026,20:10:00,25 oct 2026,20:10:00,25 oct 2026,11:35:00,13:00:00,null,6262,0,0,1,0,6,-77.12,-70.8,Este," ",0,0,0,07:10:00,INT,7.166,00:00:00,00:00:00,25 oct 2026,J,REG
8,1,null,LIM,3 oct 2026,08:35:00,3 oct 2026,20:10:00,1,null,3 oct 2026,Oct-2026,2026Q3,LA,2697,LIM,SCL,LIMSCL,09:35:00,13:00:00,09:35:00,15:00:00,14:35:00,18:00:00,NO,789,BASE,NO,01:00:00,FP,03:25:00,02:55:00,SI,NO,03:00:00,1,1,1,null,1,08:35:00,08:35:00,3 oct 2026,3 oct 2026,08:35:00,20:10:00,3 oct 2026,20:10:00,3 oct 2026,20:10:00,3 oct 2026,11:35:00,13:00:00,null,6262,1,1,0,0,0,-77.12,-70.8,Este,A,0,0,0,07:10:00,INT,7.166,00:00:00,00:00:00,3 oct 2026,J,REG
294,1,null,LIM,27 oct 2026,08:35:00,27 oct 2026,20:10:00,1,null,27 oct 2026,Oct-2026,2026Q3,LA,2697,LIM,SCL,LIMSCL,09:35:00,13:00:00,09:35:00,15:00:00,14:35:00,18:00:00,NO,789,BASE,NO,01:00:00,FP,03:25:00,02:55:00,SI,NO,03:00:00,1,1,1,null,1,08:35:00,08:35:00,27 oct 2026,27 oct 2026,08:35:00,20:10:00,27 oct 2026,20:10:00,27 oct 2026,20:10:00,27 oct 2026,11:35:00,13:00:00,null,6262,0,0,1,0,6,-77.12,-70.8,Este," ",0,0,0,07:10:00,INT,7.166,00:00:00,00:00:00,27 oct 2026,J,REG
77,1,null,LIM,6 oct 2026,08:35:00,6 oct 2026,20:10:00,1,null,6 oct 2026,Oct-2026,2026Q3,LA,2697,LIM,SCL,LIMSCL,09:35:00,13:00:00,09:35:00,15:00:00,14:35:00,18:00:00,NO,789,BASE,NO,01:00:00,FP,03:25:00,02:55:00,SI,NO,03:00:00,1,1,1,null,1,08:35:00,08:35:00,6 oct 2026,6 oct 2026,08:35:00,20:10:00,6 oct 2026,20:10:00,6 oct 2026,20:10:00,6 oct 2026,11:35:00,13:00:00,null,6262,0,0,1,0,6,-77.12,-70.8,Este," ",0,0,0,07:10:00,INT,7.166,00:00:00,00:00:00,6 oct 2026,J,REG
28,1,null,LIM,13 oct 2026,08:35:00,13 oct 2026,20:10:00,1,null,13 oct 2026,Oct-2026,2026Q3,LA,2697,LIM,SCL,LIMSCL,09:35:00,13:00:00,09:35:00,15:00:00,14:35:00,18:00:00,NO,789,BASE,NO,01:00:00,FP,03:25:00,02:55:00,SI,NO,03:00:00,1,1,1,null,1,08:35:00,08:35:00,13 oct 2026,13 oct 2026,08:35:00,20:10:00,13 oct 2026,20:10:00,13 oct 2026,20:10:00,13 oct 2026,11:35:00,13:00:00,null,6262,1,1,0,0,0,-77.12,-70.8,Este,A,0,0,0,07:10:00,INT,7.166,00:00:00,00:00:00,13 oct 2026,J,REG
33,1,null,LIM,2 oct 2026,08:35:00,2 oct 2026,20:10:00,1,null,2 oct 2026,Oct-2026,2026Q3,LA,2697,LIM,SCL,LIMSCL,09:35:00,13:00:00,09:35:00,15:00:00,14:35:00,18:00:00,NO,789,BASE,NO,01:00:00,FP,03:25:00,02:55:00,SI,NO,03:00:00,1,1,1,null,1,08:35:00,08:35:00,2 oct 2026,2 oct 2026,08:35:00,20:10:00,2 oct 2026,20:10:00,2 oct 2026,20:10:00,2 oct 2026,11:35:00,13:00:00,null,6262,0,0,1,0,6,-77.12,-70.8,Este," ",0,0,0,07:10:00,INT,7.166,00:00:00,00:00:00,2 oct 2026,J,REG
46,1,null,LIM,22 oct 2026,08:35:00,22 oct 2026,20:10:00,1,null,22 oct 2026,Oct-2026,2026Q3,LA,2697,LIM,SCL,LIMSCL,09:35:00,13:00:00,09:35:00,15:00:00,14:35:00,18:00:00,NO,789,BASE,NO,01:00:00,FP,03:25:00,02:55:00,SI,NO,03:00:00,1,1,1,null,1,08:35:00,08:35:00,22 oct 2026,22 oct 2026,08:35:00,20:10:00,22 oct 2026,20:10:00,22 oct 2026,20:10:00,22 oct 2026,11:35:00,13:00:00,null,6262,1,1,0,0,0,-77.12,-70.8,Este,A,0,0,0,07:10:00,INT,7.166,00:00:00,00:00:00,22 oct 2026,J,REG
14,1,null,LIM,6 oct 2026,08:35:00,6 oct 2026,20:10:00,1,null,6 oct 2026,Oct-2026,2026Q3,LA,2697,LIM,SCL,LIMSCL,09:35:00,13:00:00,09:35:00,15:00:00,14:35:00,18:00:00,NO,789,BASE,NO,01:00:00,FP,03:25:00,02:55:00,SI,NO,03:00:00,1,1,1,null,1,08:35:00,08:35:00,6 oct 2026,6 oct 2026,08:35:00,20:10:00,6 oct 2026,20:10:00,6 oct 2026,20:10:00,6 oct 2026,11:35:00,13:00:00,null,6262,1,1,0,0,0,-77.12,-70.8,Este,A,0,0,0,07:10:00,INT,7.166,00:00:00,00:00:00,6 oct 2026,J,REG
22,1,null,LIM,10 oct 2026,08:35:00,10 oct 2026,20:10:00,1,null,10 oct 2026,Oct-2026,2026Q3,LA,2697,LIM,SCL,LIMSCL,09:35:00,13:00:00,09:35:00,15:00:00,14:35:00,18:00:00,NO,789,BASE,NO,01:00:00,FP,03:25:00,02:55:00,NO,NO,03:00:00,1,1,1,null,1,08:35:00,08:35:00,10 oct 2026,10 oct 2026,08:35:00,20:10:00,10 oct 2026,20:10:00,10 oct 2026,20:10:00,10 oct 2026,11:35:00,13:00:00,null,6262,1,1,0,0,0,-77.12,-70.8,Este,A,0,0,0,07:10:00,INT,7.166,00:00:00,00:00:00,10 oct 2026,J,REG
40,1,null,LIM,19 oct 2026,08:35:00,19 oct 2026,20:10:00,1,null,19 oct 2026,Oct-2026,2026Q3,LA,2697,LIM,SCL,LIMSCL,09:35:00,13:00:00,09:35:00,15:00:00,14:35:00,18:00:00,NO,789,BASE,NO,01:00:00,FP,03:25:00,02:55:00,SI,NO,03:00:00,1,1,1,null,1,08:35:00,08:35:00,19 oct 2026,19 oct 2026,08:35:00,20:10:00,19 oct 2026,20:10:00,19 oct 2026,20:10:00,19 oct 2026,11:35:00,13:00:00,null,6262,1,1,0,0,0,-77.12,-70.8,Este,A,0,0,0,07:10:00,INT,7.166,00:00:00,00:00:00,19 oct 2026,J,REG
139,1,null,LIM,12 oct 2026,08:35:00,12 oct 2026,20:10:00,1,null,12 oct 2026,Oct-2026,2026Q3,LA,2697,LIM,SCL,LIMSCL,09:35:00,13:00:00,09:35:00,15:00:00,14:35:00,18:00:00,NO,789,BASE,NO,01:00:00,FP,03:25:00,02:55:00,SI,NO,03:00:00,1,1,1,null,1,08:35:00,08:35:00,12 oct 2026,12 oct 2026,08:35:00,20:10:00,12 oct 2026,20:10:00,12 oct 2026,20:10:00,12 oct 2026,11:35:00,13:00:00,null,6262,0,0,1,0,6,-77.12,-70.8,Este," ",0,0,0,07:10:00,INT,7.166,00:00:00,00:00:00,12 oct 2026,J,REG
67,1,null,LIM,5 oct 2026,08:35:00,5 oct 2026,20:10:00,1,null,5 oct 2026,Oct-2026,2026Q3,LA,2697,LIM,SCL,LIMSCL,09:35:00,13:00:00,09:35:00,15:00:00,14:35:00,18:00:00,NO,789,BASE,NO,01:00:00,FP,03:25:00,02:55:00,SI,NO,03:00:00,1,1,1,null,1,08:35:00,08:35:00,5 oct 2026,5 oct 2026,08:35:00,20:10:00,5 oct 2026,20:10:00,5 oct 2026,20:10:00,5 oct 2026,11:35:00,13:00:00,null,6262,0,0,1,0,6,-77.12,-70.8,Este," ",0,0,0,07:10:00,INT,7.166,00:00:00,00:00:00,5 oct 2026,J,REG
50,1,null,LIM,24 oct 2026,08:35:00,24 oct 2026,20:10:00,1,null,24 oct 2026,Oct-2026,2026Q3,LA,2697,LIM,SCL,LIMSCL,09:35:00,13:00:00,09:35:00,15:00:00,14:35:00,18:00:00,NO,789,BASE,NO,01:00:00,FP,03:25:00,02:55:00,SI,NO,03:00:00,1,1,1,null,1,08:35:00,08:35:00,24 oct 2026,24 oct 2026,08:35:00,20:10:00,24 oct 2026,20:10:00,24 oct 2026,20:10:00,24 oct 2026,11:35:00,13:00:00,null,6262,1,1,0,0,0,-77.12,-70.8,Este,A,0,0,0,07:10:00,INT,7.166,00:00:00,00:00:00,24 oct 2026,J,REG
56,1,null,LIM,27 oct 2026,08:35:00,27 oct 2026,20:10:00,1,null,27 oct 2026,Oct-2026,2026Q3,LA,2697,LIM,SCL,LIMSCL,09:35:00,13:00:00,09:35:00,15:00:00,14:35:00,18:00:00,NO,789,BASE,NO,01:00:00,FP,03:25:00,02:55:00,SI,NO,03:00:00,1,1,1,null,1,08:35:00,08:35:00,27 oct 2026,27 oct 2026,08:35:00,20:10:00,27 oct 2026,20:10:00,27 oct 2026,20:10:00,27 oct 2026,11:35:00,13:00:00,null,6262,1,1,0,0,0,-77.12,-70.8,Este,A,0,0,0,07:10:00,INT,7.166,00:00:00,00:00:00,27 oct 2026,J,REG
200,1,null,LIM,18 oct 2026,08:35:00,18 oct 2026,20:10:00,1,null,18 oct 2026,Oct-2026,2026Q3,LA,2697,LIM,SCL,LIMSCL,09:35:00,13:00:00,09:35:00,15:00:00,14:35:00,18:00:00,NO,789,BASE,NO,01:00:00,FP,03:25:00,02:55:00,NO,NO,03:00:00,1,1,1,null,1,08:35:00,08:35:00,18 oct 2026,18 oct 2026,08:35:00,20:10:00,18 oct 2026,20:10:00,18 oct 2026,20:10:00,18 oct 2026,11:35:00,13:00:00,null,6262,0,0,1,0,6,-77.12,-70.8,Este," ",0,0,0,07:10:00,INT,7.166,00:00:00,00:00:00,18 oct 2026,J,REG
48,1,null,LIM,23 oct 2026,08:35:00,23 oct 2026,20:10:00,1,null,23 oct 2026,Oct-2026,2026Q3,LA,2697,LIM,SCL,LIMSCL,09:35:00,13:00:00,09:35:00,15:00:00,14:35:00,18:00:00,NO,789,BASE,NO,01:00:00,FP,03:25:00,02:55:00,SI,NO,03:00:00,1,1,1,null,1,08:35:00,08:35:00,23 oct 2026,23 oct 2026,08:35:00,20:10:00,23 oct 2026,20:10:00,23 oct 2026,20:10:00,23 oct 2026,11:35:00,13:00:00,null,6262,1,1,0,0,0,-77.12,-70.8,Este,A,0,0,0,07:10:00,INT,7.166,00:00:00,00:00:00,23 oct 2026,J,REG
335,1,null,LIM,31 oct 2026,08:35:00,31 oct 2026,20:10:00,1,null,31 oct 2026,Oct-2026,2026Q3,LA,2697,LIM,SCL,LIMSCL,09:35:00,13:00:00,09:35:00,15:00:00,14:35:00,18:00:00,NO,789,BASE,NO,01:00:00,FP,03:25:00,02:55:00,SI,NO,03:00:00,1,1,1,null,1,08:35:00,08:35:00,31 oct 2026,31 oct 2026,08:35:00,20:10:00,31 oct 2026,20:10:00,31 oct 2026,20:10:00,31 oct 2026,11:35:00,13:00:00,null,6262,0,0,1,0,6,-77.12,-70.8,Este," ",0,0,0,07:10:00,INT,7.166,00:00:00,00:00:00,31 oct 2026,J,REG
4,1,null,LIM,1 oct 2026,08:35:00,1 oct 2026,20:10:00,1,null,1 oct 2026,Oct-2026,2026Q3,LA,2697,LIM,SCL,LIMSCL,09:35:00,13:00:00,09:35:00,15:00:00,14:35:00,18:00:00,NO,788,BASE,NO,01:00:00,FP,03:25:00,02:55:00,SI,SI,03:00:00,1,1,1,1,1,08:35:00,08:35:00,1 oct 2026,1 oct 2026,08:35:00,20:10:00,1 oct 2026,20:10:00,1 oct 2026,20:10:00,1 oct 2026,11:35:00,13:00:00,null,6262,1,1,0,0,0,-77.12,-70.8,Este,A,0,0,0,07:10:00,INT,7.166,00:00:00,00:00:00,1 oct 2026,J,REG
44,1,null,LIM,21 oct 2026,08:35:00,21 oct 2026,20:10:00,1,null,21 oct 2026,Oct-2026,2026Q3,LA,2697,LIM,SCL,LIMSCL,09:35:00,13:00:00,09:35:00,15:00:00,14:35:00,18:00:00,NO,789,BASE,NO,01:00:00,FP,03:25:00,02:55:00,SI,NO,03:00:00,1,1,1,null,1,08:35:00,08:35:00,21 oct 2026,21 oct 2026,08:35:00,20:10:00,21 oct 2026,20:10:00,21 oct 2026,20:10:00,21 oct 2026,11:35:00,13:00:00,null,6262,1,1,0,0,0,-77.12,-70.8,Este,A,0,0,0,07:10:00,INT,7.166,00:00:00,00:00:00,21 oct 2026,J,REG
262,1,null,LIM,24 oct 2026,08:35:00,24 oct 2026,20:10:00,1,null,24 oct 2026,Oct-2026,2026Q3,LA,2697,LIM,SCL,LIMSCL,09:35:00,13:00:00,09:35:00,15:00:00,14:35:00,18:00:00,NO,789,BASE,NO,01:00:00,FP,03:25:00,02:55:00,SI,NO,03:00:00,1,1,1,null,1,08:35:00,08:35:00,24 oct 2026,24 oct 2026,08:35:00,20:10:00,24 oct 2026,20:10:00,24 oct 2026,20:10:00,24 oct 2026,11:35:00,13:00:00,null,6262,0,0,1,0,6,-77.12,-70.8,Este," ",0,0,0,07:10:00,INT,7.166,00:00:00,00:00:00,24 oct 2026,J,REG
24,1,null,LIM,1 oct 2026,08:35:00,1 oct 2026,20:10:00,1,null,1 oct 2026,Oct-2026,2026Q3,LA,2697,LIM,SCL,LIMSCL,09:35:00,13:00:00,09:35:00,15:00:00,14:35:00,18:00:00,NO,788,BASE,NO,01:00:00,FP,03:25:00,02:55:00,SI,SI,03:00:00,1,1,1,1,1,08:35:00,08:35:00,1 oct 2026,1 oct 2026,08:35:00,20:10:00,1 oct 2026,20:10:00,1 oct 2026,20:10:00,1 oct 2026,11:35:00,13:00:00,null,6262,0,0,1,0,6,-77.12,-70.8,Este," ",0,0,0,07:10:00,INT,7.166,00:00:00,00:00:00,1 oct 2026,J,REG
24,1,null,LIM,11 oct 2026,08:35:00,11 oct 2026,20:10:00,1,null,11 oct 2026,Oct-2026,2026Q3,LA,2697,LIM,SCL,LIMSCL,09:35:00,13:00:00,09:35:00,15:00:00,14:35:00,18:00:00,NO,788,BASE,NO,01:00:00,FP,03:25:00,02:55:00,SI,SI,03:00:00,1,1,1,1,1,08:35:00,08:35:00,11 oct 2026,11 oct 2026,08:35:00,20:10:00,11 oct 2026,20:10:00,11 oct 2026,20:10:00,11 oct 2026,11:35:00,13:00:00,null,6262,1,1,0,0,0,-77.12,-70.8,Este,A,0,0,0,07:10:00,INT,7.166,00:00:00,00:00:00,11 oct 2026,J,REG
179,1,null,LIM,16 oct 2026,08:35:00,16 oct 2026,20:10:00,1,null,16 oct 2026,Oct-2026,2026Q3,LA,2697,LIM,SCL,LIMSCL,09:35:00,13:00:00,09:35:00,15:00:00,14:35:00,18:00:00,NO,788,BASE,NO,01:00:00,FP,03:25:00,02:55:00,SI,SI,03:00:00,1,1,1,1,1,08:35:00,08:35:00,16 oct 2026,16 oct 2026,08:35:00,20:10:00,16 oct 2026,20:10:00,16 oct 2026,20:10:00,16 oct 2026,11:35:00,13:00:00,null,6262,0,0,1,0,6,-77.12,-70.8,Este," ",0,0,0,07:10:00,INT,7.166,00:00:00,00:00:00,16 oct 2026,J,REG
30,1,null,LIM,14 oct 2026,08:35:00,14 oct 2026,20:10:00,1,null,14 oct 2026,Oct-2026,2026Q3,LA,2697,LIM,SCL,LIMSCL,09:35:00,13:00:00,09:35:00,15:00:00,14:35:00,18:00:00,NO,789,BASE,NO,01:00:00,FP,03:25:00,02:55:00,SI,SI,03:00:00,1,1,1,1,1,08:35:00,08:35:00,14 oct 2026,14 oct 2026,08:35:00,20:10:00,14 oct 2026,20:10:00,14 oct 2026,20:10:00,14 oct 2026,11:35:00,13:00:00,null,6262,1,1,0,0,0,-77.12,-70.8,Este,A,0,0,0,07:10:00,INT,7.166,00:00:00,00:00:00,14 oct 2026,J,REG
250,1,null,LIM,23 oct 2026,08:35:00,23 oct 2026,20:10:00,1,null,23 oct 2026,Oct-2026,2026Q3,LA,2697,LIM,SCL,LIMSCL,09:35:00,13:00:00,09:35:00,15:00:00,14:35:00,18:00:00,NO,789,BASE,NO,01:00:00,FP,03:25:00,02:55:00,SI,NO,03:00:00,1,1,1,null,1,08:35:00,08:35:00,23 oct 2026,23 oct 2026,08:35:00,20:10:00,23 oct 2026,20:10:00,23 oct 2026,20:10:00,23 oct 2026,11:35:00,13:00:00,null,6262,0,0,1,0,6,-77.12,-70.8,Este," ",0,0,0,07:10:00,INT,7.166,00:00:00,00:00:00,23 oct 2026,J,REG
10,1,null,LIM,4 oct 2026,08:35:00,4 oct 2026,20:10:00,1,null,4 oct 2026,Oct-2026,2026Q3,LA,2697,LIM,SCL,LIMSCL,09:35:00,13:00:00,09:35:00,15:00:00,14:35:00,18:00:00,NO,789,BASE,NO,01:00:00,FP,03:25:00,02:55:00,NO,NO,03:00:00,1,1,1,null,1,08:35:00,08:35:00,4 oct 2026,4 oct 2026,08:35:00,20:10:00,4 oct 2026,20:10:00,4 oct 2026,20:10:00,4 oct 2026,11:35:00,13:00:00,null,6262,1,1,0,0,0,-77.12,-70.8,Este,A,0,0,0,07:10:00,INT,7.166,00:00:00,00:00:00,4 oct 2026,J,REG
45,1,null,LIM,3 oct 2026,08:35:00,3 oct 2026,20:10:00,1,null,3 oct 2026,Oct-2026,2026Q3,LA,2697,LIM,SCL,LIMSCL,09:35:00,13:00:00,09:35:00,15:00:00,14:35:00,18:00:00,NO,789,BASE,NO,01:00:00,FP,03:25:00,02:55:00,SI,NO,03:00:00,1,1,1,null,1,08:35:00,08:35:00,3 oct 2026,3 oct 2026,08:35:00,20:10:00,3 oct 2026,20:10:00,3 oct 2026,20:10:00,3 oct 2026,11:35:00,13:00:00,null,6262,0,0,1,0,6,-77.12,-70.8,Este," ",0,0,0,07:10:00,INT,7.166,00:00:00,00:00:00,3 oct 2026,J,REG
241,1,null,LIM,22 oct 2026,08:35:00,22 oct 2026,20:10:00,1,null,22 oct 2026,Oct-2026,2026Q3,LA,2697,LIM,SCL,LIMSCL,09:35:00,13:00:00,09:35:00,15:00:00,14:35:00,18:00:00,NO,789,BASE,NO,01:00:00,FP,03:25:00,02:55:00,SI,NO,03:00:00,1,1,1,null,1,08:35:00,08:35:00,22 oct 2026,22 oct 2026,08:35:00,20:10:00,22 oct 2026,20:10:00,22 oct 2026,20:10:00,22 oct 2026,11:35:00,13:00:00,null,6262,0,0,1,0,6,-77.12,-70.8,Este," ",0,0,0,07:10:00,INT,7.166,00:00:00,00:00:00,22 oct 2026,J,REG
66,4,null,LIM,5 oct 2026,08:25:00,8 oct 2026,01:40:00,1,null,5 oct 2026,Oct-2026,2026Q3,LA,2424,LIM,GRU,LIMGRU,09:25:00,14:15:00,09:25:00,16:15:00,14:25:00,19:15:00,NO,763,BASE,NO,01:00:00,FP,04:50:00,null,SI,NO,04:00:00,1,1,1,null,null,08:25:00,08:25:00,5 oct 2026,5 oct 2026,08:25:00,16:45:00,5 oct 2026,14:45:00,5 oct 2026,14:45:00,5 oct 2026,06:20:00,13:00:00,51:55:00,5978,0,0,1,0,4,-77.12,-46.47,Este," ",0,0,0,04:50:00,INT,2.583,00:00:00,00:00:00,5 oct 2026,J,REG
69,3,null,LIM,8 oct 2026,08:25:00,10 oct 2026,01:40:00,1,null,8 oct 2026,Oct-2026,2026Q3,LA,2424,LIM,GRU,LIMGRU,09:25:00,14:15:00,09:25:00,16:15:00,14:25:00,19:15:00,NO,763,BASE,NO,01:00:00,FP,04:50:00,null,SI,NO,04:00:00,1,1,1,null,null,08:25:00,08:25:00,8 oct 2026,8 oct 2026,08:25:00,16:45:00,8 oct 2026,14:45:00,8 oct 2026,14:45:00,8 oct 2026,06:20:00,13:00:00,27:55:00,5978,1,1,0,0,0,-77.12,-46.47,Este,A,0,0,0,04:50:00,INT,3.444,00:00:00,00:00:00,8 oct 2026,J,REG
41,4,null,LIM,4 oct 2026,08:25:00,7 oct 2026,23:00:00,1,null,4 oct 2026,Oct-2026,2026Q3,LA,2424,LIM,GRU,LIMGRU,09:25:00,14:15:00,09:25:00,16:15:00,14:25:00,19:15:00,NO,763,BASE,NO,01:00:00,FP,04:50:00,null,SI,NO,04:00:00,1,1,1,null,null,08:25:00,08:25:00,4 oct 2026,4 oct 2026,08:25:00,16:45:00,4 oct 2026,14:45:00,4 oct 2026,14:45:00,4 oct 2026,06:20:00,13:00:00,73:25:00,5978,1,1,0,0,0,-77.12,-46.47,Este,A,0,0,0,04:50:00,INT,2.541,00:00:00,00:00:00,4 oct 2026,J,REG
76,4,null,LIM,9 oct 2026,08:25:00,12 oct 2026,01:40:00,1,null,9 oct 2026,Oct-2026,2026Q3,LA,2424,LIM,GRU,LIMGRU,09:25:00,14:15:00,09:25:00,16:15:00,14:25:00,19:15:00,NO,763,BASE,NO,01:00:00,FP,04:50:00,null,SI,NO,04:00:00,1,1,1,null,null,08:25:00,08:25:00,9 oct 2026,9 oct 2026,08:25:00,16:45:00,9 oct 2026,14:45:00,9 oct 2026,14:45:00,9 oct 2026,06:20:00,13:00:00,51:55:00,5978,1,1,0,0,0,-77.12,-46.47,Este,A,0,0,0,04:50:00,INT,2.583,00:00:00,00:00:00,9 oct 2026,J,REG
106,4,null,LIM,9 oct 2026,08:25:00,12 oct 2026,01:40:00,1,null,9 oct 2026,Oct-2026,2026Q3,LA,2424,LIM,GRU,LIMGRU,09:25:00,14:15:00,09:25:00,16:15:00,14:25:00,19:15:00,NO,763,BASE,NO,01:00:00,FP,04:50:00,null,SI,NO,04:00:00,1,1,1,null,null,08:25:00,08:25:00,9 oct 2026,9 oct 2026,08:25:00,16:45:00,9 oct 2026,14:45:00,9 oct 2026,14:45:00,9 oct 2026,06:20:00,13:00:00,51:55:00,5978,0,0,1,0,4,-77.12,-46.47,Este," ",0,0,0,04:50:00,INT,2.583,00:00:00,00:00:00,9 oct 2026,J,REG
178,2,null,LIM,16 oct 2026,08:25:00,17 oct 2026,23:00:00,1,null,16 oct 2026,Oct-2026,2026Q3,LA,2424,LIM,GRU,LIMGRU,09:25:00,14:15:00,09:25:00,16:15:00,14:25:00,19:15:00,NO,763,BASE,NO,01:00:00,FP,04:50:00,null,SI,SI,04:00:00,1,1,1,null,null,08:25:00,08:25:00,16 oct 2026,16 oct 2026,08:25:00,16:45:00,16 oct 2026,14:45:00,16 oct 2026,14:45:00,16 oct 2026,06:20:00,13:00:00,25:25:00,5978,0,0,1,0,4,-77.12,-46.47,Este," ",0,0,0,04:50:00,INT,2.416,00:00:00,00:00:00,16 oct 2026,J,REG
86,2,null,LIM,7 oct 2026,08:25:00,8 oct 2026,23:00:00,1,null,7 oct 2026,Oct-2026,2026Q3,LA,2424,LIM,GRU,LIMGRU,09:25:00,14:15:00,09:25:00,16:15:00,14:25:00,19:15:00,NO,763,BASE,NO,01:00:00,FP,04:50:00,null,SI,NO,04:00:00,1,1,1,null,null,08:25:00,08:25:00,7 oct 2026,7 oct 2026,08:25:00,16:45:00,7 oct 2026,14:45:00,7 oct 2026,14:45:00,7 oct 2026,06:20:00,13:00:00,25:25:00,5978,0,0,1,0,4,-77.12,-46.47,Este," ",0,0,0,04:50:00,INT,5.083,00:00:00,00:00:00,7 oct 2026,J,REG
127,2,null,LIM,16 oct 2026,08:25:00,17 oct 2026,23:00:00,1,null,16 oct 2026,Oct-2026,2026Q3,LA,2424,LIM,GRU,LIMGRU,09:25:00,14:15:00,09:25:00,16:15:00,14:25:00,19:15:00,NO,763,BASE,NO,01:00:00,FP,04:50:00,null,SI,SI,04:00:00,1,1,1,null,null,08:25:00,08:25:00,16 oct 2026,16 oct 2026,08:25:00,16:45:00,16 oct 2026,14:45:00,16 oct 2026,14:45:00,16 oct 2026,06:20:00,13:00:00,25:25:00,5978,1,1,0,0,0,-77.12,-46.47,Este,A,0,0,0,04:50:00,INT,2.416,00:00:00,00:00:00,16 oct 2026,J,REG
168,3,null,LIM,15 oct 2026,08:25:00,17 oct 2026,01:40:00,1,null,15 oct 2026,Oct-2026,2026Q3,LA,2424,LIM,GRU,LIMGRU,09:25:00,14:15:00,09:25:00,16:15:00,14:25:00,19:15:00,NO,763,BASE,NO,01:00:00,FP,04:50:00,null,SI,NO,04:00:00,1,1,1,null,null,08:25:00,08:25:00,15 oct 2026,15 oct 2026,08:25:00,16:45:00,15 oct 2026,14:45:00,15 oct 2026,14:45:00,15 oct 2026,06:20:00,13:00:00,27:55:00,5978,0,0,1,0,4,-77.12,-46.47,Este," ",0,0,0,04:50:00,INT,3.444,00:00:00,00:00:00,15 oct 2026,J,REG
56,4,null,LIM,4 oct 2026,08:25:00,7 oct 2026,23:00:00,1,null,4 oct 2026,Oct-2026,2026Q3,LA,2424,LIM,GRU,LIMGRU,09:25:00,14:15:00,09:25:00,16:15:00,14:25:00,19:15:00,NO,763,BASE,NO,01:00:00,FP,04:50:00,null,SI,NO,04:00:00,1,1,1,null,null,08:25:00,08:25:00,4 oct 2026,4 oct 2026,08:25:00,16:45:00,4 oct 2026,14:45:00,4 oct 2026,14:45:00,4 oct 2026,06:20:00,13:00:00,73:25:00,5978,0,0,1,0,4,-77.12,-46.47,Este," ",0,0,0,04:50:00,INT,2.541,00:00:00,00:00:00,4 oct 2026,J,REG
62,2,null,LIM,7 oct 2026,08:25:00,8 oct 2026,23:00:00,1,null,7 oct 2026,Oct-2026,2026Q3,LA,2424,LIM,GRU,LIMGRU,09:25:00,14:15:00,09:25:00,16:15:00,14:25:00,19:15:00,NO,763,BASE,NO,01:00:00,FP,04:50:00,null,SI,NO,04:00:00,1,1,1,null,null,08:25:00,08:25:00,7 oct 2026,7 oct 2026,08:25:00,16:45:00,7 oct 2026,14:45:00,7 oct 2026,14:45:00,7 oct 2026,06:20:00,13:00:00,25:25:00,5978,1,1,0,0,0,-77.12,-46.47,Este,A,0,0,0,04:50:00,INT,5.083,00:00:00,00:00:00,7 oct 2026,J,REG
113,3,null,LIM,14 oct 2026,08:25:00,16 oct 2026,23:00:00,1,null,14 oct 2026,Oct-2026,2026Q3,LA,2424,LIM,GRU,LIMGRU,09:25:00,14:15:00,09:25:00,16:15:00,14:25:00,19:15:00,NO,763,BASE,NO,01:00:00,FP,04:50:00,null,SI,NO,04:00:00,1,1,1,null,null,08:25:00,08:25:00,14 oct 2026,14 oct 2026,08:25:00,16:45:00,14 oct 2026,14:45:00,14 oct 2026,14:45:00,14 oct 2026,06:20:00,13:00:00,49:25:00,5978,1,1,0,0,0,-77.12,-46.47,Este,A,0,0,0,04:50:00,INT,3.388,00:00:00,00:00:00,14 oct 2026,J,REG
120,3,null,LIM,15 oct 2026,08:25:00,17 oct 2026,01:40:00,1,null,15 oct 2026,Oct-2026,2026Q3,LA,2424,LIM,GRU,LIMGRU,09:25:00,14:15:00,09:25:00,16:15:00,14:25:00,19:15:00,NO,763,BASE,NO,01:00:00,FP,04:50:00,null,SI,NO,04:00:00,1,1,1,null,null,08:25:00,08:25:00,15 oct 2026,15 oct 2026,08:25:00,16:45:00,15 oct 2026,14:45:00,15 oct 2026,14:45:00,15 oct 2026,06:20:00,13:00:00,27:55:00,5978,1,1,0,0,0,-77.12,-46.47,Este,A,0,0,0,04:50:00,INT,3.444,00:00:00,00:00:00,15 oct 2026,J,REG
96,3,null,LIM,8 oct 2026,08:25:00,10 oct 2026,01:40:00,1,null,8 oct 2026,Oct-2026,2026Q3,LA,2424,LIM,GRU,LIMGRU,09:25:00,14:15:00,09:25:00,16:15:00,14:25:00,19:15:00,NO,763,BASE,NO,01:00:00,FP,04:50:00,null,SI,NO,04:00:00,1,1,1,null,null,08:25:00,08:25:00,8 oct 2026,8 oct 2026,08:25:00,16:45:00,8 oct 2026,14:45:00,8 oct 2026,14:45:00,8 oct 2026,06:20:00,13:00:00,27:55:00,5978,0,0,1,0,4,-77.12,-46.47,Este," ",0,0,0,04:50:00,INT,3.444,00:00:00,00:00:00,8 oct 2026,J,REG
158,3,null,LIM,14 oct 2026,08:25:00,16 oct 2026,23:00:00,1,null,14 oct 2026,Oct-2026,2026Q3,LA,2424,LIM,GRU,LIMGRU,09:25:00,14:15:00,09:25:00,16:15:00,14:25:00,19:15:00,NO,763,BASE,NO,01:00:00,FP,04:50:00,null,SI,NO,04:00:00,1,1,1,null,null,08:25:00,08:25:00,14 oct 2026,14 oct 2026,08:25:00,16:45:00,14 oct 2026,14:45:00,14 oct 2026,14:45:00,14 oct 2026,06:20:00,13:00:00,49:25:00,5978,0,0,1,0,4,-77.12,-46.47,Este," ",0,0,0,04:50:00,INT,3.388,00:00:00,00:00:00,14 oct 2026,J,REG
48,4,null,LIM,5 oct 2026,08:25:00,8 oct 2026,01:40:00,1,null,5 oct 2026,Oct-2026,2026Q3,LA,2424,LIM,GRU,LIMGRU,09:25:00,14:15:00,09:25:00,16:15:00,14:25:00,19:15:00,NO,763,BASE,NO,01:00:00,FP,04:50:00,null,SI,NO,04:00:00,1,1,1,null,null,08:25:00,08:25:00,5 oct 2026,5 oct 2026,08:25:00,16:45:00,5 oct 2026,14:45:00,5 oct 2026,14:45:00,5 oct 2026,06:20:00,13:00:00,51:55:00,5978,1,1,0,0,0,-77.12,-46.47,Este,A,0,0,0,04:50:00,INT,2.583,00:00:00,00:00:00,5 oct 2026,J,REG
84,3,null,LIM,10 oct 2026,07:15:00,12 oct 2026,22:30:00,1,null,10 oct 2026,Oct-2026,2026Q3,LA,2698,LIM,MIA,LIMMIA,08:15:00,14:10:00,08:15:00,15:10:00,13:15:00,19:10:00,NO,763,BASE,NO,01:00:00,FP,05:55:00,null,SI,NO,03:00:00,1,1,1,null,null,07:15:00,07:15:00,10 oct 2026,10 oct 2026,07:15:00,15:40:00,10 oct 2026,14:40:00,10 oct 2026,14:40:00,10 oct 2026,07:25:00,13:00:00,48:30:00,5960,1,1,0,0,0,-77.12,-80.28,Oeste,A,0,0,0,05:55:00,INT,3.916,00:00:00,00:00:00,10 oct 2026,J,INT
23,3,null,LIM,1 oct 2026,07:15:00,3 oct 2026,05:30:00,1,null,1 oct 2026,Oct-2026,2026Q3,LA,2698,LIM,MIA,LIMMIA,08:15:00,14:10:00,08:15:00,15:10:00,13:15:00,19:10:00,NO,763,BASE,NO,01:00:00,FP,05:55:00,null,SI,NO,03:00:00,1,1,1,null,null,07:15:00,07:15:00,1 oct 2026,1 oct 2026,07:15:00,15:40:00,1 oct 2026,14:40:00,1 oct 2026,14:40:00,1 oct 2026,07:25:00,13:00:00,31:35:00,5960,0,0,1,0,4,-77.12,-80.28,Oeste," ",0,0,0,05:55:00,INT,3.888,00:00:00,00:00:00,1 oct 2026,J,INT
32,4,null,LIM,3 oct 2026,07:15:00,6 oct 2026,05:30:00,1,null,3 oct 2026,Oct-2026,2026Q3,LA,2698,LIM,MIA,LIMMIA,08:15:00,14:10:00,08:15:00,15:10:00,13:15:00,19:10:00,NO,763,BASE,NO,01:00:00,FP,05:55:00,null,SI,NO,03:00:00,1,1,1,null,null,07:15:00,07:15:00,3 oct 2026,3 oct 2026,07:15:00,15:40:00,3 oct 2026,14:40:00,3 oct 2026,14:40:00,3 oct 2026,07:25:00,13:00:00,55:35:00,5960,1,1,0,0,0,-77.12,-80.28,Oeste,A,0,0,0,05:55:00,INT,2.916,00:00:00,00:00:00,3 oct 2026,J,INT
157,4,null,LIM,20 oct 2026,07:15:00,23 oct 2026,05:30:00,1,null,20 oct 2026,Oct-2026,2026Q3,LA,2698,LIM,MIA,LIMMIA,08:15:00,14:10:00,08:15:00,15:10:00,13:15:00,19:10:00,NO,763,BASE,NO,01:00:00,FP,05:55:00,null,SI,NO,03:00:00,1,1,1,null,null,07:15:00,07:15:00,20 oct 2026,20 oct 2026,07:15:00,15:40:00,20 oct 2026,14:40:00,20 oct 2026,14:40:00,20 oct 2026,07:25:00,13:00:00,55:35:00,5960,1,1,0,0,0,-77.12,-80.28,Oeste,A,0,0,0,05:55:00,INT,2.916,00:00:00,00:00:00,20 oct 2026,J,INT
99,2,null,LIM,12 oct 2026,07:15:00,13 oct 2026,22:30:00,1,null,12 oct 2026,Oct-2026,2026Q3,LA,2698,LIM,MIA,LIMMIA,08:15:00,14:10:00,08:15:00,15:10:00,13:15:00,19:10:00,NO,763,BASE,NO,01:00:00,FP,05:55:00,null,SI,NO,03:00:00,1,1,1,null,null,07:15:00,07:15:00,12 oct 2026,12 oct 2026,07:15:00,15:40:00,12 oct 2026,14:40:00,12 oct 2026,14:40:00,12 oct 2026,07:25:00,13:00:00,24:30:00,5960,1,1,0,0,0,-77.12,-80.28,Oeste,A,0,0,0,05:55:00,INT,5.875,00:00:00,00:00:00,12 oct 2026,J,INT
117,3,null,LIM,10 oct 2026,07:15:00,12 oct 2026,22:30:00,1,null,10 oct 2026,Oct-2026,2026Q3,LA,2698,LIM,MIA,LIMMIA,08:15:00,14:10:00,08:15:00,15:10:00,13:15:00,19:10:00,NO,763,BASE,NO,01:00:00,FP,05:55:00,null,SI,NO,03:00:00,1,1,1,null,null,07:15:00,07:15:00,10 oct 2026,10 oct 2026,07:15:00,15:40:00,10 oct 2026,14:40:00,10 oct 2026,14:40:00,10 oct 2026,07:25:00,13:00:00,48:30:00,5960,0,0,1,0,4,-77.12,-80.28,Oeste," ",0,0,0,05:55:00,INT,3.916,00:00:00,00:00:00,10 oct 2026,J,INT
147,4,null,LIM,13 oct 2026,07:15:00,16 oct 2026,07:00:00,1,null,13 oct 2026,Oct-2026,2026Q3,LA,2698,LIM,MIA,LIMMIA,08:15:00,14:10:00,08:15:00,15:10:00,13:15:00,19:10:00,NO,763,BASE,NO,01:00:00,FP,05:55:00,null,SI,NO,03:00:00,1,1,1,null,null,07:15:00,07:15:00,13 oct 2026,13 oct 2026,07:15:00,15:40:00,13 oct 2026,14:40:00,13 oct 2026,14:40:00,13 oct 2026,07:25:00,13:00:00,57:05:00,5960,0,0,1,0,4,-77.12,-80.28,Oeste," ",0,0,0,05:55:00,INT,2.916,00:00:00,00:00:00,13 oct 2026,J,INT
105,4,null,LIM,13 oct 2026,07:15:00,16 oct 2026,07:00:00,1,null,13 oct 2026,Oct-2026,2026Q3,LA,2698,LIM,MIA,LIMMIA,08:15:00,14:10:00,08:15:00,15:10:00,13:15:00,19:10:00,NO,763,BASE,NO,01:00:00,FP,05:55:00,null,SI,NO,03:00:00,1,1,1,null,null,07:15:00,07:15:00,13 oct 2026,13 oct 2026,07:15:00,15:40:00,13 oct 2026,14:40:00,13 oct 2026,14:40:00,13 oct 2026,07:25:00,13:00:00,57:05:00,5960,1,1,0,0,0,-77.12,-80.28,Oeste,A,0,0,0,05:55:00,INT,2.916,00:00:00,00:00:00,13 oct 2026,J,INT
171,3,null,LIM,22 oct 2026,07:15:00,24 oct 2026,05:30:00,1,null,22 oct 2026,Oct-2026,2026Q3,LA,2698,LIM,MIA,LIMMIA,08:15:00,14:10:00,08:15:00,15:10:00,13:15:00,19:10:00,NO,763,BASE,NO,01:00:00,FP,05:55:00,null,SI,NO,03:00:00,1,1,1,null,null,07:15:00,07:15:00,22 oct 2026,22 oct 2026,07:15:00,15:40:00,22 oct 2026,14:40:00,22 oct 2026,14:40:00,22 oct 2026,07:25:00,13:00:00,31:35:00,5960,1,1,0,0,0,-77.12,-80.28,Oeste,A,0,0,0,05:55:00,INT,3.888,00:00:00,00:00:00,22 oct 2026,J,INT
167,4,null,LIM,15 oct 2026,07:15:00,18 oct 2026,05:30:00,1,null,15 oct 2026,Oct-2026,2026Q3,LA,2698,LIM,MIA,LIMMIA,08:15:00,14:10:00,08:15:00,15:10:00,13:15:00,19:10:00,NO,763,BASE,NO,01:00:00,FP,05:55:00,null,SI,NO,03:00:00,1,1,1,null,null,07:15:00,07:15:00,15 oct 2026,15 oct 2026,07:15:00,15:40:00,15 oct 2026,14:40:00,15 oct 2026,14:40:00,15 oct 2026,07:25:00,13:00:00,55:35:00,5960,0,0,1,0,4,-77.12,-80.28,Oeste," ",0,0,0,05:55:00,INT,2.916,00:00:00,00:00:00,15 oct 2026,J,INT
138,2,null,LIM,12 oct 2026,07:15:00,13 oct 2026,22:30:00,1,null,12 oct 2026,Oct-2026,2026Q3,LA,2698,LIM,MIA,LIMMIA,08:15:00,14:10:00,08:15:00,15:10:00,13:15:00,19:10:00,NO,763,BASE,NO,01:00:00,FP,05:55:00,null,SI,NO,03:00:00,1,1,1,null,null,07:15:00,07:15:00,12 oct 2026,12 oct 2026,07:15:00,15:40:00,12 oct 2026,14:40:00,12 oct 2026,14:40:00,12 oct 2026,07:25:00,13:00:00,24:30:00,5960,0,0,1,0,4,-77.12,-80.28,Oeste," ",0,0,0,05:55:00,INT,5.875,00:00:00,00:00:00,12 oct 2026,J,INT
44,4,null,LIM,3 oct 2026,07:15:00,6 oct 2026,05:30:00,1,null,3 oct 2026,Oct-2026,2026Q3,LA,2698,LIM,MIA,LIMMIA,08:15:00,14:10:00,08:15:00,15:10:00,13:15:00,19:10:00,NO,763,BASE,NO,01:00:00,FP,05:55:00,null,SI,NO,03:00:00,1,1,1,null,null,07:15:00,07:15:00,3 oct 2026,3 oct 2026,07:15:00,15:40:00,3 oct 2026,14:40:00,3 oct 2026,14:40:00,3 oct 2026,07:25:00,13:00:00,55:35:00,5960,0,0,1,0,4,-77.12,-80.28,Oeste," ",0,0,0,05:55:00,INT,2.916,00:00:00,00:00:00,3 oct 2026,J,INT
55,4,null,LIM,6 oct 2026,07:15:00,9 oct 2026,07:00:00,1,null,6 oct 2026,Oct-2026,2026Q3,LA,2698,LIM,MIA,LIMMIA,08:15:00,14:10:00,08:15:00,15:10:00,13:15:00,19:10:00,NO,763,BASE,NO,01:00:00,FP,05:55:00,null,SI,NO,03:00:00,1,1,1,null,null,07:15:00,07:15:00,6 oct 2026,6 oct 2026,07:15:00,15:40:00,6 oct 2026,14:40:00,6 oct 2026,14:40:00,6 oct 2026,07:25:00,13:00:00,57:05:00,5960,1,1,0,0,0,-77.12,-80.28,Oeste,A,0,0,0,05:55:00,INT,2.916,00:00:00,00:00:00,6 oct 2026,J,INT
76,4,null,LIM,6 oct 2026,07:15:00,9 oct 2026,07:00:00,1,null,6 oct 2026,Oct-2026,2026Q3,LA,2698,LIM,MIA,LIMMIA,08:15:00,14:10:00,08:15:00,15:10:00,13:15:00,19:10:00,NO,763,BASE,NO,01:00:00,FP,05:55:00,null,SI,NO,03:00:00,1,1,1,null,null,07:15:00,07:15:00,6 oct 2026,6 oct 2026,07:15:00,15:40:00,6 oct 2026,14:40:00,6 oct 2026,14:40:00,6 oct 2026,07:25:00,13:00:00,57:05:00,5960,0,0,1,0,4,-77.12,-80.28,Oeste," ",0,0,0,05:55:00,INT,2.916,00:00:00,00:00:00,6 oct 2026,J,INT
68,4,null,LIM,8 oct 2026,07:15:00,11 oct 2026,05:30:00,1,null,8 oct 2026,Oct-2026,2026Q3,LA,2698,LIM,MIA,LIMMIA,08:15:00,14:10:00,08:15:00,15:10:00,13:15:00,19:10:00,NO,763,BASE,NO,01:00:00,FP,05:55:00,null,SI,NO,03:00:00,1,1,1,null,null,07:15:00,07:15:00,8 oct 2026,8 oct 2026,07:15:00,15:40:00,8 oct 2026,14:40:00,8 oct 2026,14:40:00,8 oct 2026,07:25:00,13:00:00,55:35:00,5960,1,1,0,0,0,-77.12,-80.28,Oeste,A,0,0,0,05:55:00,INT,2.916,00:00:00,00:00:00,8 oct 2026,J,INT
135,4,null,LIM,17 oct 2026,07:15:00,20 oct 2026,05:30:00,1,null,17 oct 2026,Oct-2026,2026Q3,LA,2698,LIM,MIA,LIMMIA,08:15:00,14:10:00,08:15:00,15:10:00,13:15:00,19:10:00,NO,763,BASE,NO,01:00:00,FP,05:55:00,null,SI,NO,03:00:00,1,1,1,null,null,07:15:00,07:15:00,17 oct 2026,17 oct 2026,07:15:00,15:40:00,17 oct 2026,14:40:00,17 oct 2026,14:40:00,17 oct 2026,07:25:00,13:00:00,55:35:00,5960,1,1,0,0,0,-77.12,-80.28,Oeste,A,0,0,0,05:55:00,INT,2.916,00:00:00,00:00:00,17 oct 2026,J,INT
95,4,null,LIM,8 oct 2026,07:15:00,11 oct 2026,05:30:00,1,null,8 oct 2026,Oct-2026,2026Q3,LA,2698,LIM,MIA,LIMMIA,08:15:00,14:10:00,08:15:00,15:10:00,13:15:00,19:10:00,NO,763,BASE,NO,01:00:00,FP,05:55:00,null,SI,NO,03:00:00,1,1,1,null,null,07:15:00,07:15:00,8 oct 2026,8 oct 2026,07:15:00,15:40:00,8 oct 2026,14:40:00,8 oct 2026,14:40:00,8 oct 2026,07:25:00,13:00:00,55:35:00,5960,0,0,1,0,4,-77.12,-80.28,Oeste," ",0,0,0,05:55:00,INT,2.916,00:00:00,00:00:00,8 oct 2026,J,INT
240,3,null,LIM,22 oct 2026,07:15:00,24 oct 2026,05:30:00,1,null,22 oct 2026,Oct-2026,2026Q3,LA,2698,LIM,MIA,LIMMIA,08:15:00,14:10:00,08:15:00,15:10:00,13:15:00,19:10:00,NO,763,BASE,NO,01:00:00,FP,05:55:00,null,SI,NO,03:00:00,1,1,1,null,null,07:15:00,07:15:00,22 oct 2026,22 oct 2026,07:15:00,15:40:00,22 oct 2026,14:40:00,22 oct 2026,14:40:00,22 oct 2026,07:25:00,13:00:00,31:35:00,5960,0,0,1,0,4,-77.12,-80.28,Oeste," ",0,0,0,05:55:00,INT,3.888,00:00:00,00:00:00,22 oct 2026,J,INT
65,2,null,LIM,5 oct 2026,07:15:00,6 oct 2026,22:30:00,1,null,5 oct 2026,Oct-2026,2026Q3,LA,2698,LIM,MIA,LIMMIA,08:15:00,14:10:00,08:15:00,15:10:00,13:15:00,19:10:00,NO,763,BASE,NO,01:00:00,FP,05:55:00,null,SI,NO,03:00:00,1,1,1,null,null,07:15:00,07:15:00,5 oct 2026,5 oct 2026,07:15:00,15:40:00,5 oct 2026,14:40:00,5 oct 2026,14:40:00,5 oct 2026,07:25:00,13:00:00,24:30:00,5960,0,0,1,0,4,-77.12,-80.28,Oeste," ",0,0,0,05:55:00,INT,5.875,00:00:00,00:00:00,5 oct 2026,J,INT
186,4,null,LIM,24 oct 2026,07:15:00,27 oct 2026,05:30:00,1,null,24 oct 2026,Oct-2026,2026Q3,LA,2698,LIM,MIA,LIMMIA,08:15:00,14:10:00,08:15:00,15:10:00,13:15:00,19:10:00,NO,763,BASE,NO,01:00:00,FP,05:55:00,null,SI,NO,03:00:00,1,1,1,null,null,07:15:00,07:15:00,24 oct 2026,24 oct 2026,07:15:00,15:40:00,24 oct 2026,14:40:00,24 oct 2026,14:40:00,24 oct 2026,07:25:00,13:00:00,55:30:00,5960,1,1,0,0,0,-77.12,-80.28,Oeste,A,0,0,0,05:55:00,INT,2.937,00:00:00,00:00:00,24 oct 2026,J,INT
189,4,null,LIM,17 oct 2026,07:15:00,20 oct 2026,05:30:00,1,null,17 oct 2026,Oct-2026,2026Q3,LA,2698,LIM,MIA,LIMMIA,08:15:00,14:10:00,08:15:00,15:10:00,13:15:00,19:10:00,NO,763,BASE,NO,01:00:00,FP,05:55:00,null,SI,NO,03:00:00,1,1,1,null,null,07:15:00,07:15:00,17 oct 2026,17 oct 2026,07:15:00,15:40:00,17 oct 2026,14:40:00,17 oct 2026,14:40:00,17 oct 2026,07:25:00,13:00:00,55:35:00,5960,0,0,1,0,4,-77.12,-80.28,Oeste," ",0,0,0,05:55:00,INT,2.916,00:00:00,00:00:00,17 oct 2026,J,INT
261,4,null,LIM,24 oct 2026,07:15:00,27 oct 2026,05:30:00,1,null,24 oct 2026,Oct-2026,2026Q3,LA,2698,LIM,MIA,LIMMIA,08:15:00,14:10:00,08:15:00,15:10:00,13:15:00,19:10:00,NO,763,BASE,NO,01:00:00,FP,05:55:00,null,SI,NO,03:00:00,1,1,1,null,null,07:15:00,07:15:00,24 oct 2026,24 oct 2026,07:15:00,15:40:00,24 oct 2026,14:40:00,24 oct 2026,14:40:00,24 oct 2026,07:25:00,13:00:00,55:30:00,5960,0,0,1,0,4,-77.12,-80.28,Oeste," ",0,0,0,05:55:00,INT,2.937,00:00:00,00:00:00,24 oct 2026,J,INT
209,3,null,LIM,19 oct 2026,07:15:00,21 oct 2026,05:30:00,1,null,19 oct 2026,Oct-2026,2026Q3,LA,2698,LIM,MIA,LIMMIA,08:15:00,14:10:00,08:15:00,15:10:00,13:15:00,19:10:00,NO,763,BASE,NO,01:00:00,FP,05:55:00,null,SI,NO,03:00:00,1,1,1,null,null,07:15:00,07:15:00,19 oct 2026,19 oct 2026,07:15:00,15:40:00,19 oct 2026,14:40:00,19 oct 2026,14:40:00,19 oct 2026,07:25:00,13:00:00,31:35:00,5960,0,0,1,0,4,-77.12,-80.28,Oeste," ",0,0,0,05:55:00,INT,3.888,00:00:00,00:00:00,19 oct 2026,J,INT
47,2,null,LIM,5 oct 2026,07:15:00,6 oct 2026,22:30:00,1,null,5 oct 2026,Oct-2026,2026Q3,LA,2698,LIM,MIA,LIMMIA,08:15:00,14:10:00,08:15:00,15:10:00,13:15:00,19:10:00,NO,763,BASE,NO,01:00:00,FP,05:55:00,null,SI,NO,03:00:00,1,1,1,null,null,07:15:00,07:15:00,5 oct 2026,5 oct 2026,07:15:00,15:40:00,5 oct 2026,14:40:00,5 oct 2026,14:40:00,5 oct 2026,07:25:00,13:00:00,24:30:00,5960,1,1,0,0,0,-77.12,-80.28,Oeste,A,0,0,0,05:55:00,INT,5.875,00:00:00,00:00:00,5 oct 2026,J,INT
119,4,null,LIM,15 oct 2026,07:15:00,18 oct 2026,05:30:00,1,null,15 oct 2026,Oct-2026,2026Q3,LA,2698,LIM,MIA,LIMMIA,08:15:00,14:10:00,08:15:00,15:10:00,13:15:00,19:10:00,NO,763,BASE,NO,01:00:00,FP,05:55:00,null,SI,NO,03:00:00,1,1,1,null,null,07:15:00,07:15:00,15 oct 2026,15 oct 2026,07:15:00,15:40:00,15 oct 2026,14:40:00,15 oct 2026,14:40:00,15 oct 2026,07:25:00,13:00:00,55:35:00,5960,1,1,0,0,0,-77.12,-80.28,Oeste,A,0,0,0,05:55:00,INT,2.916,00:00:00,00:00:00,15 oct 2026,J,INT
17,3,null,LIM,1 oct 2026,07:15:00,3 oct 2026,05:30:00,1,null,1 oct 2026,Oct-2026,2026Q3,LA,2698,LIM,MIA,LIMMIA,08:15:00,14:10:00,08:15:00,15:10:00,13:15:00,19:10:00,NO,763,BASE,NO,01:00:00,FP,05:55:00,null,SI,NO,03:00:00,1,1,1,null,null,07:15:00,07:15:00,1 oct 2026,1 oct 2026,07:15:00,15:40:00,1 oct 2026,14:40:00,1 oct 2026,14:40:00,1 oct 2026,07:25:00,13:00:00,31:35:00,5960,1,1,0,0,0,-77.12,-80.28,Oeste,A,0,0,0,05:55:00,INT,3.888,00:00:00,00:00:00,1 oct 2026,J,INT
220,4,null,LIM,20 oct 2026,07:15:00,23 oct 2026,05:30:00,1,null,20 oct 2026,Oct-2026,2026Q3,LA,2698,LIM,MIA,LIMMIA,08:15:00,14:10:00,08:15:00,15:10:00,13:15:00,19:10:00,NO,763,BASE,NO,01:00:00,FP,05:55:00,null,SI,NO,03:00:00,1,1,1,null,null,07:15:00,07:15:00,20 oct 2026,20 oct 2026,07:15:00,15:40:00,20 oct 2026,14:40:00,20 oct 2026,14:40:00,20 oct 2026,07:25:00,13:00:00,55:35:00,5960,0,0,1,0,4,-77.12,-80.28,Oeste," ",0,0,0,05:55:00,INT,2.916,00:00:00,00:00:00,20 oct 2026,J,INT
149,3,null,LIM,19 oct 2026,07:15:00,21 oct 2026,05:30:00,1,null,19 oct 2026,Oct-2026,2026Q3,LA,2698,LIM,MIA,LIMMIA,08:15:00,14:10:00,08:15:00,15:10:00,13:15:00,19:10:00,NO,763,BASE,NO,01:00:00,FP,05:55:00,null,SI,NO,03:00:00,1,1,1,null,null,07:15:00,07:15:00,19 oct 2026,19 oct 2026,07:15:00,15:40:00,19 oct 2026,14:40:00,19 oct 2026,14:40:00,19 oct 2026,07:25:00,13:00:00,31:35:00,5960,1,1,0,0,0,-77.12,-80.28,Oeste,A,0,0,0,05:55:00,INT,3.888,00:00:00,00:00:00,19 oct 2026,J,INT
315,3,null,LIM,29 oct 2026,07:20:00,31 oct 2026,05:30:00,1,null,29 oct 2026,Oct-2026,2026Q3,LA,2698,LIM,MIA,LIMMIA,08:20:00,14:15:00,08:20:00,15:15:00,13:20:00,19:15:00,NO,763,BASE,NO,01:00:00,FP,05:55:00,null,SI,NO,03:00:00,1,1,1,null,null,07:20:00,07:20:00,29 oct 2026,29 oct 2026,07:20:00,15:45:00,29 oct 2026,14:45:00,29 oct 2026,14:45:00,29 oct 2026,07:25:00,13:00:00,31:25:00,5937,0,0,1,0,4,-77.12,-80.28,Oeste," ",0,0,0,05:55:00,INT,3.916,00:00:00,00:00:00,29 oct 2026,J,INT
225,3,null,LIM,29 oct 2026,07:20:00,31 oct 2026,05:30:00,1,null,29 oct 2026,Oct-2026,2026Q3,LA,2698,LIM,MIA,LIMMIA,08:20:00,14:15:00,08:20:00,15:15:00,13:20:00,19:15:00,NO,763,BASE,NO,01:00:00,FP,05:55:00,null,SI,NO,03:00:00,1,1,1,null,null,07:20:00,07:20:00,29 oct 2026,29 oct 2026,07:20:00,15:45:00,29 oct 2026,14:45:00,29 oct 2026,14:45:00,29 oct 2026,07:25:00,13:00:00,31:25:00,5937,1,1,0,0,0,-77.12,-80.28,Oeste,A,0,0,0,05:55:00,INT,3.916,00:00:00,00:00:00,29 oct 2026,J,INT
283,4,null,LIM,26 oct 2026,06:30:00,29 oct 2026,20:00:00,1,null,26 oct 2026,Oct-2026,2026Q3,LA,2945,LIM,GRU,LIMGRU,07:30:00,12:25:00,07:30:00,14:25:00,12:30:00,17:25:00,NO,763,BASE,NO,01:00:00,FP,04:55:00,null,SI,NO,04:00:00,1,1,1,null,null,06:30:00,06:30:00,26 oct 2026,26 oct 2026,06:30:00,14:55:00,26 oct 2026,12:55:00,26 oct 2026,12:55:00,26 oct 2026,06:25:00,13:00:00,72:30:00,5733,0,0,1,0,4,-77.12,-46.47,Este," ",0,0,0,04:55:00,INT,2.5,00:00:00,00:00:00,26 oct 2026,J,REG
334,3,null,LIM,31 oct 2026,06:30:00,2 nov 2026,20:00:00,1,null,31 oct 2026,Oct-2026,2026Q3,LA,2945,LIM,GRU,LIMGRU,07:30:00,12:25:00,07:30:00,14:25:00,12:30:00,17:25:00,NO,763,BASE,NO,01:00:00,FP,04:55:00,null,SI,NO,04:00:00,1,1,1,null,null,06:30:00,06:30:00,31 oct 2026,31 oct 2026,06:30:00,14:55:00,31 oct 2026,12:55:00,31 oct 2026,12:55:00,31 oct 2026,06:25:00,13:00:00,48:30:00,5733,0,0,1,0,4,-77.12,-46.47,Este," ",0,0,0,04:55:00,INT,3.333,00:00:00,00:00:00,31 oct 2026,J,REG
224,3,null,LIM,29 oct 2026,06:30:00,31 oct 2026,20:00:00,1,null,29 oct 2026,Oct-2026,2026Q3,LA,2945,LIM,GRU,LIMGRU,07:30:00,12:25:00,07:30:00,14:25:00,12:30:00,17:25:00,NO,763,BASE,NO,01:00:00,FP,04:55:00,null,SI,NO,04:00:00,1,1,1,null,null,06:30:00,06:30:00,29 oct 2026,29 oct 2026,06:30:00,14:55:00,29 oct 2026,12:55:00,29 oct 2026,12:55:00,29 oct 2026,06:25:00,13:00:00,48:30:00,5733,1,1,0,0,0,-77.12,-46.47,Este,A,0,0,0,04:55:00,INT,3.333,00:00:00,00:00:00,29 oct 2026,J,REG
202,4,null,LIM,26 oct 2026,06:30:00,29 oct 2026,20:00:00,1,null,26 oct 2026,Oct-2026,2026Q3,LA,2945,LIM,GRU,LIMGRU,07:30:00,12:25:00,07:30:00,14:25:00,12:30:00,17:25:00,NO,763,BASE,NO,01:00:00,FP,04:55:00,null,SI,NO,04:00:00,1,1,1,null,null,06:30:00,06:30:00,26 oct 2026,26 oct 2026,06:30:00,14:55:00,26 oct 2026,12:55:00,26 oct 2026,12:55:00,26 oct 2026,06:25:00,13:00:00,72:30:00,5733,1,1,0,0,0,-77.12,-46.47,Este,A,0,0,0,04:55:00,INT,2.5,00:00:00,00:00:00,26 oct 2026,J,REG
314,3,null,LIM,29 oct 2026,06:30:00,31 oct 2026,20:00:00,1,null,29 oct 2026,Oct-2026,2026Q3,LA,2945,LIM,GRU,LIMGRU,07:30:00,12:25:00,07:30:00,14:25:00,12:30:00,17:25:00,NO,763,BASE,NO,01:00:00,FP,04:55:00,null,SI,NO,04:00:00,1,1,1,null,null,06:30:00,06:30:00,29 oct 2026,29 oct 2026,06:30:00,14:55:00,29 oct 2026,12:55:00,29 oct 2026,12:55:00,29 oct 2026,06:25:00,13:00:00,48:30:00,5733,0,0,1,0,4,-77.12,-46.47,Este," ",0,0,0,04:55:00,INT,3.333,00:00:00,00:00:00,29 oct 2026,J,REG
238,3,null,LIM,31 oct 2026,06:30:00,2 nov 2026,20:00:00,1,null,31 oct 2026,Oct-2026,2026Q3,LA,2945,LIM,GRU,LIMGRU,07:30:00,12:25:00,07:30:00,14:25:00,12:30:00,17:25:00,NO,763,BASE,NO,01:00:00,FP,04:55:00,null,SI,NO,04:00:00,1,1,1,null,null,06:30:00,06:30:00,31 oct 2026,31 oct 2026,06:30:00,14:55:00,31 oct 2026,12:55:00,31 oct 2026,12:55:00,31 oct 2026,06:25:00,13:00:00,48:30:00,5733,1,1,0,0,0,-77.12,-46.47,Este,A,0,0,0,04:55:00,INT,3.333,00:00:00,00:00:00,31 oct 2026,J,REG
264,1,null,LIM,24 oct 2026,11:05:00,24 oct 2026,21:20:00,1,null,24 oct 2026,Oct-2026,2026Q3,LA,2413,LIM,SCL,LIMSCL,12:05:00,15:35:00,12:05:00,17:35:00,17:05:00,20:35:00,NO,763,BASE,NO,01:00:00,FP,03:30:00,01:25:00,NO,NO,03:00:00,1,1,1,null,1,11:05:00,11:05:00,24 oct 2026,24 oct 2026,11:05:00,21:20:00,24 oct 2026,21:20:00,24 oct 2026,21:20:00,24 oct 2026,10:15:00,13:00:00,null,5640,0,0,1,0,4,-77.12,-70.8,Este," ",0,0,0,07:20:00,INT,7.333,00:00:00,00:00:00,24 oct 2026,J,REG
188,1,null,LIM,24 oct 2026,11:05:00,24 oct 2026,21:20:00,1,null,24 oct 2026,Oct-2026,2026Q3,LA,2413,LIM,SCL,LIMSCL,12:05:00,15:35:00,12:05:00,17:35:00,17:05:00,20:35:00,NO,763,BASE,NO,01:00:00,FP,03:30:00,01:25:00,NO,NO,03:00:00,1,1,1,null,1,11:05:00,11:05:00,24 oct 2026,24 oct 2026,11:05:00,21:20:00,24 oct 2026,21:20:00,24 oct 2026,21:20:00,24 oct 2026,10:15:00,13:00:00,null,5640,1,1,0,0,0,-77.12,-70.8,Este,A,0,0,0,07:20:00,INT,7.333,00:00:00,00:00:00,24 oct 2026,J,REG
210,1,null,LIM,27 oct 2026,11:00:00,27 oct 2026,21:25:00,1,null,27 oct 2026,Oct-2026,2026Q3,LA,2487,LIM,SCL,LIMSCL,12:00:00,15:40:00,12:00:00,17:40:00,17:00:00,20:40:00,NO,763,BASE,NO,01:00:00,FP,03:40:00,01:25:00,NO,NO,03:00:00,1,1,1,null,1,11:00:00,11:00:00,27 oct 2026,27 oct 2026,11:00:00,21:25:00,27 oct 2026,21:25:00,27 oct 2026,21:25:00,27 oct 2026,10:25:00,13:00:00,null,5588,1,1,0,0,0,-77.12,-70.8,Este,A,0,0,0,07:30:00,INT,7.5,00:00:00,00:00:00,27 oct 2026,J,REG
239,1,null,LIM,31 oct 2026,11:00:00,31 oct 2026,21:25:00,1,null,31 oct 2026,Oct-2026,2026Q3,LA,2487,LIM,SCL,LIMSCL,12:00:00,15:40:00,12:00:00,17:40:00,17:00:00,20:40:00,NO,763,BASE,NO,01:00:00,FP,03:40:00,01:25:00,NO,NO,03:00:00,1,1,1,null,1,11:00:00,11:00:00,31 oct 2026,31 oct 2026,11:00:00,21:25:00,31 oct 2026,21:25:00,31 oct 2026,21:25:00,31 oct 2026,10:25:00,13:00:00,null,5588,1,1,0,0,0,-77.12,-70.8,Este,A,0,0,0,07:30:00,INT,7.5,00:00:00,00:00:00,31 oct 2026,J,REG
295,1,null,LIM,27 oct 2026,11:00:00,27 oct 2026,21:25:00,1,null,27 oct 2026,Oct-2026,2026Q3,LA,2487,LIM,SCL,LIMSCL,12:00:00,15:40:00,12:00:00,17:40:00,17:00:00,20:40:00,NO,763,BASE,NO,01:00:00,FP,03:40:00,01:25:00,NO,NO,03:00:00,1,1,1,null,1,11:00:00,11:00:00,27 oct 2026,27 oct 2026,11:00:00,21:25:00,27 oct 2026,21:25:00,27 oct 2026,21:25:00,27 oct 2026,10:25:00,13:00:00,null,5588,0,0,1,0,4,-77.12,-70.8,Este," ",0,0,0,07:30:00,INT,7.5,00:00:00,00:00:00,27 oct 2026,J,REG
285,1,null,LIM,26 oct 2026,11:00:00,26 oct 2026,21:25:00,1,null,26 oct 2026,Oct-2026,2026Q3,LA,2487,LIM,SCL,LIMSCL,12:00:00,15:40:00,12:00:00,17:40:00,17:00:00,20:40:00,NO,763,BASE,NO,01:00:00,FP,03:40:00,01:25:00,NO,NO,03:00:00,1,1,1,null,1,11:00:00,11:00:00,26 oct 2026,26 oct 2026,11:00:00,21:25:00,26 oct 2026,21:25:00,26 oct 2026,21:25:00,26 oct 2026,10:25:00,13:00:00,null,5588,0,0,1,0,4,-77.12,-70.8,Este," ",0,0,0,07:30:00,INT,7.5,00:00:00,00:00:00,26 oct 2026,J,REG
336,1,null,LIM,31 oct 2026,11:00:00,31 oct 2026,21:25:00,1,null,31 oct 2026,Oct-2026,2026Q3,LA,2487,LIM,SCL,LIMSCL,12:00:00,15:40:00,12:00:00,17:40:00,17:00:00,20:40:00,NO,763,BASE,NO,01:00:00,FP,03:40:00,01:25:00,NO,NO,03:00:00,1,1,1,null,1,11:00:00,11:00:00,31 oct 2026,31 oct 2026,11:00:00,21:25:00,31 oct 2026,21:25:00,31 oct 2026,21:25:00,31 oct 2026,10:25:00,13:00:00,null,5588,0,0,1,0,4,-77.12,-70.8,Este," ",0,0,0,07:30:00,INT,7.5,00:00:00,00:00:00,31 oct 2026,J,REG
203,1,null,LIM,26 oct 2026,11:00:00,26 oct 2026,21:25:00,1,null,26 oct 2026,Oct-2026,2026Q3,LA,2487,LIM,SCL,LIMSCL,12:00:00,15:40:00,12:00:00,17:40:00,17:00:00,20:40:00,NO,763,BASE,NO,01:00:00,FP,03:40:00,01:25:00,NO,NO,03:00:00,1,1,1,null,1,11:00:00,11:00:00,26 oct 2026,26 oct 2026,11:00:00,21:25:00,26 oct 2026,21:25:00,26 oct 2026,21:25:00,26 oct 2026,10:25:00,13:00:00,null,5588,1,1,0,0,0,-77.12,-70.8,Este,A,0,0,0,07:30:00,INT,7.5,00:00:00,00:00:00,26 oct 2026,J,REG
254,1,null,LIM,23 oct 2026,11:20:00,23 oct 2026,21:20:00,1,null,23 oct 2026,Oct-2026,2026Q3,LA,2413,LIM,SCL,LIMSCL,12:20:00,15:45:00,12:20:00,17:45:00,17:20:00,20:45:00,NO,763,BASE,NO,01:00:00,FP,03:25:00,01:25:00,NO,NO,03:00:00,1,1,1,null,1,11:20:00,11:20:00,23 oct 2026,23 oct 2026,11:20:00,21:20:00,23 oct 2026,21:20:00,23 oct 2026,21:20:00,23 oct 2026,10:00:00,13:00:00,null,5577,0,0,1,0,4,-77.12,-70.8,Este," ",0,0,0,07:05:00,INT,7.083,00:00:00,00:00:00,23 oct 2026,J,REG
181,1,null,LIM,23 oct 2026,11:20:00,23 oct 2026,21:20:00,1,null,23 oct 2026,Oct-2026,2026Q3,LA,2413,LIM,SCL,LIMSCL,12:20:00,15:45:00,12:20:00,17:45:00,17:20:00,20:45:00,NO,763,BASE,NO,01:00:00,FP,03:25:00,01:25:00,NO,NO,03:00:00,1,1,1,null,1,11:20:00,11:20:00,23 oct 2026,23 oct 2026,11:20:00,21:20:00,23 oct 2026,21:20:00,23 oct 2026,21:20:00,23 oct 2026,10:00:00,13:00:00,null,5577,1,1,0,0,0,-77.12,-70.8,Este,A,0,0,0,07:05:00,INT,7.083,00:00:00,00:00:00,23 oct 2026,J,REG
25,1,null,LIM,1 oct 2026,11:05:00,1 oct 2026,21:30:00,1,null,1 oct 2026,Oct-2026,2026Q3,LA,2413,LIM,SCL,LIMSCL,12:05:00,15:45:00,12:05:00,17:45:00,17:05:00,20:45:00,NO,763,BASE,NO,01:00:00,FP,03:40:00,01:25:00,NO,NO,03:00:00,1,1,1,null,1,11:05:00,11:05:00,1 oct 2026,1 oct 2026,11:05:00,21:30:00,1 oct 2026,21:30:00,1 oct 2026,21:30:00,1 oct 2026,10:25:00,13:00:00,null,5552,0,0,1,0,4,-77.12,-70.8,Este," ",0,0,0,07:30:00,INT,7.5,00:00:00,00:00:00,1 oct 2026,J,REG
242,1,null,LIM,22 oct 2026,11:05:00,22 oct 2026,21:30:00,1,null,22 oct 2026,Oct-2026,2026Q3,LA,2413,LIM,SCL,LIMSCL,12:05:00,15:45:00,12:05:00,17:45:00,17:05:00,20:45:00,NO,763,BASE,NO,01:00:00,FP,03:40:00,01:25:00,NO,NO,03:00:00,1,1,1,null,1,11:05:00,11:05:00,22 oct 2026,22 oct 2026,11:05:00,21:30:00,22 oct 2026,21:30:00,22 oct 2026,21:30:00,22 oct 2026,10:25:00,13:00:00,null,5552,0,0,1,0,4,-77.12,-70.8,Este," ",0,0,0,07:30:00,INT,7.5,00:00:00,00:00:00,22 oct 2026,J,REG
108,1,null,LIM,9 oct 2026,11:05:00,9 oct 2026,21:30:00,1,null,9 oct 2026,Oct-2026,2026Q3,LA,2413,LIM,SCL,LIMSCL,12:05:00,15:45:00,12:05:00,17:45:00,17:05:00,20:45:00,NO,763,BASE,NO,01:00:00,FP,03:40:00,01:25:00,NO,NO,03:00:00,1,1,1,null,1,11:05:00,11:05:00,9 oct 2026,9 oct 2026,11:05:00,21:30:00,9 oct 2026,21:30:00,9 oct 2026,21:30:00,9 oct 2026,10:25:00,13:00:00,null,5552,0,0,1,0,4,-77.12,-70.8,Este," ",0,0,0,07:30:00,INT,7.5,00:00:00,00:00:00,9 oct 2026,J,REG
25,1,null,LIM,2 oct 2026,11:05:00,2 oct 2026,21:30:00,1,null,2 oct 2026,Oct-2026,2026Q3,LA,2413,LIM,SCL,LIMSCL,12:05:00,15:45:00,12:05:00,17:45:00,17:05:00,20:45:00,NO,763,BASE,NO,01:00:00,FP,03:40:00,01:25:00,NO,NO,03:00:00,1,1,1,null,1,11:05:00,11:05:00,2 oct 2026,2 oct 2026,11:05:00,21:30:00,2 oct 2026,21:30:00,2 oct 2026,21:30:00,2 oct 2026,10:25:00,13:00:00,null,5552,1,1,0,0,0,-77.12,-70.8,Este,A,0,0,0,07:30:00,INT,7.5,00:00:00,00:00:00,2 oct 2026,J,REG
47,1,null,LIM,3 oct 2026,11:05:00,3 oct 2026,21:30:00,1,null,3 oct 2026,Oct-2026,2026Q3,LA,2413,LIM,SCL,LIMSCL,12:05:00,15:45:00,12:05:00,17:45:00,17:05:00,20:45:00,NO,763,BASE,NO,01:00:00,FP,03:40:00,01:25:00,NO,NO,03:00:00,1,1,1,null,1,11:05:00,11:05:00,3 oct 2026,3 oct 2026,11:05:00,21:30:00,3 oct 2026,21:30:00,3 oct 2026,21:30:00,3 oct 2026,10:25:00,13:00:00,null,5552,0,0,1,0,4,-77.12,-70.8,Este," ",0,0,0,07:30:00,INT,7.5,00:00:00,00:00:00,3 oct 2026,J,REG
136,1,null,LIM,17 oct 2026,11:05:00,17 oct 2026,21:30:00,1,null,17 oct 2026,Oct-2026,2026Q3,LA,2413,LIM,SCL,LIMSCL,12:05:00,15:45:00,12:05:00,17:45:00,17:05:00,20:45:00,NO,763,BASE,NO,01:00:00,FP,03:40:00,01:25:00,NO,NO,03:00:00,1,1,1,null,1,11:05:00,11:05:00,17 oct 2026,17 oct 2026,11:05:00,21:30:00,17 oct 2026,21:30:00,17 oct 2026,21:30:00,17 oct 2026,10:25:00,13:00:00,null,5552,1,1,0,0,0,-77.12,-70.8,Este,A,0,0,0,07:30:00,INT,7.5,00:00:00,00:00:00,17 oct 2026,J,REG
35,1,null,LIM,2 oct 2026,11:05:00,2 oct 2026,21:30:00,1,null,2 oct 2026,Oct-2026,2026Q3,LA,2413,LIM,SCL,LIMSCL,12:05:00,15:45:00,12:05:00,17:45:00,17:05:00,20:45:00,NO,763,BASE,NO,01:00:00,FP,03:40:00,01:25:00,NO,NO,03:00:00,1,1,1,null,1,11:05:00,11:05:00,2 oct 2026,2 oct 2026,11:05:00,21:30:00,2 oct 2026,21:30:00,2 oct 2026,21:30:00,2 oct 2026,10:25:00,13:00:00,null,5552,0,0,1,0,4,-77.12,-70.8,Este," ",0,0,0,07:30:00,INT,7.5,00:00:00,00:00:00,2 oct 2026,J,REG
121,1,null,LIM,15 oct 2026,11:05:00,15 oct 2026,21:30:00,1,null,15 oct 2026,Oct-2026,2026Q3,LA,2413,LIM,SCL,LIMSCL,12:05:00,15:45:00,12:05:00,17:45:00,17:05:00,20:45:00,NO,763,BASE,NO,01:00:00,FP,03:40:00,01:25:00,NO,NO,03:00:00,1,1,1,null,1,11:05:00,11:05:00,15 oct 2026,15 oct 2026,11:05:00,21:30:00,15 oct 2026,21:30:00,15 oct 2026,21:30:00,15 oct 2026,10:25:00,13:00:00,null,5552,1,1,0,0,0,-77.12,-70.8,Este,A,0,0,0,07:30:00,INT,7.5,00:00:00,00:00:00,15 oct 2026,J,REG
170,1,null,LIM,15 oct 2026,11:05:00,15 oct 2026,21:30:00,1,null,15 oct 2026,Oct-2026,2026Q3,LA,2413,LIM,SCL,LIMSCL,12:05:00,15:45:00,12:05:00,17:45:00,17:05:00,20:45:00,NO,763,BASE,NO,01:00:00,FP,03:40:00,01:25:00,NO,NO,03:00:00,1,1,1,null,1,11:05:00,11:05:00,15 oct 2026,15 oct 2026,11:05:00,21:30:00,15 oct 2026,21:30:00,15 oct 2026,21:30:00,15 oct 2026,10:25:00,13:00:00,null,5552,0,0,1,0,4,-77.12,-70.8,Este," ",0,0,0,07:30:00,INT,7.5,00:00:00,00:00:00,15 oct 2026,J,REG
191,1,null,LIM,17 oct 2026,11:05:00,17 oct 2026,21:30:00,1,null,17 oct 2026,Oct-2026,2026Q3,LA,2413,LIM,SCL,LIMSCL,12:05:00,15:45:00,12:05:00,17:45:00,17:05:00,20:45:00,NO,763,BASE,NO,01:00:00,FP,03:40:00,01:25:00,NO,NO,03:00:00,1,1,1,null,1,11:05:00,11:05:00,17 oct 2026,17 oct 2026,11:05:00,21:30:00,17 oct 2026,21:30:00,17 oct 2026,21:30:00,17 oct 2026,10:25:00,13:00:00,null,5552,0,0,1,0,4,-77.12,-70.8,Este," ",0,0,0,07:30:00,INT,7.5,00:00:00,00:00:00,17 oct 2026,J,REG
77,1,null,LIM,9 oct 2026,11:05:00,9 oct 2026,21:30:00,1,null,9 oct 2026,Oct-2026,2026Q3,LA,2413,LIM,SCL,LIMSCL,12:05:00,15:45:00,12:05:00,17:45:00,17:05:00,20:45:00,NO,763,BASE,NO,01:00:00,FP,03:40:00,01:25:00,NO,NO,03:00:00,1,1,1,null,1,11:05:00,11:05:00,9 oct 2026,9 oct 2026,11:05:00,21:30:00,9 oct 2026,21:30:00,9 oct 2026,21:30:00,9 oct 2026,10:25:00,13:00:00,null,5552,1,1,0,0,0,-77.12,-70.8,Este,A,0,0,0,07:30:00,INT,7.5,00:00:00,00:00:00,9 oct 2026,J,REG
119,1,null,LIM,10 oct 2026,11:05:00,10 oct 2026,21:30:00,1,null,10 oct 2026,Oct-2026,2026Q3,LA,2413,LIM,SCL,LIMSCL,12:05:00,15:45:00,12:05:00,17:45:00,17:05:00,20:45:00,NO,763,BASE,NO,01:00:00,FP,03:40:00,01:25:00,NO,NO,03:00:00,1,1,1,null,1,11:05:00,11:05:00,10 oct 2026,10 oct 2026,11:05:00,21:30:00,10 oct 2026,21:30:00,10 oct 2026,21:30:00,10 oct 2026,10:25:00,13:00:00,null,5552,0,0,1,0,4,-77.12,-70.8,Este," ",0,0,0,07:30:00,INT,7.5,00:00:00,00:00:00,10 oct 2026,J,REG
172,1,null,LIM,22 oct 2026,11:05:00,22 oct 2026,21:30:00,1,null,22 oct 2026,Oct-2026,2026Q3,LA,2413,LIM,SCL,LIMSCL,12:05:00,15:45:00,12:05:00,17:45:00,17:05:00,20:45:00,NO,763,BASE,NO,01:00:00,FP,03:40:00,01:25:00,NO,NO,03:00:00,1,1,1,null,1,11:05:00,11:05:00,22 oct 2026,22 oct 2026,11:05:00,21:30:00,22 oct 2026,21:30:00,22 oct 2026,21:30:00,22 oct 2026,10:25:00,13:00:00,null,5552,1,1,0,0,0,-77.12,-70.8,Este,A,0,0,0,07:30:00,INT,7.5,00:00:00,00:00:00,22 oct 2026,J,REG
180,1,null,LIM,16 oct 2026,11:05:00,16 oct 2026,21:30:00,1,null,16 oct 2026,Oct-2026,2026Q3,LA,2413,LIM,SCL,LIMSCL,12:05:00,15:45:00,12:05:00,17:45:00,17:05:00,20:45:00,NO,763,BASE,NO,01:00:00,FP,03:40:00,01:25:00,NO,NO,03:00:00,1,1,1,null,1,11:05:00,11:05:00,16 oct 2026,16 oct 2026,11:05:00,21:30:00,16 oct 2026,21:30:00,16 oct 2026,21:30:00,16 oct 2026,10:25:00,13:00:00,null,5552,0,0,1,0,4,-77.12,-70.8,Este," ",0,0,0,07:30:00,INT,7.5,00:00:00,00:00:00,16 oct 2026,J,REG
18,1,null,LIM,1 oct 2026,11:05:00,1 oct 2026,21:30:00,1,null,1 oct 2026,Oct-2026,2026Q3,LA,2413,LIM,SCL,LIMSCL,12:05:00,15:45:00,12:05:00,17:45:00,17:05:00,20:45:00,NO,763,BASE,NO,01:00:00,FP,03:40:00,01:25:00,NO,NO,03:00:00,1,1,1,null,1,11:05:00,11:05:00,1 oct 2026,1 oct 2026,11:05:00,21:30:00,1 oct 2026,21:30:00,1 oct 2026,21:30:00,1 oct 2026,10:25:00,13:00:00,null,5552,1,1,0,0,0,-77.12,-70.8,Este,A,0,0,0,07:30:00,INT,7.5,00:00:00,00:00:00,1 oct 2026,J,REG
128,1,null,LIM,16 oct 2026,11:05:00,16 oct 2026,21:30:00,1,null,16 oct 2026,Oct-2026,2026Q3,LA,2413,LIM,SCL,LIMSCL,12:05:00,15:45:00,12:05:00,17:45:00,17:05:00,20:45:00,NO,763,BASE,NO,01:00:00,FP,03:40:00,01:25:00,NO,NO,03:00:00,1,1,1,null,1,11:05:00,11:05:00,16 oct 2026,16 oct 2026,11:05:00,21:30:00,16 oct 2026,21:30:00,16 oct 2026,21:30:00,16 oct 2026,10:25:00,13:00:00,null,5552,1,1,0,0,0,-77.12,-70.8,Este,A,0,0,0,07:30:00,INT,7.5,00:00:00,00:00:00,16 oct 2026,J,REG
98,1,null,LIM,8 oct 2026,11:05:00,8 oct 2026,21:30:00,1,null,8 oct 2026,Oct-2026,2026Q3,LA,2413,LIM,SCL,LIMSCL,12:05:00,15:45:00,12:05:00,17:45:00,17:05:00,20:45:00,NO,763,BASE,NO,01:00:00,FP,03:40:00,01:25:00,NO,NO,03:00:00,1,1,1,null,1,11:05:00,11:05:00,8 oct 2026,8 oct 2026,11:05:00,21:30:00,8 oct 2026,21:30:00,8 oct 2026,21:30:00,8 oct 2026,10:25:00,13:00:00,null,5552,0,0,1,0,4,-77.12,-70.8,Este," ",0,0,0,07:30:00,INT,7.5,00:00:00,00:00:00,8 oct 2026,J,REG
85,1,null,LIM,10 oct 2026,11:05:00,10 oct 2026,21:30:00,1,null,10 oct 2026,Oct-2026,2026Q3,LA,2413,LIM,SCL,LIMSCL,12:05:00,15:45:00,12:05:00,17:45:00,17:05:00,20:45:00,NO,763,BASE,NO,01:00:00,FP,03:40:00,01:25:00,NO,NO,03:00:00,1,1,1,null,1,11:05:00,11:05:00,10 oct 2026,10 oct 2026,11:05:00,21:30:00,10 oct 2026,21:30:00,10 oct 2026,21:30:00,10 oct 2026,10:25:00,13:00:00,null,5552,1,1,0,0,0,-77.12,-70.8,Este,A,0,0,0,07:30:00,INT,7.5,00:00:00,00:00:00,10 oct 2026,J,REG
70,1,null,LIM,8 oct 2026,11:05:00,8 oct 2026,21:30:00,1,null,8 oct 2026,Oct-2026,2026Q3,LA,2413,LIM,SCL,LIMSCL,12:05:00,15:45:00,12:05:00,17:45:00,17:05:00,20:45:00,NO,763,BASE,NO,01:00:00,FP,03:40:00,01:25:00,NO,NO,03:00:00,1,1,1,null,1,11:05:00,11:05:00,8 oct 2026,8 oct 2026,11:05:00,21:30:00,8 oct 2026,21:30:00,8 oct 2026,21:30:00,8 oct 2026,10:25:00,13:00:00,null,5552,1,1,0,0,0,-77.12,-70.8,Este,A,0,0,0,07:30:00,INT,7.5,00:00:00,00:00:00,8 oct 2026,J,REG
34,1,null,LIM,3 oct 2026,11:05:00,3 oct 2026,21:30:00,1,null,3 oct 2026,Oct-2026,2026Q3,LA,2413,LIM,SCL,LIMSCL,12:05:00,15:45:00,12:05:00,17:45:00,17:05:00,20:45:00,NO,763,BASE,NO,01:00:00,FP,03:40:00,01:25:00,NO,NO,03:00:00,1,1,1,null,1,11:05:00,11:05:00,3 oct 2026,3 oct 2026,11:05:00,21:30:00,3 oct 2026,21:30:00,3 oct 2026,21:30:00,3 oct 2026,10:25:00,13:00:00,null,5552,1,1,0,0,0,-77.12,-70.8,Este,A,0,0,0,07:30:00,INT,7.5,00:00:00,00:00:00,3 oct 2026,J,REG
302,4,null,LIM,27 oct 2026,23:15:00,30 oct 2026,22:25:00,1,null,28 oct 2026,Oct-2026,2026Q3,LA,2480,LIM,MIA,LIMMIA,00:15:00,06:10:00,00:15:00,07:10:00,05:15:00,11:10:00,NO,763,BASE,NO,01:00:00,FP,05:55:00,null,SI,NO,03:00:00,1,2,1,null,1,23:15:00,23:15:00,27 oct 2026,27 oct 2026,23:15:00,07:40:00,28 oct 2026,06:40:00,28 oct 2026,06:40:00,28 oct 2026,07:25:00,13:00:00,56:25:00,5191,0,0,0,0,1,-77.12,-80.28,Oeste," ",0,0,0,05:55:00,INT,2.937,00:00:00,00:00:00,28 oct 2026,J,INT
54,4,null,LIM,3 oct 2026,23:15:00,6 oct 2026,22:10:00,1,null,4 oct 2026,Oct-2026,2026Q3,LA,2480,LIM,MIA,LIMMIA,00:15:00,06:10:00,00:15:00,07:10:00,05:15:00,11:10:00,NO,763,BASE,NO,01:00:00,FP,05:55:00,null,SI,NO,03:00:00,1,2,1,null,1,23:15:00,23:15:00,3 oct 2026,3 oct 2026,23:15:00,07:40:00,4 oct 2026,06:40:00,4 oct 2026,06:40:00,4 oct 2026,07:25:00,13:00:00,56:15:00,5191,0,0,0,0,1,-77.12,-80.28,Oeste," ",0,0,0,05:55:00,INT,2.916,00:00:00,00:00:00,4 oct 2026,J,INT
92,3,null,LIM,7 oct 2026,23:15:00,9 oct 2026,22:10:00,1,null,8 oct 2026,Oct-2026,2026Q3,LA,2480,LIM,MIA,LIMMIA,00:15:00,06:10:00,00:15:00,07:10:00,05:15:00,11:10:00,NO,763,BASE,NO,01:00:00,FP,05:55:00,null,SI,NO,03:00:00,1,2,1,null,1,23:15:00,23:15:00,7 oct 2026,7 oct 2026,23:15:00,07:40:00,8 oct 2026,06:40:00,8 oct 2026,06:40:00,8 oct 2026,07:25:00,13:00:00,32:15:00,5191,0,0,1,0,3,-77.12,-80.28,Oeste," ",0,0,0,05:55:00,INT,3.888,00:00:00,00:00:00,8 oct 2026,J,INT
176,4,null,LIM,15 oct 2026,23:15:00,18 oct 2026,22:10:00,1,null,16 oct 2026,Oct-2026,2026Q3,LA,2480,LIM,MIA,LIMMIA,00:15:00,06:10:00,00:15:00,07:10:00,05:15:00,11:10:00,NO,763,BASE,NO,01:00:00,FP,05:55:00,null,SI,NO,03:00:00,1,2,1,null,1,23:15:00,23:15:00,15 oct 2026,15 oct 2026,23:15:00,07:40:00,16 oct 2026,06:40:00,16 oct 2026,06:40:00,16 oct 2026,07:25:00,13:00:00,56:15:00,5191,0,0,0,0,1,-77.12,-80.28,Oeste," ",0,0,0,05:55:00,INT,2.916,00:00:00,00:00:00,16 oct 2026,J,INT
229,3,null,LIM,29 oct 2026,23:15:00,31 oct 2026,22:25:00,1,null,30 oct 2026,Oct-2026,2026Q3,LA,2480,LIM,MIA,LIMMIA,00:15:00,06:10:00,00:15:00,07:10:00,05:15:00,11:10:00,NO,763,BASE,NO,01:00:00,FP,05:55:00,null,SI,NO,03:00:00,1,2,1,null,1,23:15:00,23:15:00,29 oct 2026,29 oct 2026,23:15:00,07:40:00,30 oct 2026,06:40:00,30 oct 2026,06:40:00,30 oct 2026,07:25:00,13:00:00,32:25:00,5191,1,1,0,0,0,-77.12,-80.28,Oeste,A,0,0,0,05:55:00,INT,3.916,00:00:00,00:00:00,30 oct 2026,J,INT
60,4,null,LIM,6 oct 2026,23:15:00,9 oct 2026,05:30:00,1,null,7 oct 2026,Oct-2026,2026Q3,LA,2480,LIM,MIA,LIMMIA,00:15:00,06:10:00,00:15:00,07:10:00,05:15:00,11:10:00,NO,763,BASE,NO,01:00:00,FP,05:55:00,null,SI,NO,03:00:00,1,2,1,null,1,23:15:00,23:15:00,6 oct 2026,6 oct 2026,23:15:00,07:40:00,7 oct 2026,06:40:00,7 oct 2026,06:40:00,7 oct 2026,07:25:00,13:00:00,39:35:00,5191,1,1,0,0,0,-77.12,-80.28,Oeste,A,0,0,0,05:55:00,INT,2.916,00:00:00,00:00:00,7 oct 2026,J,INT
164,3,null,LIM,14 oct 2026,23:15:00,16 oct 2026,22:10:00,1,null,15 oct 2026,Oct-2026,2026Q3,LA,2480,LIM,MIA,LIMMIA,00:15:00,06:10:00,00:15:00,07:10:00,05:15:00,11:10:00,NO,763,BASE,NO,01:00:00,FP,05:55:00,null,SI,NO,03:00:00,1,2,1,null,1,23:15:00,23:15:00,14 oct 2026,14 oct 2026,23:15:00,07:40:00,15 oct 2026,06:40:00,15 oct 2026,06:40:00,15 oct 2026,07:25:00,13:00:00,32:15:00,5191,0,0,1,0,3,-77.12,-80.28,Oeste," ",0,0,0,05:55:00,INT,3.888,00:00:00,00:00:00,15 oct 2026,J,INT
291,3,null,LIM,26 oct 2026,23:15:00,28 oct 2026,22:25:00,1,null,27 oct 2026,Oct-2026,2026Q3,LA,2480,LIM,MIA,LIMMIA,00:15:00,06:10:00,00:15:00,07:10:00,05:15:00,11:10:00,NO,763,BASE,NO,01:00:00,FP,05:55:00,null,SI,NO,03:00:00,1,2,1,null,1,23:15:00,23:15:00,26 oct 2026,26 oct 2026,23:15:00,07:40:00,27 oct 2026,06:40:00,27 oct 2026,06:40:00,27 oct 2026,07:25:00,13:00:00,32:25:00,5191,0,0,1,0,3,-77.12,-80.28,Oeste," ",0,0,0,05:55:00,INT,3.916,00:00:00,00:00:00,27 oct 2026,J,INT
103,3,null,LIM,8 oct 2026,23:15:00,10 oct 2026,22:10:00,1,null,9 oct 2026,Oct-2026,2026Q3,LA,2480,LIM,MIA,LIMMIA,00:15:00,06:10:00,00:15:00,07:10:00,05:15:00,11:10:00,NO,763,BASE,NO,01:00:00,FP,05:55:00,null,SI,NO,03:00:00,1,2,1,null,1,23:15:00,23:15:00,8 oct 2026,8 oct 2026,23:15:00,07:40:00,9 oct 2026,06:40:00,9 oct 2026,06:40:00,9 oct 2026,07:25:00,13:00:00,32:15:00,5191,0,0,1,0,3,-77.12,-80.28,Oeste," ",0,0,0,05:55:00,INT,3.888,00:00:00,00:00:00,9 oct 2026,J,INT
127,4,null,LIM,10 oct 2026,23:15:00,13 oct 2026,22:10:00,1,null,11 oct 2026,Oct-2026,2026Q3,LA,2480,LIM,MIA,LIMMIA,00:15:00,06:10:00,00:15:00,07:10:00,05:15:00,11:10:00,NO,763,BASE,NO,01:00:00,FP,05:55:00,null,SI,NO,03:00:00,1,2,1,null,1,23:15:00,23:15:00,10 oct 2026,10 oct 2026,23:15:00,07:40:00,11 oct 2026,06:40:00,11 oct 2026,06:40:00,11 oct 2026,07:25:00,13:00:00,56:15:00,5191,0,0,0,0,1,-77.12,-80.28,Oeste," ",0,0,0,05:55:00,INT,2.916,00:00:00,00:00:00,11 oct 2026,J,INT
247,3,null,LIM,22 oct 2026,23:15:00,24 oct 2026,22:10:00,1,null,23 oct 2026,Oct-2026,2026Q3,LA,2480,LIM,MIA,LIMMIA,00:15:00,06:10:00,00:15:00,07:10:00,05:15:00,11:10:00,NO,763,BASE,NO,01:00:00,FP,05:55:00,null,SI,NO,03:00:00,1,2,1,null,1,23:15:00,23:15:00,22 oct 2026,22 oct 2026,23:15:00,07:40:00,23 oct 2026,06:40:00,23 oct 2026,06:40:00,23 oct 2026,07:25:00,13:00:00,32:15:00,5191,0,0,1,0,3,-77.12,-80.28,Oeste," ",0,0,0,05:55:00,INT,3.888,00:00:00,00:00:00,23 oct 2026,J,INT
115,4,null,LIM,9 oct 2026,23:15:00,12 oct 2026,22:10:00,1,null,10 oct 2026,Oct-2026,2026Q3,LA,2480,LIM,MIA,LIMMIA,00:15:00,06:10:00,00:15:00,07:10:00,05:15:00,11:10:00,NO,763,BASE,NO,01:00:00,FP,05:55:00,null,SI,NO,03:00:00,1,2,1,null,1,23:15:00,23:15:00,9 oct 2026,9 oct 2026,23:15:00,07:40:00,10 oct 2026,06:40:00,10 oct 2026,06:40:00,10 oct 2026,07:25:00,13:00:00,56:15:00,5191,0,0,0,0,1,-77.12,-80.28,Oeste," ",0,0,0,05:55:00,INT,2.916,00:00:00,00:00:00,10 oct 2026,J,INT
45,3,null,LIM,4 oct 2026,23:15:00,6 oct 2026,22:10:00,1,null,5 oct 2026,Oct-2026,2026Q3,LA,2480,LIM,MIA,LIMMIA,00:15:00,06:10:00,00:15:00,07:10:00,05:15:00,11:10:00,NO,763,BASE,NO,01:00:00,FP,05:55:00,null,SI,NO,03:00:00,1,2,1,null,1,23:15:00,23:15:00,4 oct 2026,4 oct 2026,23:15:00,07:40:00,5 oct 2026,06:40:00,5 oct 2026,06:40:00,5 oct 2026,07:25:00,13:00:00,32:15:00,5191,1,1,0,0,0,-77.12,-80.28,Oeste,A,0,0,0,05:55:00,INT,3.888,00:00:00,00:00:00,5 oct 2026,J,INT
42,4,null,LIM,2 oct 2026,23:15:00,5 oct 2026,22:10:00,1,null,3 oct 2026,Oct-2026,2026Q3,LA,2480,LIM,MIA,LIMMIA,00:15:00,06:10:00,00:15:00,07:10:00,05:15:00,11:10:00,NO,763,BASE,NO,01:00:00,FP,05:55:00,null,SI,NO,03:00:00,1,2,1,null,1,23:15:00,23:15:00,2 oct 2026,2 oct 2026,23:15:00,07:40:00,3 oct 2026,06:40:00,3 oct 2026,06:40:00,3 oct 2026,07:25:00,13:00:00,56:15:00,5191,0,0,0,0,1,-77.12,-80.28,Oeste," ",0,0,0,05:55:00,INT,2.916,00:00:00,00:00:00,3 oct 2026,J,INT
332,4,null,LIM,30 oct 2026,23:15:00,2 nov 2026,22:25:00,1,null,31 oct 2026,Oct-2026,2026Q3,LA,2480,LIM,MIA,LIMMIA,00:15:00,06:10:00,00:15:00,07:10:00,05:15:00,11:10:00,NO,763,BASE,NO,01:00:00,FP,05:55:00,null,SI,NO,03:00:00,1,2,1,null,1,23:15:00,23:15:00,30 oct 2026,30 oct 2026,23:15:00,07:40:00,31 oct 2026,06:40:00,31 oct 2026,06:40:00,31 oct 2026,07:25:00,13:00:00,56:25:00,5191,0,0,0,0,1,-77.12,-80.28,Oeste," ",0,0,0,05:55:00,INT,2.937,00:00:00,00:00:00,31 oct 2026,J,INT
217,3,null,LIM,19 oct 2026,23:15:00,21 oct 2026,22:10:00,1,null,20 oct 2026,Oct-2026,2026Q3,LA,2480,LIM,MIA,LIMMIA,00:15:00,06:10:00,00:15:00,07:10:00,05:15:00,11:10:00,NO,763,BASE,NO,01:00:00,FP,05:55:00,null,SI,NO,03:00:00,1,2,1,null,1,23:15:00,23:15:00,19 oct 2026,19 oct 2026,23:15:00,07:40:00,20 oct 2026,06:40:00,20 oct 2026,06:40:00,20 oct 2026,07:25:00,13:00:00,32:15:00,5191,0,0,1,0,3,-77.12,-80.28,Oeste," ",0,0,0,05:55:00,INT,3.888,00:00:00,00:00:00,20 oct 2026,J,INT
125,3,null,LIM,15 oct 2026,23:15:00,17 oct 2026,22:10:00,1,null,16 oct 2026,Oct-2026,2026Q3,LA,2480,LIM,MIA,LIMMIA,00:15:00,06:10:00,00:15:00,07:10:00,05:15:00,11:10:00,NO,763,BASE,NO,01:00:00,FP,05:55:00,null,SI,NO,03:00:00,1,2,1,null,1,23:15:00,23:15:00,15 oct 2026,15 oct 2026,23:15:00,07:40:00,16 oct 2026,06:40:00,16 oct 2026,06:40:00,16 oct 2026,07:25:00,13:00:00,32:15:00,5191,1,1,0,0,0,-77.12,-80.28,Oeste,A,0,0,0,05:55:00,INT,3.888,00:00:00,00:00:00,16 oct 2026,J,INT
176,3,null,LIM,22 oct 2026,23:15:00,24 oct 2026,22:10:00,1,null,23 oct 2026,Oct-2026,2026Q3,LA,2480,LIM,MIA,LIMMIA,00:15:00,06:10:00,00:15:00,07:10:00,05:15:00,11:10:00,NO,763,BASE,NO,01:00:00,FP,05:55:00,null,SI,NO,03:00:00,1,2,1,null,1,23:15:00,23:15:00,22 oct 2026,22 oct 2026,23:15:00,07:40:00,23 oct 2026,06:40:00,23 oct 2026,06:40:00,23 oct 2026,07:25:00,13:00:00,32:15:00,5191,1,1,0,0,0,-77.12,-80.28,Oeste,A,0,0,0,05:55:00,INT,3.888,00:00:00,00:00:00,23 oct 2026,J,INT
111,4,null,LIM,13 oct 2026,23:15:00,16 oct 2026,05:30:00,1,null,14 oct 2026,Oct-2026,2026Q3,LA,2480,LIM,MIA,LIMMIA,00:15:00,06:10:00,00:15:00,07:10:00,05:15:00,11:10:00,NO,763,BASE,NO,01:00:00,FP,05:55:00,null,SI,NO,03:00:00,1,2,1,null,1,23:15:00,23:15:00,13 oct 2026,13 oct 2026,23:15:00,07:40:00,14 oct 2026,06:40:00,14 oct 2026,06:40:00,14 oct 2026,07:25:00,13:00:00,39:35:00,5191,1,1,0,0,0,-77.12,-80.28,Oeste,A,0,0,0,05:55:00,INT,2.916,00:00:00,00:00:00,14 oct 2026,J,INT
321,3,null,LIM,29 oct 2026,23:15:00,31 oct 2026,22:25:00,1,null,30 oct 2026,Oct-2026,2026Q3,LA,2480,LIM,MIA,LIMMIA,00:15:00,06:10:00,00:15:00,07:10:00,05:15:00,11:10:00,NO,763,BASE,NO,01:00:00,FP,05:55:00,null,SI,NO,03:00:00,1,2,1,null,1,23:15:00,23:15:00,29 oct 2026,29 oct 2026,23:15:00,07:40:00,30 oct 2026,06:40:00,30 oct 2026,06:40:00,30 oct 2026,07:25:00,13:00:00,32:25:00,5191,0,0,1,0,3,-77.12,-80.28,Oeste," ",0,0,0,05:55:00,INT,3.916,00:00:00,00:00:00,30 oct 2026,J,INT
169,3,null,LIM,21 oct 2026,23:15:00,23 oct 2026,22:10:00,1,null,22 oct 2026,Oct-2026,2026Q3,LA,2480,LIM,MIA,LIMMIA,00:15:00,06:10:00,00:15:00,07:10:00,05:15:00,11:10:00,NO,763,BASE,NO,01:00:00,FP,05:55:00,null,SI,NO,03:00:00,1,2,1,null,1,23:15:00,23:15:00,21 oct 2026,21 oct 2026,23:15:00,07:40:00,22 oct 2026,06:40:00,22 oct 2026,06:40:00,22 oct 2026,07:25:00,13:00:00,32:15:00,5191,1,1,0,0,0,-77.12,-80.28,Oeste,A,0,0,0,05:55:00,INT,3.888,00:00:00,00:00:00,22 oct 2026,J,INT
74,4,null,LIM,5 oct 2026,23:15:00,8 oct 2026,22:30:00,1,null,6 oct 2026,Oct-2026,2026Q3,LA,2480,LIM,MIA,LIMMIA,00:15:00,06:10:00,00:15:00,07:10:00,05:15:00,11:10:00,NO,763,BASE,NO,01:00:00,FP,05:55:00,null,SI,NO,03:00:00,1,2,1,null,1,23:15:00,23:15:00,5 oct 2026,5 oct 2026,23:15:00,07:40:00,6 oct 2026,06:40:00,6 oct 2026,06:40:00,6 oct 2026,07:25:00,13:00:00,56:30:00,5191,0,0,0,0,1,-77.12,-80.28,Oeste," ",0,0,0,05:55:00,INT,2.937,00:00:00,00:00:00,6 oct 2026,J,INT
269,3,null,LIM,24 oct 2026,23:15:00,26 oct 2026,22:25:00,1,null,25 oct 2026,Oct-2026,2026Q3,LA,2480,LIM,MIA,LIMMIA,00:15:00,06:10:00,00:15:00,07:10:00,05:15:00,11:10:00,NO,763,BASE,NO,01:00:00,FP,05:55:00,null,SI,NO,03:00:00,1,2,1,null,1,23:15:00,23:15:00,24 oct 2026,24 oct 2026,23:15:00,07:40:00,25 oct 2026,06:40:00,25 oct 2026,06:40:00,25 oct 2026,07:25:00,13:00:00,32:25:00,5191,0,0,1,0,3,-77.12,-80.28,Oeste," ",0,0,0,05:55:00,INT,3.916,00:00:00,00:00:00,25 oct 2026,J,INT
155,3,null,LIM,13 oct 2026,23:15:00,15 oct 2026,22:30:00,1,null,14 oct 2026,Oct-2026,2026Q3,LA,2480,LIM,MIA,LIMMIA,00:15:00,06:10:00,00:15:00,07:10:00,05:15:00,11:10:00,NO,763,BASE,NO,01:00:00,FP,05:55:00,null,SI,NO,03:00:00,1,2,1,null,1,23:15:00,23:15:00,13 oct 2026,13 oct 2026,23:15:00,07:40:00,14 oct 2026,06:40:00,14 oct 2026,06:40:00,14 oct 2026,07:25:00,13:00:00,32:30:00,5191,0,0,1,0,3,-77.12,-80.28,Oeste," ",0,0,0,05:55:00,INT,3.916,00:00:00,00:00:00,14 oct 2026,J,INT
322,4,null,LIM,29 oct 2026,23:15:00,1 nov 2026,22:25:00,1,null,30 oct 2026,Oct-2026,2026Q3,LA,2480,LIM,MIA,LIMMIA,00:15:00,06:10:00,00:15:00,07:10:00,05:15:00,11:10:00,NO,763,BASE,NO,01:00:00,FP,05:55:00,null,SI,NO,03:00:00,1,2,1,null,1,23:15:00,23:15:00,29 oct 2026,29 oct 2026,23:15:00,07:40:00,30 oct 2026,06:40:00,30 oct 2026,06:40:00,30 oct 2026,07:25:00,13:00:00,56:25:00,5191,0,0,0,0,1,-77.12,-80.28,Oeste," ",0,0,0,05:55:00,INT,2.937,00:00:00,00:00:00,30 oct 2026,J,INT
126,3,null,LIM,10 oct 2026,23:15:00,12 oct 2026,22:10:00,1,null,11 oct 2026,Oct-2026,2026Q3,LA,2480,LIM,MIA,LIMMIA,00:15:00,06:10:00,00:15:00,07:10:00,05:15:00,11:10:00,NO,763,BASE,NO,01:00:00,FP,05:55:00,null,SI,NO,03:00:00,1,2,1,null,1,23:15:00,23:15:00,10 oct 2026,10 oct 2026,23:15:00,07:40:00,11 oct 2026,06:40:00,11 oct 2026,06:40:00,11 oct 2026,07:25:00,13:00:00,32:15:00,5191,0,0,1,0,3,-77.12,-80.28,Oeste," ",0,0,0,05:55:00,INT,3.888,00:00:00,00:00:00,11 oct 2026,J,INT
312,4,null,LIM,28 oct 2026,23:15:00,31 oct 2026,22:25:00,1,null,29 oct 2026,Oct-2026,2026Q3,LA,2480,LIM,MIA,LIMMIA,00:15:00,06:10:00,00:15:00,07:10:00,05:15:00,11:10:00,NO,763,BASE,NO,01:00:00,FP,05:55:00,null,SI,NO,03:00:00,1,2,1,null,1,23:15:00,23:15:00,28 oct 2026,28 oct 2026,23:15:00,07:40:00,29 oct 2026,06:40:00,29 oct 2026,06:40:00,29 oct 2026,07:25:00,13:00:00,56:25:00,5191,0,0,0,0,1,-77.12,-80.28,Oeste," ",0,0,0,05:55:00,INT,2.937,00:00:00,00:00:00,29 oct 2026,J,INT
53,3,null,LIM,3 oct 2026,23:15:00,5 oct 2026,22:10:00,1,null,4 oct 2026,Oct-2026,2026Q3,LA,2480,LIM,MIA,LIMMIA,00:15:00,06:10:00,00:15:00,07:10:00,05:15:00,11:10:00,NO,763,BASE,NO,01:00:00,FP,05:55:00,null,SI,NO,03:00:00,1,2,1,null,1,23:15:00,23:15:00,3 oct 2026,3 oct 2026,23:15:00,07:40:00,4 oct 2026,06:40:00,4 oct 2026,06:40:00,4 oct 2026,07:25:00,13:00:00,32:15:00,5191,0,0,1,0,3,-77.12,-80.28,Oeste," ",0,0,0,05:55:00,INT,3.888,00:00:00,00:00:00,4 oct 2026,J,INT
93,4,null,LIM,7 oct 2026,23:15:00,10 oct 2026,22:10:00,1,null,8 oct 2026,Oct-2026,2026Q3,LA,2480,LIM,MIA,LIMMIA,00:15:00,06:10:00,00:15:00,07:10:00,05:15:00,11:10:00,NO,763,BASE,NO,01:00:00,FP,05:55:00,null,SI,NO,03:00:00,1,2,1,null,1,23:15:00,23:15:00,7 oct 2026,7 oct 2026,23:15:00,07:40:00,8 oct 2026,06:40:00,8 oct 2026,06:40:00,8 oct 2026,07:25:00,13:00:00,56:15:00,5191,0,0,0,0,1,-77.12,-80.28,Oeste," ",0,0,0,05:55:00,INT,2.916,00:00:00,00:00:00,8 oct 2026,J,INT
84,4,null,LIM,6 oct 2026,23:15:00,9 oct 2026,22:10:00,1,null,7 oct 2026,Oct-2026,2026Q3,LA,2480,LIM,MIA,LIMMIA,00:15:00,06:10:00,00:15:00,07:10:00,05:15:00,11:10:00,NO,763,BASE,NO,01:00:00,FP,05:55:00,null,SI,NO,03:00:00,1,2,1,null,1,23:15:00,23:15:00,6 oct 2026,6 oct 2026,23:15:00,07:40:00,7 oct 2026,06:40:00,7 oct 2026,06:40:00,7 oct 2026,07:25:00,13:00:00,56:15:00,5191,0,0,0,0,1,-77.12,-80.28,Oeste," ",0,0,0,05:55:00,INT,2.916,00:00:00,00:00:00,7 oct 2026,J,INT
83,3,null,LIM,6 oct 2026,23:15:00,8 oct 2026,22:30:00,1,null,7 oct 2026,Oct-2026,2026Q3,LA,2480,LIM,MIA,LIMMIA,00:15:00,06:10:00,00:15:00,07:10:00,05:15:00,11:10:00,NO,763,BASE,NO,01:00:00,FP,05:55:00,null,SI,NO,03:00:00,1,2,1,null,1,23:15:00,23:15:00,6 oct 2026,6 oct 2026,23:15:00,07:40:00,7 oct 2026,06:40:00,7 oct 2026,06:40:00,7 oct 2026,07:25:00,13:00:00,32:30:00,5191,0,0,1,0,3,-77.12,-80.28,Oeste," ",0,0,0,05:55:00,INT,3.916,00:00:00,00:00:00,7 oct 2026,J,INT
22,3,null,LIM,1 oct 2026,23:15:00,3 oct 2026,22:10:00,1,null,2 oct 2026,Oct-2026,2026Q3,LA,2480,LIM,MIA,LIMMIA,00:15:00,06:10:00,00:15:00,07:10:00,05:15:00,11:10:00,NO,763,BASE,NO,01:00:00,FP,05:55:00,null,SI,NO,03:00:00,1,2,1,null,1,23:15:00,23:15:00,1 oct 2026,1 oct 2026,23:15:00,07:40:00,2 oct 2026,06:40:00,2 oct 2026,06:40:00,2 oct 2026,07:25:00,13:00:00,32:15:00,5191,1,1,0,0,0,-77.12,-80.28,Oeste,A,0,0,0,05:55:00,INT,3.888,00:00:00,00:00:00,2 oct 2026,J,INT
21,4,LA2480300926,LIM,30 sept 2026,23:15:00,3 oct 2026,22:10:00,1,null,1 oct 2026,Oct-2026,2026Q3,LA,2480,LIM,MIA,LIMMIA,00:15:00,06:10:00,00:15:00,07:10:00,05:15:00,11:10:00,NO,763,BASE,NO,01:00:00,FP,05:55:00,null,SI,NO,03:00:00,1,2,1,null,1,23:15:00,23:15:00,30 sept 2026,30 sept 2026,23:15:00,07:40:00,1 oct 2026,06:40:00,1 oct 2026,06:40:00,1 oct 2026,07:25:00,13:00:00,56:15:00,5191,0,0,0,0,1,-77.12,-80.28,Oeste," ",0,0,0,05:55:00,INT,2.916,00:00:00,00:00:00,1 oct 2026,J,INT
186,3,null,LIM,16 oct 2026,23:15:00,18 oct 2026,22:10:00,1,null,17 oct 2026,Oct-2026,2026Q3,LA,2480,LIM,MIA,LIMMIA,00:15:00,06:10:00,00:15:00,07:10:00,05:15:00,11:10:00,NO,763,BASE,NO,01:00:00,FP,05:55:00,null,SI,NO,03:00:00,1,2,1,null,1,23:15:00,23:15:00,16 oct 2026,16 oct 2026,23:15:00,07:40:00,17 oct 2026,06:40:00,17 oct 2026,06:40:00,17 oct 2026,07:25:00,13:00:00,32:15:00,5191,0,0,1,0,3,-77.12,-80.28,Oeste," ",0,0,0,05:55:00,INT,3.888,00:00:00,00:00:00,17 oct 2026,J,INT
222,3,null,LIM,28 oct 2026,23:15:00,30 oct 2026,22:25:00,1,null,29 oct 2026,Oct-2026,2026Q3,LA,2480,LIM,MIA,LIMMIA,00:15:00,06:10:00,00:15:00,07:10:00,05:15:00,11:10:00,NO,763,BASE,NO,01:00:00,FP,05:55:00,null,SI,NO,03:00:00,1,2,1,null,1,23:15:00,23:15:00,28 oct 2026,28 oct 2026,23:15:00,07:40:00,29 oct 2026,06:40:00,29 oct 2026,06:40:00,29 oct 2026,07:25:00,13:00:00,32:25:00,5191,1,1,0,0,0,-77.12,-80.28,Oeste,A,0,0,0,05:55:00,INT,3.916,00:00:00,00:00:00,29 oct 2026,J,INT
30,3,null,LIM,1 oct 2026,23:15:00,3 oct 2026,22:10:00,1,null,2 oct 2026,Oct-2026,2026Q3,LA,2480,LIM,MIA,LIMMIA,00:15:00,06:10:00,00:15:00,07:10:00,05:15:00,11:10:00,NO,763,BASE,NO,01:00:00,FP,05:55:00,null,SI,NO,03:00:00,1,2,1,null,1,23:15:00,23:15:00,1 oct 2026,1 oct 2026,23:15:00,07:40:00,2 oct 2026,06:40:00,2 oct 2026,06:40:00,2 oct 2026,07:25:00,13:00:00,32:15:00,5191,0,0,1,0,3,-77.12,-80.28,Oeste," ",0,0,0,05:55:00,INT,3.888,00:00:00,00:00:00,2 oct 2026,J,INT
91,3,null,LIM,10 oct 2026,23:15:00,12 oct 2026,22:10:00,1,null,11 oct 2026,Oct-2026,2026Q3,LA,2480,LIM,MIA,LIMMIA,00:15:00,06:10:00,00:15:00,07:10:00,05:15:00,11:10:00,NO,763,BASE,NO,01:00:00,FP,05:55:00,null,SI,NO,03:00:00,1,2,1,null,1,23:15:00,23:15:00,10 oct 2026,10 oct 2026,23:15:00,07:40:00,11 oct 2026,06:40:00,11 oct 2026,06:40:00,11 oct 2026,07:25:00,13:00:00,32:15:00,5191,1,1,0,0,0,-77.12,-80.28,Oeste,A,0,0,0,05:55:00,INT,3.888,00:00:00,00:00:00,11 oct 2026,J,INT
228,4,null,LIM,20 oct 2026,23:15:00,23 oct 2026,22:10:00,1,null,21 oct 2026,Oct-2026,2026Q3,LA,2480,LIM,MIA,LIMMIA,00:15:00,06:10:00,00:15:00,07:10:00,05:15:00,11:10:00,NO,763,BASE,NO,01:00:00,FP,05:55:00,null,SI,NO,03:00:00,1,2,1,null,1,23:15:00,23:15:00,20 oct 2026,20 oct 2026,23:15:00,07:40:00,21 oct 2026,06:40:00,21 oct 2026,06:40:00,21 oct 2026,07:25:00,13:00:00,56:15:00,5191,0,0,0,0,1,-77.12,-80.28,Oeste," ",0,0,0,05:55:00,INT,2.916,00:00:00,00:00:00,21 oct 2026,J,INT
187,4,null,LIM,16 oct 2026,23:15:00,19 oct 2026,22:10:00,1,null,17 oct 2026,Oct-2026,2026Q3,LA,2480,LIM,MIA,LIMMIA,00:15:00,06:10:00,00:15:00,07:10:00,05:15:00,11:10:00,NO,763,BASE,NO,01:00:00,FP,05:55:00,null,SI,NO,03:00:00,1,2,1,null,1,23:15:00,23:15:00,16 oct 2026,16 oct 2026,23:15:00,07:40:00,17 oct 2026,06:40:00,17 oct 2026,06:40:00,17 oct 2026,07:25:00,13:00:00,56:15:00,5191,0,0,0,0,1,-77.12,-80.28,Oeste," ",0,0,0,05:55:00,INT,2.916,00:00:00,00:00:00,17 oct 2026,J,INT
147,3,null,LIM,18 oct 2026,23:15:00,20 oct 2026,22:10:00,1,null,19 oct 2026,Oct-2026,2026Q3,LA,2480,LIM,MIA,LIMMIA,00:15:00,06:10:00,00:15:00,07:10:00,05:15:00,11:10:00,NO,763,BASE,NO,01:00:00,FP,05:55:00,null,SI,NO,03:00:00,1,2,1,null,1,23:15:00,23:15:00,18 oct 2026,18 oct 2026,23:15:00,07:40:00,19 oct 2026,06:40:00,19 oct 2026,06:40:00,19 oct 2026,07:25:00,13:00:00,32:15:00,5191,1,1,0,0,0,-77.12,-80.28,Oeste,A,0,0,0,05:55:00,INT,3.888,00:00:00,00:00:00,19 oct 2026,J,INT
117,3,null,LIM,14 oct 2026,23:15:00,16 oct 2026,22:10:00,1,null,15 oct 2026,Oct-2026,2026Q3,LA,2480,LIM,MIA,LIMMIA,00:15:00,06:10:00,00:15:00,07:10:00,05:15:00,11:10:00,NO,763,BASE,NO,01:00:00,FP,05:55:00,null,SI,NO,03:00:00,1,2,1,null,1,23:15:00,23:15:00,14 oct 2026,14 oct 2026,23:15:00,07:40:00,15 oct 2026,06:40:00,15 oct 2026,06:40:00,15 oct 2026,07:25:00,13:00:00,32:15:00,5191,1,1,0,0,0,-77.12,-80.28,Oeste,A,0,0,0,05:55:00,INT,3.888,00:00:00,00:00:00,15 oct 2026,J,INT
31,4,null,LIM,1 oct 2026,23:15:00,4 oct 2026,22:10:00,1,null,2 oct 2026,Oct-2026,2026Q3,LA,2480,LIM,MIA,LIMMIA,00:15:00,06:10:00,00:15:00,07:10:00,05:15:00,11:10:00,NO,763,BASE,NO,01:00:00,FP,05:55:00,null,SI,NO,03:00:00,1,2,1,null,1,23:15:00,23:15:00,1 oct 2026,1 oct 2026,23:15:00,07:40:00,2 oct 2026,06:40:00,2 oct 2026,06:40:00,2 oct 2026,07:25:00,13:00:00,56:15:00,5191,0,0,0,0,1,-77.12,-80.28,Oeste," ",0,0,0,05:55:00,INT,2.916,00:00:00,00:00:00,2 oct 2026,J,INT
141,3,null,LIM,17 oct 2026,23:15:00,19 oct 2026,22:10:00,1,null,18 oct 2026,Oct-2026,2026Q3,LA,2480,LIM,MIA,LIMMIA,00:15:00,06:10:00,00:15:00,07:10:00,05:15:00,11:10:00,NO,763,BASE,NO,01:00:00,FP,05:55:00,null,SI,NO,03:00:00,1,2,1,null,1,23:15:00,23:15:00,17 oct 2026,17 oct 2026,23:15:00,07:40:00,18 oct 2026,06:40:00,18 oct 2026,06:40:00,18 oct 2026,07:25:00,13:00:00,32:15:00,5191,1,1,0,0,0,-77.12,-80.28,Oeste,A,0,0,0,05:55:00,INT,3.888,00:00:00,00:00:00,18 oct 2026,J,INT
184,3,null,LIM,23 oct 2026,23:15:00,25 oct 2026,22:25:00,1,null,24 oct 2026,Oct-2026,2026Q3,LA,2480,LIM,MIA,LIMMIA,00:15:00,06:10:00,00:15:00,07:10:00,05:15:00,11:10:00,NO,763,BASE,NO,01:00:00,FP,05:55:00,null,SI,NO,03:00:00,1,2,1,null,1,23:15:00,23:15:00,23 oct 2026,23 oct 2026,23:15:00,07:40:00,24 oct 2026,06:40:00,24 oct 2026,06:40:00,24 oct 2026,07:25:00,13:00:00,32:25:00,5191,1,1,0,0,0,-77.12,-80.28,Oeste,A,0,0,0,05:55:00,INT,3.916,00:00:00,00:00:00,24 oct 2026,J,INT
39,3,null,LIM,3 oct 2026,23:15:00,5 oct 2026,22:10:00,1,null,4 oct 2026,Oct-2026,2026Q3,LA,2480,LIM,MIA,LIMMIA,00:15:00,06:10:00,00:15:00,07:10:00,05:15:00,11:10:00,NO,763,BASE,NO,01:00:00,FP,05:55:00,null,SI,NO,03:00:00,1,2,1,null,1,23:15:00,23:15:00,3 oct 2026,3 oct 2026,23:15:00,07:40:00,4 oct 2026,06:40:00,4 oct 2026,06:40:00,4 oct 2026,07:25:00,13:00:00,32:15:00,5191,1,1,0,0,0,-77.12,-80.28,Oeste,A,0,0,0,05:55:00,INT,3.888,00:00:00,00:00:00,4 oct 2026,J,INT
53,3,null,LIM,5 oct 2026,23:15:00,7 oct 2026,22:10:00,1,null,6 oct 2026,Oct-2026,2026Q3,LA,2480,LIM,MIA,LIMMIA,00:15:00,06:10:00,00:15:00,07:10:00,05:15:00,11:10:00,NO,763,BASE,NO,01:00:00,FP,05:55:00,null,SI,NO,03:00:00,1,2,1,null,1,23:15:00,23:15:00,5 oct 2026,5 oct 2026,23:15:00,07:40:00,6 oct 2026,06:40:00,6 oct 2026,06:40:00,6 oct 2026,07:25:00,13:00:00,32:15:00,5191,1,1,0,0,0,-77.12,-80.28,Oeste,A,0,0,0,05:55:00,INT,3.888,00:00:00,00:00:00,6 oct 2026,J,INT
165,4,null,LIM,14 oct 2026,23:15:00,17 oct 2026,22:10:00,1,null,15 oct 2026,Oct-2026,2026Q3,LA,2480,LIM,MIA,LIMMIA,00:15:00,06:10:00,00:15:00,07:10:00,05:15:00,11:10:00,NO,763,BASE,NO,01:00:00,FP,05:55:00,null,SI,NO,03:00:00,1,2,1,null,1,23:15:00,23:15:00,14 oct 2026,14 oct 2026,23:15:00,07:40:00,15 oct 2026,06:40:00,15 oct 2026,06:40:00,15 oct 2026,07:25:00,13:00:00,56:15:00,5191,0,0,0,0,1,-77.12,-80.28,Oeste," ",0,0,0,05:55:00,INT,2.916,00:00:00,00:00:00,15 oct 2026,J,INT
175,3,null,LIM,15 oct 2026,23:15:00,17 oct 2026,22:10:00,1,null,16 oct 2026,Oct-2026,2026Q3,LA,2480,LIM,MIA,LIMMIA,00:15:00,06:10:00,00:15:00,07:10:00,05:15:00,11:10:00,NO,763,BASE,NO,01:00:00,FP,05:55:00,null,SI,NO,03:00:00,1,2,1,null,1,23:15:00,23:15:00,15 oct 2026,15 oct 2026,23:15:00,07:40:00,16 oct 2026,06:40:00,16 oct 2026,06:40:00,16 oct 2026,07:25:00,13:00:00,32:15:00,5191,0,0,1,0,3,-77.12,-80.28,Oeste," ",0,0,0,05:55:00,INT,3.888,00:00:00,00:00:00,16 oct 2026,J,INT
248,4,null,LIM,22 oct 2026,23:15:00,25 oct 2026,22:25:00,1,null,23 oct 2026,Oct-2026,2026Q3,LA,2480,LIM,MIA,LIMMIA,00:15:00,06:10:00,00:15:00,07:10:00,05:15:00,11:10:00,NO,763,BASE,NO,01:00:00,FP,05:55:00,null,SI,NO,03:00:00,1,2,1,null,1,23:15:00,23:15:00,22 oct 2026,22 oct 2026,23:15:00,07:40:00,23 oct 2026,06:40:00,23 oct 2026,06:40:00,23 oct 2026,07:25:00,13:00:00,56:25:00,5191,0,0,0,0,1,-77.12,-80.28,Oeste," ",0,0,0,05:55:00,INT,2.937,00:00:00,00:00:00,23 oct 2026,J,INT
66,3,null,LIM,7 oct 2026,23:15:00,9 oct 2026,22:10:00,1,null,8 oct 2026,Oct-2026,2026Q3,LA,2480,LIM,MIA,LIMMIA,00:15:00,06:10:00,00:15:00,07:10:00,05:15:00,11:10:00,NO,763,BASE,NO,01:00:00,FP,05:55:00,null,SI,NO,03:00:00,1,2,1,null,1,23:15:00,23:15:00,7 oct 2026,7 oct 2026,23:15:00,07:40:00,8 oct 2026,06:40:00,8 oct 2026,06:40:00,8 oct 2026,07:25:00,13:00:00,32:15:00,5191,1,1,0,0,0,-77.12,-80.28,Oeste,A,0,0,0,05:55:00,INT,3.888,00:00:00,00:00:00,8 oct 2026,J,INT
258,3,null,LIM,23 oct 2026,23:15:00,25 oct 2026,22:25:00,1,null,24 oct 2026,Oct-2026,2026Q3,LA,2480,LIM,MIA,LIMMIA,00:15:00,06:10:00,00:15:00,07:10:00,05:15:00,11:10:00,NO,763,BASE,NO,01:00:00,FP,05:55:00,null,SI,NO,03:00:00,1,2,1,null,1,23:15:00,23:15:00,23 oct 2026,23 oct 2026,23:15:00,07:40:00,24 oct 2026,06:40:00,24 oct 2026,06:40:00,24 oct 2026,07:25:00,13:00:00,32:25:00,5191,0,0,1,0,3,-77.12,-80.28,Oeste," ",0,0,0,05:55:00,INT,3.916,00:00:00,00:00:00,24 oct 2026,J,INT
103,3,null,LIM,12 oct 2026,23:15:00,14 oct 2026,22:10:00,1,null,13 oct 2026,Oct-2026,2026Q3,LA,2480,LIM,MIA,LIMMIA,00:15:00,06:10:00,00:15:00,07:10:00,05:15:00,11:10:00,NO,763,BASE,NO,01:00:00,FP,05:55:00,null,SI,NO,03:00:00,1,2,1,null,1,23:15:00,23:15:00,12 oct 2026,12 oct 2026,23:15:00,07:40:00,13 oct 2026,06:40:00,13 oct 2026,06:40:00,13 oct 2026,07:25:00,13:00:00,32:15:00,5191,1,1,0,0,0,-77.12,-80.28,Oeste,A,0,0,0,05:55:00,INT,3.888,00:00:00,00:00:00,13 oct 2026,J,INT
144,3,null,LIM,12 oct 2026,23:15:00,14 oct 2026,22:10:00,1,null,13 oct 2026,Oct-2026,2026Q3,LA,2480,LIM,MIA,LIMMIA,00:15:00,06:10:00,00:15:00,07:10:00,05:15:00,11:10:00,NO,763,BASE,NO,01:00:00,FP,05:55:00,null,SI,NO,03:00:00,1,2,1,null,1,23:15:00,23:15:00,12 oct 2026,12 oct 2026,23:15:00,07:40:00,13 oct 2026,06:40:00,13 oct 2026,06:40:00,13 oct 2026,07:25:00,13:00:00,32:15:00,5191,0,0,1,0,3,-77.12,-80.28,Oeste," ",0,0,0,05:55:00,INT,3.888,00:00:00,00:00:00,13 oct 2026,J,INT
192,3,null,LIM,24 oct 2026,23:15:00,26 oct 2026,22:25:00,1,null,25 oct 2026,Oct-2026,2026Q3,LA,2480,LIM,MIA,LIMMIA,00:15:00,06:10:00,00:15:00,07:10:00,05:15:00,11:10:00,NO,763,BASE,NO,01:00:00,FP,05:55:00,null,SI,NO,03:00:00,1,2,1,null,1,23:15:00,23:15:00,24 oct 2026,24 oct 2026,23:15:00,07:40:00,25 oct 2026,06:40:00,25 oct 2026,06:40:00,25 oct 2026,07:25:00,13:00:00,32:25:00,5191,1,1,0,0,0,-77.12,-80.28,Oeste,A,0,0,0,05:55:00,INT,3.916,00:00:00,00:00:00,25 oct 2026,J,INT
237,3,null,LIM,21 oct 2026,23:15:00,23 oct 2026,22:10:00,1,null,22 oct 2026,Oct-2026,2026Q3,LA,2480,LIM,MIA,LIMMIA,00:15:00,06:10:00,00:15:00,07:10:00,05:15:00,11:10:00,NO,763,BASE,NO,01:00:00,FP,05:55:00,null,SI,NO,03:00:00,1,2,1,null,1,23:15:00,23:15:00,21 oct 2026,21 oct 2026,23:15:00,07:40:00,22 oct 2026,06:40:00,22 oct 2026,06:40:00,22 oct 2026,07:25:00,13:00:00,32:15:00,5191,0,0,1,0,3,-77.12,-80.28,Oeste," ",0,0,0,05:55:00,INT,3.888,00:00:00,00:00:00,22 oct 2026,J,INT
301,3,null,LIM,27 oct 2026,23:15:00,29 oct 2026,23:00:00,1,null,28 oct 2026,Oct-2026,2026Q3,LA,2480,LIM,MIA,LIMMIA,00:15:00,06:10:00,00:15:00,07:10:00,05:15:00,11:10:00,NO,763,BASE,NO,01:00:00,FP,05:55:00,null,SI,NO,03:00:00,1,2,1,null,1,23:15:00,23:15:00,27 oct 2026,27 oct 2026,23:15:00,07:40:00,28 oct 2026,06:40:00,28 oct 2026,06:40:00,28 oct 2026,07:25:00,13:00:00,33:05:00,5191,0,0,1,0,3,-77.12,-80.28,Oeste," ",0,0,0,05:55:00,INT,3.888,00:00:00,00:00:00,28 oct 2026,J,INT
206,3,null,LIM,18 oct 2026,23:15:00,20 oct 2026,22:10:00,1,null,19 oct 2026,Oct-2026,2026Q3,LA,2480,LIM,MIA,LIMMIA,00:15:00,06:10:00,00:15:00,07:10:00,05:15:00,11:10:00,NO,763,BASE,NO,01:00:00,FP,05:55:00,null,SI,NO,03:00:00,1,2,1,null,1,23:15:00,23:15:00,18 oct 2026,18 oct 2026,23:15:00,07:40:00,19 oct 2026,06:40:00,19 oct 2026,06:40:00,19 oct 2026,07:25:00,13:00:00,32:15:00,5191,0,0,1,0,3,-77.12,-80.28,Oeste," ",0,0,0,05:55:00,INT,3.888,00:00:00,00:00:00,19 oct 2026,J,INT
238,4,null,LIM,21 oct 2026,23:15:00,24 oct 2026,22:10:00,1,null,22 oct 2026,Oct-2026,2026Q3,LA,2480,LIM,MIA,LIMMIA,00:15:00,06:10:00,00:15:00,07:10:00,05:15:00,11:10:00,NO,763,BASE,NO,01:00:00,FP,05:55:00,null,SI,NO,03:00:00,1,2,1,null,1,23:15:00,23:15:00,21 oct 2026,21 oct 2026,23:15:00,07:40:00,22 oct 2026,06:40:00,22 oct 2026,06:40:00,22 oct 2026,07:25:00,13:00:00,56:15:00,5191,0,0,0,0,1,-77.12,-80.28,Oeste," ",0,0,0,05:55:00,INT,2.916,00:00:00,00:00:00,22 oct 2026,J,INT
41,3,null,LIM,2 oct 2026,23:15:00,4 oct 2026,22:10:00,1,null,3 oct 2026,Oct-2026,2026Q3,LA,2480,LIM,MIA,LIMMIA,00:15:00,06:10:00,00:15:00,07:10:00,05:15:00,11:10:00,NO,763,BASE,NO,01:00:00,FP,05:55:00,null,SI,NO,03:00:00,1,2,1,null,1,23:15:00,23:15:00,2 oct 2026,2 oct 2026,23:15:00,07:40:00,3 oct 2026,06:40:00,3 oct 2026,06:40:00,3 oct 2026,07:25:00,13:00:00,32:15:00,5191,0,0,1,0,3,-77.12,-80.28,Oeste," ",0,0,0,05:55:00,INT,3.888,00:00:00,00:00:00,3 oct 2026,J,INT
198,4,null,LIM,17 oct 2026,23:15:00,20 oct 2026,22:10:00,1,null,18 oct 2026,Oct-2026,2026Q3,LA,2480,LIM,MIA,LIMMIA,00:15:00,06:10:00,00:15:00,07:10:00,05:15:00,11:10:00,NO,763,BASE,NO,01:00:00,FP,05:55:00,null,SI,NO,03:00:00,1,2,1,null,1,23:15:00,23:15:00,17 oct 2026,17 oct 2026,23:15:00,07:40:00,18 oct 2026,06:40:00,18 oct 2026,06:40:00,18 oct 2026,07:25:00,13:00:00,56:15:00,5191,0,0,0,0,1,-77.12,-80.28,Oeste," ",0,0,0,05:55:00,INT,2.916,00:00:00,00:00:00,18 oct 2026,J,INT
30,3,null,LIM,2 oct 2026,23:15:00,4 oct 2026,22:10:00,1,null,3 oct 2026,Oct-2026,2026Q3,LA,2480,LIM,MIA,LIMMIA,00:15:00,06:10:00,00:15:00,07:10:00,05:15:00,11:10:00,NO,763,BASE,NO,01:00:00,FP,05:55:00,null,SI,NO,03:00:00,1,2,1,null,1,23:15:00,23:15:00,2 oct 2026,2 oct 2026,23:15:00,07:40:00,3 oct 2026,06:40:00,3 oct 2026,06:40:00,3 oct 2026,07:25:00,13:00:00,32:15:00,5191,1,1,0,0,0,-77.12,-80.28,Oeste,A,0,0,0,05:55:00,INT,3.888,00:00:00,00:00:00,3 oct 2026,J,INT
20,3,LA2480-1300926,LIM,30 sept 2026,23:15:00,2 oct 2026,22:10:00,1,null,1 oct 2026,Oct-2026,2026Q3,LA,2480,LIM,MIA,LIMMIA,00:15:00,06:10:00,00:15:00,07:10:00,05:15:00,11:10:00,NO,763,BASE,NO,01:00:00,FP,05:55:00,null,SI,NO,03:00:00,1,2,1,null,1,23:15:00,23:15:00,30 sept 2026,30 sept 2026,23:15:00,07:40:00,1 oct 2026,06:40:00,1 oct 2026,06:40:00,1 oct 2026,07:25:00,13:00:00,32:15:00,5191,0,0,1,0,3,-77.12,-80.28,Oeste," ",0,0,0,05:55:00,INT,3.888,00:00:00,00:00:00,1 oct 2026,J,INT
74,3,null,LIM,8 oct 2026,23:15:00,10 oct 2026,22:10:00,1,null,9 oct 2026,Oct-2026,2026Q3,LA,2480,LIM,MIA,LIMMIA,00:15:00,06:10:00,00:15:00,07:10:00,05:15:00,11:10:00,NO,763,BASE,NO,01:00:00,FP,05:55:00,null,SI,NO,03:00:00,1,2,1,null,1,23:15:00,23:15:00,8 oct 2026,8 oct 2026,23:15:00,07:40:00,9 oct 2026,06:40:00,9 oct 2026,06:40:00,9 oct 2026,07:25:00,13:00:00,32:15:00,5191,1,1,0,0,0,-77.12,-80.28,Oeste,A,0,0,0,05:55:00,INT,3.888,00:00:00,00:00:00,9 oct 2026,J,INT
331,3,null,LIM,30 oct 2026,23:15:00,1 nov 2026,22:25:00,1,null,31 oct 2026,Oct-2026,2026Q3,LA,2480,LIM,MIA,LIMMIA,00:15:00,06:10:00,00:15:00,07:10:00,05:15:00,11:10:00,NO,763,BASE,NO,01:00:00,FP,05:55:00,null,SI,NO,03:00:00,1,2,1,null,1,23:15:00,23:15:00,30 oct 2026,30 oct 2026,23:15:00,07:40:00,31 oct 2026,06:40:00,31 oct 2026,06:40:00,31 oct 2026,07:25:00,13:00:00,32:25:00,5191,0,0,1,0,3,-77.12,-80.28,Oeste," ",0,0,0,05:55:00,INT,3.916,00:00:00,00:00:00,31 oct 2026,J,INT
162,3,null,LIM,20 oct 2026,23:15:00,22 oct 2026,22:30:00,1,null,21 oct 2026,Oct-2026,2026Q3,LA,2480,LIM,MIA,LIMMIA,00:15:00,06:10:00,00:15:00,07:10:00,05:15:00,11:10:00,NO,763,BASE,NO,01:00:00,FP,05:55:00,null,SI,NO,03:00:00,1,2,1,null,1,23:15:00,23:15:00,20 oct 2026,20 oct 2026,23:15:00,07:40:00,21 oct 2026,06:40:00,21 oct 2026,06:40:00,21 oct 2026,07:25:00,13:00:00,32:30:00,5191,1,1,0,0,0,-77.12,-80.28,Oeste,A,0,0,0,05:55:00,INT,3.916,00:00:00,00:00:00,21 oct 2026,J,INT
82,3,null,LIM,9 oct 2026,23:15:00,11 oct 2026,22:10:00,1,null,10 oct 2026,Oct-2026,2026Q3,LA,2480,LIM,MIA,LIMMIA,00:15:00,06:10:00,00:15:00,07:10:00,05:15:00,11:10:00,NO,763,BASE,NO,01:00:00,FP,05:55:00,null,SI,NO,03:00:00,1,2,1,null,1,23:15:00,23:15:00,9 oct 2026,9 oct 2026,23:15:00,07:40:00,10 oct 2026,06:40:00,10 oct 2026,06:40:00,10 oct 2026,07:25:00,13:00:00,32:15:00,5191,1,1,0,0,0,-77.12,-80.28,Oeste,A,0,0,0,05:55:00,INT,3.888,00:00:00,00:00:00,10 oct 2026,J,INT
200,3,null,LIM,25 oct 2026,23:15:00,27 oct 2026,22:25:00,1,null,26 oct 2026,Oct-2026,2026Q3,LA,2480,LIM,MIA,LIMMIA,00:15:00,06:10:00,00:15:00,07:10:00,05:15:00,11:10:00,NO,763,BASE,NO,01:00:00,FP,05:55:00,null,SI,NO,03:00:00,1,2,1,null,1,23:15:00,23:15:00,25 oct 2026,25 oct 2026,23:15:00,07:40:00,26 oct 2026,06:40:00,26 oct 2026,06:40:00,26 oct 2026,07:25:00,13:00:00,32:25:00,5191,1,1,0,0,0,-77.12,-80.28,Oeste,A,0,0,0,05:55:00,INT,3.916,00:00:00,00:00:00,26 oct 2026,J,INT
342,3,null,LIM,31 oct 2026,23:15:00,2 nov 2026,22:25:00,1,null,1 nov 2026,Nov-2026,2026Q3,LA,2480,LIM,MIA,LIMMIA,00:15:00,06:10:00,00:15:00,06:10:00,05:15:00,11:10:00,NO,763,BASE,NO,01:00:00,FP,05:55:00,null,SI,NO,03:00:00,1,2,1,null,1,23:15:00,23:15:00,31 oct 2026,31 oct 2026,23:15:00,06:40:00,1 nov 2026,06:40:00,1 nov 2026,06:40:00,1 nov 2026,07:25:00,13:00:00,32:25:00,5191,0,0,1,0,3,-77.12,-80.28,Oeste," ",0,0,0,05:55:00,INT,3.916,00:00:00,00:00:00,1 nov 2026,J,INT
207,4,null,LIM,18 oct 2026,23:15:00,21 oct 2026,22:10:00,1,null,19 oct 2026,Oct-2026,2026Q3,LA,2480,LIM,MIA,LIMMIA,00:15:00,06:10:00,00:15:00,07:10:00,05:15:00,11:10:00,NO,763,BASE,NO,01:00:00,FP,05:55:00,null,SI,NO,03:00:00,1,2,1,null,1,23:15:00,23:15:00,18 oct 2026,18 oct 2026,23:15:00,07:40:00,19 oct 2026,06:40:00,19 oct 2026,06:40:00,19 oct 2026,07:25:00,13:00:00,56:15:00,5191,0,0,0,0,1,-77.12,-80.28,Oeste," ",0,0,0,05:55:00,INT,2.916,00:00:00,00:00:00,19 oct 2026,J,INT
156,4,null,LIM,13 oct 2026,23:15:00,16 oct 2026,22:10:00,1,null,14 oct 2026,Oct-2026,2026Q3,LA,2480,LIM,MIA,LIMMIA,00:15:00,06:10:00,00:15:00,07:10:00,05:15:00,11:10:00,NO,763,BASE,NO,01:00:00,FP,05:55:00,null,SI,NO,03:00:00,1,2,1,null,1,23:15:00,23:15:00,13 oct 2026,13 oct 2026,23:15:00,07:40:00,14 oct 2026,06:40:00,14 oct 2026,06:40:00,14 oct 2026,07:25:00,13:00:00,56:15:00,5191,0,0,0,0,1,-77.12,-80.28,Oeste," ",0,0,0,05:55:00,INT,2.916,00:00:00,00:00:00,14 oct 2026,J,INT
97,3,null,LIM,11 oct 2026,23:15:00,13 oct 2026,22:10:00,1,null,12 oct 2026,Oct-2026,2026Q3,LA,2480,LIM,MIA,LIMMIA,00:15:00,06:10:00,00:15:00,07:10:00,05:15:00,11:10:00,NO,763,BASE,NO,01:00:00,FP,05:55:00,null,SI,NO,03:00:00,1,2,1,null,1,23:15:00,23:15:00,11 oct 2026,11 oct 2026,23:15:00,07:40:00,12 oct 2026,06:40:00,12 oct 2026,06:40:00,12 oct 2026,07:25:00,13:00:00,32:15:00,5191,1,1,0,0,0,-77.12,-80.28,Oeste,A,0,0,0,05:55:00,INT,3.888,00:00:00,00:00:00,12 oct 2026,J,INT
215,3,null,LIM,27 oct 2026,23:15:00,29 oct 2026,19:00:00,1,null,28 oct 2026,Oct-2026,2026Q3,LA,2480,LIM,MIA,LIMMIA,00:15:00,06:10:00,00:15:00,07:10:00,05:15:00,11:10:00,NO,763,BASE,NO,01:00:00,FP,05:55:00,null,SI,SI,03:00:00,1,2,1,null,1,23:15:00,23:15:00,27 oct 2026,27 oct 2026,23:15:00,07:40:00,28 oct 2026,06:40:00,28 oct 2026,06:40:00,28 oct 2026,07:25:00,13:00:00,29:05:00,5191,1,1,0,0,0,-77.12,-80.28,Oeste,A,0,0,0,05:55:00,INT,1.972,00:00:00,00:00:00,28 oct 2026,J,INT
236,3,null,LIM,30 oct 2026,23:15:00,1 nov 2026,22:25:00,1,null,31 oct 2026,Oct-2026,2026Q3,LA,2480,LIM,MIA,LIMMIA,00:15:00,06:10:00,00:15:00,07:10:00,05:15:00,11:10:00,NO,763,BASE,NO,01:00:00,FP,05:55:00,null,SI,NO,03:00:00,1,2,1,null,1,23:15:00,23:15:00,30 oct 2026,30 oct 2026,23:15:00,07:40:00,31 oct 2026,06:40:00,31 oct 2026,06:40:00,31 oct 2026,07:25:00,13:00:00,32:25:00,5191,1,1,0,0,0,-77.12,-80.28,Oeste,A,0,0,0,05:55:00,INT,3.916,00:00:00,00:00:00,31 oct 2026,J,INT
114,3,null,LIM,9 oct 2026,23:15:00,11 oct 2026,22:10:00,1,null,10 oct 2026,Oct-2026,2026Q3,LA,2480,LIM,MIA,LIMMIA,00:15:00,06:10:00,00:15:00,07:10:00,05:15:00,11:10:00,NO,763,BASE,NO,01:00:00,FP,05:55:00,null,SI,NO,03:00:00,1,2,1,null,1,23:15:00,23:15:00,9 oct 2026,9 oct 2026,23:15:00,07:40:00,10 oct 2026,06:40:00,10 oct 2026,06:40:00,10 oct 2026,07:25:00,13:00:00,32:15:00,5191,0,0,1,0,3,-77.12,-80.28,Oeste," ",0,0,0,05:55:00,INT,3.888,00:00:00,00:00:00,10 oct 2026,J,INT
259,4,null,LIM,23 oct 2026,23:15:00,26 oct 2026,22:25:00,1,null,24 oct 2026,Oct-2026,2026Q3,LA,2480,LIM,MIA,LIMMIA,00:15:00,06:10:00,00:15:00,07:10:00,05:15:00,11:10:00,NO,763,BASE,NO,01:00:00,FP,05:55:00,null,SI,NO,03:00:00,1,2,1,null,1,23:15:00,23:15:00,23 oct 2026,23 oct 2026,23:15:00,07:40:00,24 oct 2026,06:40:00,24 oct 2026,06:40:00,24 oct 2026,07:25:00,13:00:00,56:25:00,5191,0,0,0,0,1,-77.12,-80.28,Oeste," ",0,0,0,05:55:00,INT,2.937,00:00:00,00:00:00,24 oct 2026,J,INT
73,3,null,LIM,5 oct 2026,23:15:00,7 oct 2026,22:10:00,1,null,6 oct 2026,Oct-2026,2026Q3,LA,2480,LIM,MIA,LIMMIA,00:15:00,06:10:00,00:15:00,07:10:00,05:15:00,11:10:00,NO,763,BASE,NO,01:00:00,FP,05:55:00,null,SI,NO,03:00:00,1,2,1,null,1,23:15:00,23:15:00,5 oct 2026,5 oct 2026,23:15:00,07:40:00,6 oct 2026,06:40:00,6 oct 2026,06:40:00,6 oct 2026,07:25:00,13:00:00,32:15:00,5191,0,0,1,0,3,-77.12,-80.28,Oeste," ",0,0,0,05:55:00,INT,3.888,00:00:00,00:00:00,6 oct 2026,J,INT
135,3,null,LIM,11 oct 2026,23:15:00,13 oct 2026,22:10:00,1,null,12 oct 2026,Oct-2026,2026Q3,LA,2480,LIM,MIA,LIMMIA,00:15:00,06:10:00,00:15:00,07:10:00,05:15:00,11:10:00,NO,763,BASE,NO,01:00:00,FP,05:55:00,null,SI,NO,03:00:00,1,2,1,null,1,23:15:00,23:15:00,11 oct 2026,11 oct 2026,23:15:00,07:40:00,12 oct 2026,06:40:00,12 oct 2026,06:40:00,12 oct 2026,07:25:00,13:00:00,32:15:00,5191,0,0,1,0,3,-77.12,-80.28,Oeste," ",0,0,0,05:55:00,INT,3.888,00:00:00,00:00:00,12 oct 2026,J,INT
136,4,null,LIM,11 oct 2026,23:15:00,14 oct 2026,22:10:00,1,null,12 oct 2026,Oct-2026,2026Q3,LA,2480,LIM,MIA,LIMMIA,00:15:00,06:10:00,00:15:00,07:10:00,05:15:00,11:10:00,NO,763,BASE,NO,01:00:00,FP,05:55:00,null,SI,NO,03:00:00,1,2,1,null,1,23:15:00,23:15:00,11 oct 2026,11 oct 2026,23:15:00,07:40:00,12 oct 2026,06:40:00,12 oct 2026,06:40:00,12 oct 2026,07:25:00,13:00:00,56:15:00,5191,0,0,0,0,1,-77.12,-80.28,Oeste," ",0,0,0,05:55:00,INT,2.916,00:00:00,00:00:00,12 oct 2026,J,INT
133,3,null,LIM,16 oct 2026,23:15:00,18 oct 2026,22:10:00,1,null,17 oct 2026,Oct-2026,2026Q3,LA,2480,LIM,MIA,LIMMIA,00:15:00,06:10:00,00:15:00,07:10:00,05:15:00,11:10:00,NO,763,BASE,NO,01:00:00,FP,05:55:00,null,SI,NO,03:00:00,1,2,1,null,1,23:15:00,23:15:00,16 oct 2026,16 oct 2026,23:15:00,07:40:00,17 oct 2026,06:40:00,17 oct 2026,06:40:00,17 oct 2026,07:25:00,13:00:00,32:15:00,5191,1,1,0,0,0,-77.12,-80.28,Oeste,A,0,0,0,05:55:00,INT,3.888,00:00:00,00:00:00,17 oct 2026,J,INT
197,3,null,LIM,17 oct 2026,23:15:00,19 oct 2026,22:10:00,1,null,18 oct 2026,Oct-2026,2026Q3,LA,2480,LIM,MIA,LIMMIA,00:15:00,06:10:00,00:15:00,07:10:00,05:15:00,11:10:00,NO,763,BASE,NO,01:00:00,FP,05:55:00,null,SI,NO,03:00:00,1,2,1,null,1,23:15:00,23:15:00,17 oct 2026,17 oct 2026,23:15:00,07:40:00,18 oct 2026,06:40:00,18 oct 2026,06:40:00,18 oct 2026,07:25:00,13:00:00,32:15:00,5191,0,0,1,0,3,-77.12,-80.28,Oeste," ",0,0,0,05:55:00,INT,3.888,00:00:00,00:00:00,18 oct 2026,J,INT
244,3,null,LIM,31 oct 2026,23:15:00,2 nov 2026,22:25:00,1,null,1 nov 2026,Nov-2026,2026Q3,LA,2480,LIM,MIA,LIMMIA,00:15:00,06:10:00,00:15:00,06:10:00,05:15:00,11:10:00,NO,763,BASE,NO,01:00:00,FP,05:55:00,null,SI,NO,03:00:00,1,2,1,null,1,23:15:00,23:15:00,31 oct 2026,31 oct 2026,23:15:00,06:40:00,1 nov 2026,06:40:00,1 nov 2026,06:40:00,1 nov 2026,07:25:00,13:00:00,32:25:00,5191,1,1,0,0,0,-77.12,-80.28,Oeste,A,0,0,0,05:55:00,INT,3.916,00:00:00,00:00:00,1 nov 2026,J,INT
208,3,null,LIM,26 oct 2026,23:15:00,28 oct 2026,22:25:00,1,null,27 oct 2026,Oct-2026,2026Q3,LA,2480,LIM,MIA,LIMMIA,00:15:00,06:10:00,00:15:00,07:10:00,05:15:00,11:10:00,NO,763,BASE,NO,01:00:00,FP,05:55:00,null,SI,NO,03:00:00,1,2,1,null,1,23:15:00,23:15:00,26 oct 2026,26 oct 2026,23:15:00,07:40:00,27 oct 2026,06:40:00,27 oct 2026,06:40:00,27 oct 2026,07:25:00,13:00:00,32:25:00,5191,1,1,0,0,0,-77.12,-80.28,Oeste,A,0,0,0,05:55:00,INT,3.916,00:00:00,00:00:00,27 oct 2026,J,INT
104,4,null,LIM,8 oct 2026,23:15:00,11 oct 2026,22:10:00,1,null,9 oct 2026,Oct-2026,2026Q3,LA,2480,LIM,MIA,LIMMIA,00:15:00,06:10:00,00:15:00,07:10:00,05:15:00,11:10:00,NO,763,BASE,NO,01:00:00,FP,05:55:00,null,SI,NO,03:00:00,1,2,1,null,1,23:15:00,23:15:00,8 oct 2026,8 oct 2026,23:15:00,07:40:00,9 oct 2026,06:40:00,9 oct 2026,06:40:00,9 oct 2026,07:25:00,13:00:00,56:15:00,5191,0,0,0,0,1,-77.12,-80.28,Oeste," ",0,0,0,05:55:00,INT,2.916,00:00:00,00:00:00,9 oct 2026,J,INT
62,3,null,LIM,4 oct 2026,23:15:00,6 oct 2026,22:10:00,1,null,5 oct 2026,Oct-2026,2026Q3,LA,2480,LIM,MIA,LIMMIA,00:15:00,06:10:00,00:15:00,07:10:00,05:15:00,11:10:00,NO,763,BASE,NO,01:00:00,FP,05:55:00,null,SI,NO,03:00:00,1,2,1,null,1,23:15:00,23:15:00,4 oct 2026,4 oct 2026,23:15:00,07:40:00,5 oct 2026,06:40:00,5 oct 2026,06:40:00,5 oct 2026,07:25:00,13:00:00,32:15:00,5191,0,0,1,0,3,-77.12,-80.28,Oeste," ",0,0,0,05:55:00,INT,3.888,00:00:00,00:00:00,5 oct 2026,J,INT
281,4,null,LIM,25 oct 2026,23:15:00,28 oct 2026,22:25:00,1,null,26 oct 2026,Oct-2026,2026Q3,LA,2480,LIM,MIA,LIMMIA,00:15:00,06:10:00,00:15:00,07:10:00,05:15:00,11:10:00,NO,763,BASE,NO,01:00:00,FP,05:55:00,null,SI,NO,03:00:00,1,2,1,null,1,23:15:00,23:15:00,25 oct 2026,25 oct 2026,23:15:00,07:40:00,26 oct 2026,06:40:00,26 oct 2026,06:40:00,26 oct 2026,07:25:00,13:00:00,56:25:00,5191,0,0,0,0,1,-77.12,-80.28,Oeste," ",0,0,0,05:55:00,INT,2.937,00:00:00,00:00:00,26 oct 2026,J,INT
218,4,null,LIM,19 oct 2026,23:15:00,22 oct 2026,22:30:00,1,null,20 oct 2026,Oct-2026,2026Q3,LA,2480,LIM,MIA,LIMMIA,00:15:00,06:10:00,00:15:00,07:10:00,05:15:00,11:10:00,NO,763,BASE,NO,01:00:00,FP,05:55:00,null,SI,NO,03:00:00,1,2,1,null,1,23:15:00,23:15:00,19 oct 2026,19 oct 2026,23:15:00,07:40:00,20 oct 2026,06:40:00,20 oct 2026,06:40:00,20 oct 2026,07:25:00,13:00:00,56:30:00,5191,0,0,0,0,1,-77.12,-80.28,Oeste," ",0,0,0,05:55:00,INT,2.937,00:00:00,00:00:00,20 oct 2026,J,INT
292,4,null,LIM,26 oct 2026,23:15:00,29 oct 2026,23:00:00,1,null,27 oct 2026,Oct-2026,2026Q3,LA,2480,LIM,MIA,LIMMIA,00:15:00,06:10:00,00:15:00,07:10:00,05:15:00,11:10:00,NO,763,BASE,NO,01:00:00,FP,05:55:00,null,SI,NO,03:00:00,1,2,1,null,1,23:15:00,23:15:00,26 oct 2026,26 oct 2026,23:15:00,07:40:00,27 oct 2026,06:40:00,27 oct 2026,06:40:00,27 oct 2026,07:25:00,13:00:00,57:05:00,5191,0,0,0,0,1,-77.12,-80.28,Oeste," ",0,0,0,05:55:00,INT,2.916,00:00:00,00:00:00,27 oct 2026,J,INT
63,4,null,LIM,4 oct 2026,23:15:00,7 oct 2026,22:10:00,1,null,5 oct 2026,Oct-2026,2026Q3,LA,2480,LIM,MIA,LIMMIA,00:15:00,06:10:00,00:15:00,07:10:00,05:15:00,11:10:00,NO,763,BASE,NO,01:00:00,FP,05:55:00,null,SI,NO,03:00:00,1,2,1,null,1,23:15:00,23:15:00,4 oct 2026,4 oct 2026,23:15:00,07:40:00,5 oct 2026,06:40:00,5 oct 2026,06:40:00,5 oct 2026,07:25:00,13:00:00,56:15:00,5191,0,0,0,0,1,-77.12,-80.28,Oeste," ",0,0,0,05:55:00,INT,2.916,00:00:00,00:00:00,5 oct 2026,J,INT
343,4,null,LIM,31 oct 2026,23:15:00,3 nov 2026,22:25:00,1,null,1 nov 2026,Nov-2026,2026Q3,LA,2480,LIM,MIA,LIMMIA,00:15:00,06:10:00,00:15:00,06:10:00,05:15:00,11:10:00,NO,763,BASE,NO,01:00:00,FP,05:55:00,null,SI,NO,03:00:00,1,2,1,null,1,23:15:00,23:15:00,31 oct 2026,31 oct 2026,23:15:00,06:40:00,1 nov 2026,06:40:00,1 nov 2026,06:40:00,1 nov 2026,07:25:00,13:00:00,56:25:00,5191,0,0,0,0,1,-77.12,-80.28,Oeste," ",0,0,0,05:55:00,INT,2.937,00:00:00,00:00:00,1 nov 2026,J,INT
311,3,null,LIM,28 oct 2026,23:15:00,30 oct 2026,22:25:00,1,null,29 oct 2026,Oct-2026,2026Q3,LA,2480,LIM,MIA,LIMMIA,00:15:00,06:10:00,00:15:00,07:10:00,05:15:00,11:10:00,NO,763,BASE,NO,01:00:00,FP,05:55:00,null,SI,NO,03:00:00,1,2,1,null,1,23:15:00,23:15:00,28 oct 2026,28 oct 2026,23:15:00,07:40:00,29 oct 2026,06:40:00,29 oct 2026,06:40:00,29 oct 2026,07:25:00,13:00:00,32:25:00,5191,0,0,1,0,3,-77.12,-80.28,Oeste," ",0,0,0,05:55:00,INT,3.916,00:00:00,00:00:00,29 oct 2026,J,INT
270,4,null,LIM,24 oct 2026,23:15:00,27 oct 2026,22:25:00,1,null,25 oct 2026,Oct-2026,2026Q3,LA,2480,LIM,MIA,LIMMIA,00:15:00,06:10:00,00:15:00,07:10:00,05:15:00,11:10:00,NO,763,BASE,NO,01:00:00,FP,05:55:00,null,SI,NO,03:00:00,1,2,1,null,1,23:15:00,23:15:00,24 oct 2026,24 oct 2026,23:15:00,07:40:00,25 oct 2026,06:40:00,25 oct 2026,06:40:00,25 oct 2026,07:25:00,13:00:00,56:25:00,5191,0,0,0,0,1,-77.12,-80.28,Oeste," ",0,0,0,05:55:00,INT,2.937,00:00:00,00:00:00,25 oct 2026,J,INT
145,4,null,LIM,12 oct 2026,23:15:00,15 oct 2026,22:30:00,1,null,13 oct 2026,Oct-2026,2026Q3,LA,2480,LIM,MIA,LIMMIA,00:15:00,06:10:00,00:15:00,07:10:00,05:15:00,11:10:00,NO,763,BASE,NO,01:00:00,FP,05:55:00,null,SI,NO,03:00:00,1,2,1,null,1,23:15:00,23:15:00,12 oct 2026,12 oct 2026,23:15:00,07:40:00,13 oct 2026,06:40:00,13 oct 2026,06:40:00,13 oct 2026,07:25:00,13:00:00,56:30:00,5191,0,0,0,0,1,-77.12,-80.28,Oeste," ",0,0,0,05:55:00,INT,2.937,00:00:00,00:00:00,13 oct 2026,J,INT
155,3,null,LIM,19 oct 2026,23:15:00,21 oct 2026,22:10:00,1,null,20 oct 2026,Oct-2026,2026Q3,LA,2480,LIM,MIA,LIMMIA,00:15:00,06:10:00,00:15:00,07:10:00,05:15:00,11:10:00,NO,763,BASE,NO,01:00:00,FP,05:55:00,null,SI,NO,03:00:00,1,2,1,null,1,23:15:00,23:15:00,19 oct 2026,19 oct 2026,23:15:00,07:40:00,20 oct 2026,06:40:00,20 oct 2026,06:40:00,20 oct 2026,07:25:00,13:00:00,32:15:00,5191,1,1,0,0,0,-77.12,-80.28,Oeste,A,0,0,0,05:55:00,INT,3.888,00:00:00,00:00:00,20 oct 2026,J,INT
15,3,LA2480300926,LIM,30 sept 2026,23:15:00,2 oct 2026,22:10:00,1,null,1 oct 2026,Oct-2026,2026Q3,LA,2480,LIM,MIA,LIMMIA,00:15:00,06:10:00,00:15:00,07:10:00,05:15:00,11:10:00,NO,763,BASE,NO,01:00:00,FP,05:55:00,null,SI,NO,03:00:00,1,2,1,null,1,23:15:00,23:15:00,30 sept 2026,30 sept 2026,23:15:00,07:40:00,1 oct 2026,06:40:00,1 oct 2026,06:40:00,1 oct 2026,07:25:00,13:00:00,32:15:00,5191,1,1,0,0,0,-77.12,-80.28,Oeste,A,0,0,0,05:55:00,INT,3.888,00:00:00,00:00:00,1 oct 2026,J,INT
227,3,null,LIM,20 oct 2026,23:15:00,22 oct 2026,22:30:00,1,null,21 oct 2026,Oct-2026,2026Q3,LA,2480,LIM,MIA,LIMMIA,00:15:00,06:10:00,00:15:00,07:10:00,05:15:00,11:10:00,NO,763,BASE,NO,01:00:00,FP,05:55:00,null,SI,NO,03:00:00,1,2,1,null,1,23:15:00,23:15:00,20 oct 2026,20 oct 2026,23:15:00,07:40:00,21 oct 2026,06:40:00,21 oct 2026,06:40:00,21 oct 2026,07:25:00,13:00:00,32:30:00,5191,0,0,1,0,3,-77.12,-80.28,Oeste," ",0,0,0,05:55:00,INT,3.916,00:00:00,00:00:00,21 oct 2026,J,INT
280,3,null,LIM,25 oct 2026,23:15:00,27 oct 2026,22:25:00,1,null,26 oct 2026,Oct-2026,2026Q3,LA,2480,LIM,MIA,LIMMIA,00:15:00,06:10:00,00:15:00,07:10:00,05:15:00,11:10:00,NO,763,BASE,NO,01:00:00,FP,05:55:00,null,SI,NO,03:00:00,1,2,1,null,1,23:15:00,23:15:00,25 oct 2026,25 oct 2026,23:15:00,07:40:00,26 oct 2026,06:40:00,26 oct 2026,06:40:00,26 oct 2026,07:25:00,13:00:00,32:25:00,5191,0,0,1,0,3,-77.12,-80.28,Oeste," ",0,0,0,05:55:00,INT,3.916,00:00:00,00:00:00,26 oct 2026,J,INT
5,4,LA2480-1280926,LIM,28 sept 2026,23:15:00,1 oct 2026,22:30:00,1,null,29 sept 2026,Sep-2026,2026Q3,LA,2480,LIM,MIA,LIMMIA,00:15:00,06:20:00,00:15:00,07:20:00,05:15:00,11:20:00,NO,763,BASE,NO,01:00:00,FP,06:05:00,null,SI,NO,03:00:00,1,2,1,null,1,23:15:00,23:15:00,28 sept 2026,28 sept 2026,23:15:00,07:50:00,29 sept 2026,06:50:00,29 sept 2026,06:50:00,29 sept 2026,07:35:00,13:00:00,56:20:00,5186,0,0,0,0,1,-77.12,-80.28,Oeste," ",0,0,0,06:05:00,INT,2.979,00:00:00,00:00:00,29 sept 2026,J,INT
8,4,LA2480290926,LIM,29 sept 2026,23:15:00,2 oct 2026,05:30:00,1,null,30 sept 2026,Sep-2026,2026Q3,LA,2480,LIM,MIA,LIMMIA,00:15:00,06:20:00,00:15:00,07:20:00,05:15:00,11:20:00,NO,763,BASE,NO,01:00:00,FP,06:05:00,null,SI,NO,03:00:00,1,2,1,null,1,23:15:00,23:15:00,29 sept 2026,29 sept 2026,23:15:00,07:50:00,30 sept 2026,06:50:00,30 sept 2026,06:50:00,30 sept 2026,07:35:00,13:00:00,39:25:00,5186,1,1,0,0,0,-77.12,-80.28,Oeste,A,0,0,0,06:05:00,INT,2.958,00:00:00,00:00:00,30 sept 2026,J,INT
11,3,LA2480290926,LIM,29 sept 2026,23:15:00,1 oct 2026,22:30:00,1,null,30 sept 2026,Sep-2026,2026Q3,LA,2480,LIM,MIA,LIMMIA,00:15:00,06:20:00,00:15:00,07:20:00,05:15:00,11:20:00,NO,763,BASE,NO,01:00:00,FP,06:05:00,null,SI,NO,03:00:00,1,2,1,null,1,23:15:00,23:15:00,29 sept 2026,29 sept 2026,23:15:00,07:50:00,30 sept 2026,06:50:00,30 sept 2026,06:50:00,30 sept 2026,07:35:00,13:00:00,32:20:00,5186,0,0,1,0,3,-77.12,-80.28,Oeste," ",0,0,0,06:05:00,INT,3.972,00:00:00,00:00:00,30 sept 2026,J,INT
12,4,LA2480-1290926,LIM,29 sept 2026,23:15:00,2 oct 2026,22:10:00,1,null,30 sept 2026,Sep-2026,2026Q3,LA,2480,LIM,MIA,LIMMIA,00:15:00,06:20:00,00:15:00,07:20:00,05:15:00,11:20:00,NO,763,BASE,NO,01:00:00,FP,06:05:00,null,SI,NO,03:00:00,1,2,1,null,1,23:15:00,23:15:00,29 sept 2026,29 sept 2026,23:15:00,07:50:00,30 sept 2026,06:50:00,30 sept 2026,06:50:00,30 sept 2026,07:35:00,13:00:00,56:05:00,5186,0,0,0,0,1,-77.12,-80.28,Oeste," ",0,0,0,06:05:00,INT,2.958,00:00:00,00:00:00,30 sept 2026,J,INT
215,3,null,LIM,19 oct 2026,23:05:00,21 oct 2026,21:30:00,1,null,20 oct 2026,Oct-2026,2026Q3,LA,2468,LIM,JFK,LIMJFK,00:05:00,08:10:00,00:05:00,09:10:00,05:05:00,13:10:00,PAX,763,BASE,NO,01:00:00,FP,00:00:00,null,SI,NO,03:00:00,1,2,1,null,1,23:05:00,23:05:00,19 oct 2026,19 oct 2026,23:05:00,09:40:00,20 oct 2026,08:40:00,20 oct 2026,08:40:00,20 oct 2026,09:35:00,13:00:00,27:20:00,5119,0,0,1,0,6,-77.12,-73.78,Este," ",0,0,0,00:00:00,INT,2.666,00:00:00,00:00:00,20 oct 2026,J,INT
153,3,null,LIM,19 oct 2026,23:05:00,21 oct 2026,21:30:00,1,null,20 oct 2026,Oct-2026,2026Q3,LA,2468,LIM,JFK,LIMJFK,00:05:00,08:10:00,00:05:00,09:10:00,05:05:00,13:10:00,PAX,763,BASE,NO,01:00:00,FP,00:00:00,null,SI,NO,03:00:00,1,2,1,null,1,23:05:00,23:05:00,19 oct 2026,19 oct 2026,23:05:00,09:40:00,20 oct 2026,08:40:00,20 oct 2026,08:40:00,20 oct 2026,09:35:00,13:00:00,27:20:00,5119,2,1,0,0,0,-77.12,-73.78,Este,B,0,0,0,00:00:00,INT,2.666,00:00:00,00:00:00,20 oct 2026,J,INT
283,null,null,LIM,26 oct 2026,06:30:00,29 oct 2026,20:00:00,null,1,29 oct 2026,Oct-2026,2026Q3,LA,2944,GRU,LIM,GRULIM,14:25:00,19:30:00,16:25:00,19:30:00,19:25:00,00:30:00,NO,763,OUT,TOUCH,01:00:00,FP,05:05:00,null,SI,NO,02:10:00,2,4,1,null,1,13:25:00,15:25:00,29 oct 2026,29 oct 2026,13:25:00,20:00:00,29 oct 2026,20:00:00,29 oct 2026,20:00:00,29 oct 2026,06:35:00,13:00:00,null,5113,0,0,1,0,4,-46.47,-77.12,Oeste," ",0,0,0,05:05:00,INT,2.5,00:00:00,00:00:00,29 oct 2026,J,REG
202,null,null,LIM,26 oct 2026,06:30:00,29 oct 2026,20:00:00,null,1,29 oct 2026,Oct-2026,2026Q3,LA,2944,GRU,LIM,GRULIM,14:25:00,19:30:00,16:25:00,19:30:00,19:25:00,00:30:00,NO,763,OUT,TOUCH,01:00:00,FP,05:05:00,null,SI,NO,02:10:00,2,4,1,null,1,13:25:00,15:25:00,29 oct 2026,29 oct 2026,13:25:00,20:00:00,29 oct 2026,20:00:00,29 oct 2026,20:00:00,29 oct 2026,06:35:00,13:00:00,null,5113,1,1,0,0,0,-46.47,-77.12,Oeste,A,0,0,0,05:05:00,INT,2.5,00:00:00,00:00:00,29 oct 2026,J,REG
228,4,null,LIM,29 oct 2026,23:05:00,1 nov 2026,07:25:00,1,null,30 oct 2026,Oct-2026,2026Q3,LA,2468,LIM,JFK,LIMJFK,00:05:00,08:05:00,00:05:00,09:05:00,05:05:00,13:05:00,NO,763,BASE,NO,01:00:00,FP,08:00:00,null,SI,NO,03:00:00,1,2,1,null,1,23:05:00,23:05:00,29 oct 2026,29 oct 2026,23:05:00,09:35:00,30 oct 2026,08:35:00,30 oct 2026,08:35:00,30 oct 2026,09:30:00,13:00:00,37:15:00,5096,2,1,0,0,0,-77.12,-73.78,Este,B,0,0,0,08:00:00,INT,4.02,00:00:00,00:00:00,30 oct 2026,J,INT
330,4,null,LIM,30 oct 2026,23:05:00,2 nov 2026,07:25:00,1,null,31 oct 2026,Oct-2026,2026Q3,LA,2468,LIM,JFK,LIMJFK,00:05:00,08:05:00,00:05:00,09:05:00,05:05:00,13:05:00,NO,763,BASE,NO,01:00:00,FP,08:00:00,null,SI,NO,03:00:00,1,2,1,null,1,23:05:00,23:05:00,30 oct 2026,30 oct 2026,23:05:00,09:35:00,31 oct 2026,08:35:00,31 oct 2026,08:35:00,31 oct 2026,09:30:00,13:00:00,37:15:00,5096,0,0,1,0,6,-77.12,-73.78,Este," ",0,0,0,08:00:00,INT,4.02,00:00:00,00:00:00,31 oct 2026,J,INT
320,4,null,LIM,29 oct 2026,23:05:00,1 nov 2026,07:25:00,1,null,30 oct 2026,Oct-2026,2026Q3,LA,2468,LIM,JFK,LIMJFK,00:05:00,08:05:00,00:05:00,09:05:00,05:05:00,13:05:00,NO,763,BASE,NO,01:00:00,FP,08:00:00,null,SI,NO,03:00:00,1,2,1,null,1,23:05:00,23:05:00,29 oct 2026,29 oct 2026,23:05:00,09:35:00,30 oct 2026,08:35:00,30 oct 2026,08:35:00,30 oct 2026,09:30:00,13:00:00,37:15:00,5096,0,0,1,0,6,-77.12,-73.78,Este," ",0,0,0,08:00:00,INT,4.02,00:00:00,00:00:00,30 oct 2026,J,INT
310,4,null,LIM,28 oct 2026,23:05:00,31 oct 2026,07:25:00,1,null,29 oct 2026,Oct-2026,2026Q3,LA,2468,LIM,JFK,LIMJFK,00:05:00,08:05:00,00:05:00,09:05:00,05:05:00,13:05:00,NO,763,BASE,NO,01:00:00,FP,08:00:00,null,SI,NO,03:00:00,1,2,1,null,1,23:05:00,23:05:00,28 oct 2026,28 oct 2026,23:05:00,09:35:00,29 oct 2026,08:35:00,29 oct 2026,08:35:00,29 oct 2026,09:30:00,13:00:00,37:15:00,5096,0,0,1,0,6,-77.12,-73.78,Este," ",0,0,0,08:00:00,INT,4.02,00:00:00,00:00:00,29 oct 2026,J,INT
191,4,null,LIM,24 oct 2026,23:05:00,27 oct 2026,07:25:00,1,null,25 oct 2026,Oct-2026,2026Q3,LA,2468,LIM,JFK,LIMJFK,00:05:00,08:05:00,00:05:00,09:05:00,05:05:00,13:05:00,NO,763,BASE,NO,01:00:00,FP,08:00:00,null,SI,NO,03:00:00,1,2,1,null,1,23:05:00,23:05:00,24 oct 2026,24 oct 2026,23:05:00,09:35:00,25 oct 2026,08:35:00,25 oct 2026,08:35:00,25 oct 2026,09:30:00,13:00:00,37:15:00,5096,2,1,0,0,0,-77.12,-73.78,Este,B,0,0,0,08:00:00,INT,4.02,00:00:00,00:00:00,25 oct 2026,J,INT
268,4,null,LIM,24 oct 2026,23:05:00,27 oct 2026,07:25:00,1,null,25 oct 2026,Oct-2026,2026Q3,LA,2468,LIM,JFK,LIMJFK,00:05:00,08:05:00,00:05:00,09:05:00,05:05:00,13:05:00,NO,763,BASE,NO,01:00:00,FP,08:00:00,null,SI,NO,03:00:00,1,2,1,null,1,23:05:00,23:05:00,24 oct 2026,24 oct 2026,23:05:00,09:35:00,25 oct 2026,08:35:00,25 oct 2026,08:35:00,25 oct 2026,09:30:00,13:00:00,37:15:00,5096,0,0,1,0,6,-77.12,-73.78,Este," ",0,0,0,08:00:00,INT,4.02,00:00:00,00:00:00,25 oct 2026,J,INT
221,4,null,LIM,28 oct 2026,23:05:00,31 oct 2026,07:25:00,1,null,29 oct 2026,Oct-2026,2026Q3,LA,2468,LIM,JFK,LIMJFK,00:05:00,08:05:00,00:05:00,09:05:00,05:05:00,13:05:00,NO,763,BASE,NO,01:00:00,FP,08:00:00,null,SI,NO,03:00:00,1,2,1,null,1,23:05:00,23:05:00,28 oct 2026,28 oct 2026,23:05:00,09:35:00,29 oct 2026,08:35:00,29 oct 2026,08:35:00,29 oct 2026,09:30:00,13:00:00,37:15:00,5096,2,1,0,0,0,-77.12,-73.78,Este,B,0,0,0,08:00:00,INT,4.02,00:00:00,00:00:00,29 oct 2026,J,INT
243,4,null,LIM,31 oct 2026,23:05:00,3 nov 2026,07:25:00,1,null,1 nov 2026,Nov-2026,2026Q3,LA,2468,LIM,JFK,LIMJFK,00:05:00,08:05:00,00:05:00,08:05:00,05:05:00,13:05:00,NO,763,BASE,NO,01:00:00,FP,08:00:00,null,SI,NO,03:00:00,1,2,1,null,1,23:05:00,23:05:00,31 oct 2026,31 oct 2026,23:05:00,08:35:00,1 nov 2026,08:35:00,1 nov 2026,08:35:00,1 nov 2026,09:30:00,13:00:00,37:15:00,5096,2,1,0,0,0,-77.12,-73.78,Este,B,0,0,0,08:00:00,INT,4.02,00:00:00,00:00:00,1 nov 2026,J,INT
207,4,null,LIM,26 oct 2026,23:05:00,29 oct 2026,07:25:00,1,null,27 oct 2026,Oct-2026,2026Q3,LA,2468,LIM,JFK,LIMJFK,00:05:00,08:05:00,00:05:00,09:05:00,05:05:00,13:05:00,NO,763,BASE,NO,01:00:00,FP,08:00:00,null,SI,NO,03:00:00,1,2,1,null,1,23:05:00,23:05:00,26 oct 2026,26 oct 2026,23:05:00,09:35:00,27 oct 2026,08:35:00,27 oct 2026,08:35:00,27 oct 2026,09:30:00,13:00:00,37:15:00,5096,2,1,0,0,0,-77.12,-73.78,Este,B,0,0,0,08:00:00,INT,4.02,00:00:00,00:00:00,27 oct 2026,J,INT
300,4,null,LIM,27 oct 2026,23:05:00,30 oct 2026,07:25:00,1,null,28 oct 2026,Oct-2026,2026Q3,LA,2468,LIM,JFK,LIMJFK,00:05:00,08:05:00,00:05:00,09:05:00,05:05:00,13:05:00,NO,763,BASE,NO,01:00:00,FP,08:00:00,null,SI,NO,03:00:00,1,2,1,null,1,23:05:00,23:05:00,27 oct 2026,27 oct 2026,23:05:00,09:35:00,28 oct 2026,08:35:00,28 oct 2026,08:35:00,28 oct 2026,09:30:00,13:00:00,37:15:00,5096,0,0,1,0,6,-77.12,-73.78,Este," ",0,0,0,08:00:00,INT,4.02,00:00:00,00:00:00,28 oct 2026,J,INT
199,4,null,LIM,25 oct 2026,23:05:00,28 oct 2026,07:25:00,1,null,26 oct 2026,Oct-2026,2026Q3,LA,2468,LIM,JFK,LIMJFK,00:05:00,08:05:00,00:05:00,09:05:00,05:05:00,13:05:00,NO,763,BASE,NO,01:00:00,FP,08:00:00,null,SI,NO,03:00:00,1,2,1,null,1,23:05:00,23:05:00,25 oct 2026,25 oct 2026,23:05:00,09:35:00,26 oct 2026,08:35:00,26 oct 2026,08:35:00,26 oct 2026,09:30:00,13:00:00,37:15:00,5096,2,1,0,0,0,-77.12,-73.78,Este,B,0,0,0,08:00:00,INT,4.02,00:00:00,00:00:00,26 oct 2026,J,INT
214,4,null,LIM,27 oct 2026,23:05:00,30 oct 2026,07:25:00,1,null,28 oct 2026,Oct-2026,2026Q3,LA,2468,LIM,JFK,LIMJFK,00:05:00,08:05:00,00:05:00,09:05:00,05:05:00,13:05:00,NO,763,BASE,NO,01:00:00,FP,08:00:00,null,SI,NO,03:00:00,1,2,1,null,1,23:05:00,23:05:00,27 oct 2026,27 oct 2026,23:05:00,09:35:00,28 oct 2026,08:35:00,28 oct 2026,08:35:00,28 oct 2026,09:30:00,13:00:00,37:15:00,5096,2,1,0,0,0,-77.12,-73.78,Este,B,0,0,0,08:00:00,INT,4.02,00:00:00,00:00:00,28 oct 2026,J,INT
290,4,null,LIM,26 oct 2026,23:05:00,29 oct 2026,07:25:00,1,null,27 oct 2026,Oct-2026,2026Q3,LA,2468,LIM,JFK,LIMJFK,00:05:00,08:05:00,00:05:00,09:05:00,05:05:00,13:05:00,NO,763,BASE,NO,01:00:00,FP,08:00:00,null,SI,NO,03:00:00,1,2,1,null,1,23:05:00,23:05:00,26 oct 2026,26 oct 2026,23:05:00,09:35:00,27 oct 2026,08:35:00,27 oct 2026,08:35:00,27 oct 2026,09:30:00,13:00:00,37:15:00,5096,0,0,1,0,6,-77.12,-73.78,Este," ",0,0,0,08:00:00,INT,4.02,00:00:00,00:00:00,27 oct 2026,J,INT
235,4,null,LIM,30 oct 2026,23:05:00,2 nov 2026,07:25:00,1,null,31 oct 2026,Oct-2026,2026Q3,LA,2468,LIM,JFK,LIMJFK,00:05:00,08:05:00,00:05:00,09:05:00,05:05:00,13:05:00,NO,763,BASE,NO,01:00:00,FP,08:00:00,null,SI,NO,03:00:00,1,2,1,null,1,23:05:00,23:05:00,30 oct 2026,30 oct 2026,23:05:00,09:35:00,31 oct 2026,08:35:00,31 oct 2026,08:35:00,31 oct 2026,09:30:00,13:00:00,37:15:00,5096,2,1,0,0,0,-77.12,-73.78,Este,B,0,0,0,08:00:00,INT,4.02,00:00:00,00:00:00,31 oct 2026,J,INT
341,4,null,LIM,31 oct 2026,23:05:00,3 nov 2026,07:25:00,1,null,1 nov 2026,Nov-2026,2026Q3,LA,2468,LIM,JFK,LIMJFK,00:05:00,08:05:00,00:05:00,08:05:00,05:05:00,13:05:00,NO,763,BASE,NO,01:00:00,FP,08:00:00,null,SI,NO,03:00:00,1,2,1,null,1,23:05:00,23:05:00,31 oct 2026,31 oct 2026,23:05:00,08:35:00,1 nov 2026,08:35:00,1 nov 2026,08:35:00,1 nov 2026,09:30:00,13:00:00,37:15:00,5096,0,0,1,0,6,-77.12,-73.78,Este," ",0,0,0,08:00:00,INT,4.02,00:00:00,00:00:00,1 nov 2026,J,INT
279,4,null,LIM,25 oct 2026,23:05:00,28 oct 2026,07:25:00,1,null,26 oct 2026,Oct-2026,2026Q3,LA,2468,LIM,JFK,LIMJFK,00:05:00,08:05:00,00:05:00,09:05:00,05:05:00,13:05:00,NO,763,BASE,NO,01:00:00,FP,08:00:00,null,SI,NO,03:00:00,1,2,1,null,1,23:05:00,23:05:00,25 oct 2026,25 oct 2026,23:05:00,09:35:00,26 oct 2026,08:35:00,26 oct 2026,08:35:00,26 oct 2026,09:30:00,13:00:00,37:15:00,5096,0,0,1,0,6,-77.12,-73.78,Este," ",0,0,0,08:00:00,INT,4.02,00:00:00,00:00:00,26 oct 2026,J,INT
29,4,null,LIM,1 oct 2026,23:05:00,4 oct 2026,07:25:00,1,null,2 oct 2026,Oct-2026,2026Q3,LA,2468,LIM,JFK,LIMJFK,00:05:00,08:10:00,00:05:00,09:10:00,05:05:00,13:10:00,NO,763,BASE,NO,01:00:00,FP,08:05:00,null,SI,NO,03:00:00,1,2,1,null,1,23:05:00,23:05:00,1 oct 2026,1 oct 2026,23:05:00,09:40:00,2 oct 2026,08:40:00,2 oct 2026,08:40:00,2 oct 2026,09:35:00,13:00:00,37:19:00,5092,0,0,1,0,6,-77.12,-73.78,Este," ",0,0,0,08:05:00,INT,4.004,00:00:00,00:00:00,2 oct 2026,J,INT
110,4,null,LIM,13 oct 2026,23:05:00,16 oct 2026,07:25:00,1,null,14 oct 2026,Oct-2026,2026Q3,LA,2468,LIM,JFK,LIMJFK,00:05:00,08:10:00,00:05:00,09:10:00,05:05:00,13:10:00,NO,763,BASE,NO,01:00:00,FP,08:05:00,null,SI,NO,03:00:00,1,2,1,null,1,23:05:00,23:05:00,13 oct 2026,13 oct 2026,23:05:00,09:40:00,14 oct 2026,08:40:00,14 oct 2026,08:40:00,14 oct 2026,09:35:00,13:00:00,37:19:00,5092,2,1,0,0,0,-77.12,-73.78,Este,B,0,0,0,08:05:00,INT,4.004,00:00:00,00:00:00,14 oct 2026,J,INT
38,4,null,LIM,3 oct 2026,23:05:00,6 oct 2026,07:25:00,1,null,4 oct 2026,Oct-2026,2026Q3,LA,2468,LIM,JFK,LIMJFK,00:05:00,08:10:00,00:05:00,09:10:00,05:05:00,13:10:00,NO,763,BASE,NO,01:00:00,FP,08:05:00,null,SI,NO,03:00:00,1,2,1,null,1,23:05:00,23:05:00,3 oct 2026,3 oct 2026,23:05:00,09:40:00,4 oct 2026,08:40:00,4 oct 2026,08:40:00,4 oct 2026,09:35:00,13:00:00,37:19:00,5092,2,1,0,0,0,-77.12,-73.78,Este,B,0,0,0,08:05:00,INT,4.004,00:00:00,00:00:00,4 oct 2026,J,INT
102,3,null,LIM,12 oct 2026,23:05:00,14 oct 2026,21:30:00,1,null,13 oct 2026,Oct-2026,2026Q3,LA,2468,LIM,JFK,LIMJFK,00:05:00,08:10:00,00:05:00,09:10:00,05:05:00,13:10:00,NO,763,BASE,NO,01:00:00,FP,08:05:00,null,SI,NO,03:00:00,1,2,1,null,1,23:05:00,23:05:00,12 oct 2026,12 oct 2026,23:05:00,09:40:00,13 oct 2026,08:40:00,13 oct 2026,08:40:00,13 oct 2026,09:35:00,13:00:00,27:20:00,5092,2,1,0,0,0,-77.12,-73.78,Este,B,0,0,0,08:05:00,INT,5.361,00:00:00,00:00:00,13 oct 2026,J,INT
236,4,null,LIM,21 oct 2026,23:05:00,24 oct 2026,07:25:00,1,null,22 oct 2026,Oct-2026,2026Q3,LA,2468,LIM,JFK,LIMJFK,00:05:00,08:10:00,00:05:00,09:10:00,05:05:00,13:10:00,NO,763,BASE,NO,01:00:00,FP,08:05:00,null,SI,NO,03:00:00,1,2,1,null,1,23:05:00,23:05:00,21 oct 2026,21 oct 2026,23:05:00,09:40:00,22 oct 2026,08:40:00,22 oct 2026,08:40:00,22 oct 2026,09:35:00,13:00:00,37:19:00,5092,0,0,1,0,6,-77.12,-73.78,Este," ",0,0,0,08:05:00,INT,4.004,00:00:00,00:00:00,22 oct 2026,J,INT
73,4,null,LIM,8 oct 2026,23:05:00,11 oct 2026,07:25:00,1,null,9 oct 2026,Oct-2026,2026Q3,LA,2468,LIM,JFK,LIMJFK,00:05:00,08:10:00,00:05:00,09:10:00,05:05:00,13:10:00,NO,763,BASE,NO,01:00:00,FP,08:05:00,null,SI,NO,03:00:00,1,2,1,null,1,23:05:00,23:05:00,8 oct 2026,8 oct 2026,23:05:00,09:40:00,9 oct 2026,08:40:00,9 oct 2026,08:40:00,9 oct 2026,09:35:00,13:00:00,37:19:00,5092,2,1,0,0,0,-77.12,-73.78,Este,B,0,0,0,08:05:00,INT,4.004,00:00:00,00:00:00,9 oct 2026,J,INT
10,4,LA2468290926,LIM,29 sept 2026,23:05:00,2 oct 2026,07:25:00,1,null,30 sept 2026,Sep-2026,2026Q3,LA,2468,LIM,JFK,LIMJFK,00:05:00,08:10:00,00:05:00,09:10:00,05:05:00,13:10:00,NO,763,BASE,NO,01:00:00,FP,08:05:00,null,SI,NO,03:00:00,1,2,1,null,1,23:05:00,23:05:00,29 sept 2026,29 sept 2026,23:05:00,09:40:00,30 sept 2026,08:40:00,30 sept 2026,08:40:00,30 sept 2026,09:35:00,13:00:00,37:19:00,5092,0,0,1,0,6,-77.12,-73.78,Este," ",0,0,0,08:05:00,INT,4.004,00:00:00,00:00:00,30 sept 2026,J,INT
44,4,null,LIM,4 oct 2026,23:05:00,7 oct 2026,07:25:00,1,null,5 oct 2026,Oct-2026,2026Q3,LA,2468,LIM,JFK,LIMJFK,00:05:00,08:10:00,00:05:00,09:10:00,05:05:00,13:10:00,NO,763,BASE,NO,01:00:00,FP,08:05:00,null,SI,NO,03:00:00,1,2,1,null,1,23:05:00,23:05:00,4 oct 2026,4 oct 2026,23:05:00,09:40:00,5 oct 2026,08:40:00,5 oct 2026,08:40:00,5 oct 2026,09:35:00,13:00:00,37:19:00,5092,2,1,0,0,0,-77.12,-73.78,Este,B,0,0,0,08:05:00,INT,4.004,00:00:00,00:00:00,5 oct 2026,J,INT
140,4,null,LIM,17 oct 2026,23:05:00,20 oct 2026,07:25:00,1,null,18 oct 2026,Oct-2026,2026Q3,LA,2468,LIM,JFK,LIMJFK,00:05:00,08:10:00,00:05:00,09:10:00,05:05:00,13:10:00,NO,763,BASE,NO,01:00:00,FP,08:05:00,null,SI,NO,03:00:00,1,2,1,null,1,23:05:00,23:05:00,17 oct 2026,17 oct 2026,23:05:00,09:40:00,18 oct 2026,08:40:00,18 oct 2026,08:40:00,18 oct 2026,09:35:00,13:00:00,37:19:00,5092,2,1,0,0,0,-77.12,-73.78,Este,B,0,0,0,08:05:00,INT,4.004,00:00:00,00:00:00,18 oct 2026,J,INT
21,4,null,LIM,1 oct 2026,23:05:00,4 oct 2026,07:25:00,1,null,2 oct 2026,Oct-2026,2026Q3,LA,2468,LIM,JFK,LIMJFK,00:05:00,08:10:00,00:05:00,09:10:00,05:05:00,13:10:00,NO,763,BASE,NO,01:00:00,FP,08:05:00,null,SI,NO,03:00:00,1,2,1,null,1,23:05:00,23:05:00,1 oct 2026,1 oct 2026,23:05:00,09:40:00,2 oct 2026,08:40:00,2 oct 2026,08:40:00,2 oct 2026,09:35:00,13:00:00,37:19:00,5092,2,1,0,0,0,-77.12,-73.78,Este,B,0,0,0,08:05:00,INT,4.004,00:00:00,00:00:00,2 oct 2026,J,INT
124,4,null,LIM,15 oct 2026,23:05:00,18 oct 2026,07:25:00,1,null,16 oct 2026,Oct-2026,2026Q3,LA,2468,LIM,JFK,LIMJFK,00:05:00,08:10:00,00:05:00,09:10:00,05:05:00,13:10:00,NO,763,BASE,NO,01:00:00,FP,08:05:00,null,SI,NO,03:00:00,1,2,1,null,1,23:05:00,23:05:00,15 oct 2026,15 oct 2026,23:05:00,09:40:00,16 oct 2026,08:40:00,16 oct 2026,08:40:00,16 oct 2026,09:35:00,13:00:00,37:19:00,5092,2,1,0,0,0,-77.12,-73.78,Este,B,0,0,0,08:05:00,INT,4.004,00:00:00,00:00:00,16 oct 2026,J,INT
196,4,null,LIM,17 oct 2026,23:05:00,20 oct 2026,07:25:00,1,null,18 oct 2026,Oct-2026,2026Q3,LA,2468,LIM,JFK,LIMJFK,00:05:00,08:10:00,00:05:00,09:10:00,05:05:00,13:10:00,NO,763,BASE,NO,01:00:00,FP,08:05:00,null,SI,NO,03:00:00,1,2,1,null,1,23:05:00,23:05:00,17 oct 2026,17 oct 2026,23:05:00,09:40:00,18 oct 2026,08:40:00,18 oct 2026,08:40:00,18 oct 2026,09:35:00,13:00:00,37:19:00,5092,0,0,1,0,6,-77.12,-73.78,Este," ",0,0,0,08:05:00,INT,4.004,00:00:00,00:00:00,18 oct 2026,J,INT
246,4,null,LIM,22 oct 2026,23:05:00,25 oct 2026,07:25:00,1,null,23 oct 2026,Oct-2026,2026Q3,LA,2468,LIM,JFK,LIMJFK,00:05:00,08:10:00,00:05:00,09:10:00,05:05:00,13:10:00,NO,763,BASE,NO,01:00:00,FP,08:05:00,null,SI,NO,03:00:00,1,2,1,null,1,23:05:00,23:05:00,22 oct 2026,22 oct 2026,23:05:00,09:40:00,23 oct 2026,08:40:00,23 oct 2026,08:40:00,23 oct 2026,09:35:00,13:00:00,37:19:00,5092,0,0,1,0,6,-77.12,-73.78,Este," ",0,0,0,08:05:00,INT,4.004,00:00:00,00:00:00,23 oct 2026,J,INT
125,4,null,LIM,10 oct 2026,23:05:00,13 oct 2026,07:25:00,1,null,11 oct 2026,Oct-2026,2026Q3,LA,2468,LIM,JFK,LIMJFK,00:05:00,08:10:00,00:05:00,09:10:00,05:05:00,13:10:00,NO,763,BASE,NO,01:00:00,FP,08:05:00,null,SI,NO,03:00:00,1,2,1,null,1,23:05:00,23:05:00,10 oct 2026,10 oct 2026,23:05:00,09:40:00,11 oct 2026,08:40:00,11 oct 2026,08:40:00,11 oct 2026,09:35:00,13:00:00,37:19:00,5092,0,0,1,0,6,-77.12,-73.78,Este," ",0,0,0,08:05:00,INT,4.004,00:00:00,00:00:00,11 oct 2026,J,INT
29,3,null,LIM,2 oct 2026,23:05:00,4 oct 2026,21:30:00,1,null,3 oct 2026,Oct-2026,2026Q3,LA,2468,LIM,JFK,LIMJFK,00:05:00,08:10:00,00:05:00,09:10:00,05:05:00,13:10:00,NO,763,BASE,NO,01:00:00,FP,08:05:00,null,SI,NO,03:00:00,1,2,1,null,1,23:05:00,23:05:00,2 oct 2026,2 oct 2026,23:05:00,09:40:00,3 oct 2026,08:40:00,3 oct 2026,08:40:00,3 oct 2026,09:35:00,13:00:00,27:20:00,5092,2,1,0,0,0,-77.12,-73.78,Este,B,0,0,0,08:05:00,INT,2.694,00:00:00,00:00:00,3 oct 2026,J,INT
7,4,LA2468290926,LIM,29 sept 2026,23:05:00,2 oct 2026,07:25:00,1,null,30 sept 2026,Sep-2026,2026Q3,LA,2468,LIM,JFK,LIMJFK,00:05:00,08:10:00,00:05:00,09:10:00,05:05:00,13:10:00,NO,763,BASE,NO,01:00:00,FP,08:05:00,null,SI,NO,03:00:00,1,2,1,null,1,23:05:00,23:05:00,29 sept 2026,29 sept 2026,23:05:00,09:40:00,30 sept 2026,08:40:00,30 sept 2026,08:40:00,30 sept 2026,09:35:00,13:00:00,37:19:00,5092,2,1,0,0,0,-77.12,-73.78,Este,B,0,0,0,08:05:00,INT,4.004,00:00:00,00:00:00,30 sept 2026,J,INT
175,4,null,LIM,22 oct 2026,23:05:00,25 oct 2026,07:25:00,1,null,23 oct 2026,Oct-2026,2026Q3,LA,2468,LIM,JFK,LIMJFK,00:05:00,08:10:00,00:05:00,09:10:00,05:05:00,13:10:00,NO,763,BASE,NO,01:00:00,FP,08:05:00,null,SI,NO,03:00:00,1,2,1,null,1,23:05:00,23:05:00,22 oct 2026,22 oct 2026,23:05:00,09:40:00,23 oct 2026,08:40:00,23 oct 2026,08:40:00,23 oct 2026,09:35:00,13:00:00,37:19:00,5092,2,1,0,0,0,-77.12,-73.78,Este,B,0,0,0,08:05:00,INT,4.004,00:00:00,00:00:00,23 oct 2026,J,INT
40,3,null,LIM,2 oct 2026,23:05:00,4 oct 2026,21:30:00,1,null,3 oct 2026,Oct-2026,2026Q3,LA,2468,LIM,JFK,LIMJFK,00:05:00,08:10:00,00:05:00,09:10:00,05:05:00,13:10:00,NO,763,BASE,NO,01:00:00,FP,08:05:00,null,SI,NO,03:00:00,1,2,1,null,1,23:05:00,23:05:00,2 oct 2026,2 oct 2026,23:05:00,09:40:00,3 oct 2026,08:40:00,3 oct 2026,08:40:00,3 oct 2026,09:35:00,13:00:00,27:20:00,5092,0,0,1,0,6,-77.12,-73.78,Este," ",0,0,0,08:05:00,INT,2.694,00:00:00,00:00:00,3 oct 2026,J,INT
102,4,null,LIM,8 oct 2026,23:05:00,11 oct 2026,07:25:00,1,null,9 oct 2026,Oct-2026,2026Q3,LA,2468,LIM,JFK,LIMJFK,00:05:00,08:10:00,00:05:00,09:10:00,05:05:00,13:10:00,NO,763,BASE,NO,01:00:00,FP,08:05:00,null,SI,NO,03:00:00,1,2,1,null,1,23:05:00,23:05:00,8 oct 2026,8 oct 2026,23:05:00,09:40:00,9 oct 2026,08:40:00,9 oct 2026,08:40:00,9 oct 2026,09:35:00,13:00:00,37:19:00,5092,0,0,1,0,6,-77.12,-73.78,Este," ",0,0,0,08:05:00,INT,4.004,00:00:00,00:00:00,9 oct 2026,J,INT
146,4,null,LIM,18 oct 2026,23:05:00,21 oct 2026,07:25:00,1,null,19 oct 2026,Oct-2026,2026Q3,LA,2468,LIM,JFK,LIMJFK,00:05:00,08:10:00,00:05:00,09:10:00,05:05:00,13:10:00,NO,763,BASE,NO,01:00:00,FP,08:05:00,null,SI,NO,03:00:00,1,2,1,null,1,23:05:00,23:05:00,18 oct 2026,18 oct 2026,23:05:00,09:40:00,19 oct 2026,08:40:00,19 oct 2026,08:40:00,19 oct 2026,09:35:00,13:00:00,37:19:00,5092,2,1,0,0,0,-77.12,-73.78,Este,B,0,0,0,08:05:00,INT,4.004,00:00:00,00:00:00,19 oct 2026,J,INT
257,4,null,LIM,23 oct 2026,23:05:00,26 oct 2026,07:25:00,1,null,24 oct 2026,Oct-2026,2026Q3,LA,2468,LIM,JFK,LIMJFK,00:05:00,08:10:00,00:05:00,09:10:00,05:05:00,13:10:00,NO,763,BASE,NO,01:00:00,FP,08:05:00,null,SI,NO,03:00:00,1,2,1,null,1,23:05:00,23:05:00,23 oct 2026,23 oct 2026,23:05:00,09:40:00,24 oct 2026,08:40:00,24 oct 2026,08:40:00,24 oct 2026,09:35:00,13:00:00,37:10:00,5092,0,0,1,0,6,-77.12,-73.78,Este," ",0,0,0,08:05:00,INT,4.041,00:00:00,00:00:00,24 oct 2026,J,INT
226,4,null,LIM,20 oct 2026,23:05:00,23 oct 2026,07:25:00,1,null,21 oct 2026,Oct-2026,2026Q3,LA,2468,LIM,JFK,LIMJFK,00:05:00,08:10:00,00:05:00,09:10:00,05:05:00,13:10:00,NO,763,BASE,NO,01:00:00,FP,08:05:00,null,SI,NO,03:00:00,1,2,1,null,1,23:05:00,23:05:00,20 oct 2026,20 oct 2026,23:05:00,09:40:00,21 oct 2026,08:40:00,21 oct 2026,08:40:00,21 oct 2026,09:35:00,13:00:00,37:19:00,5092,0,0,1,0,6,-77.12,-73.78,Este," ",0,0,0,08:05:00,INT,4.004,00:00:00,00:00:00,21 oct 2026,J,INT
3,4,LA2468280926,LIM,28 sept 2026,23:05:00,1 oct 2026,07:25:00,1,null,29 sept 2026,Sep-2026,2026Q3,LA,2468,LIM,JFK,LIMJFK,00:05:00,08:10:00,00:05:00,09:10:00,05:05:00,13:10:00,NO,763,BASE,NO,01:00:00,FP,08:05:00,null,SI,NO,03:00:00,1,2,1,null,1,23:05:00,23:05:00,28 sept 2026,28 sept 2026,23:05:00,09:40:00,29 sept 2026,08:40:00,29 sept 2026,08:40:00,29 sept 2026,09:35:00,13:00:00,37:19:00,5092,2,1,0,0,0,-77.12,-73.78,Este,B,0,0,0,08:05:00,INT,4.004,00:00:00,00:00:00,29 sept 2026,J,INT
90,4,null,LIM,10 oct 2026,23:05:00,13 oct 2026,07:25:00,1,null,11 oct 2026,Oct-2026,2026Q3,LA,2468,LIM,JFK,LIMJFK,00:05:00,08:10:00,00:05:00,09:10:00,05:05:00,13:10:00,NO,763,BASE,NO,01:00:00,FP,08:05:00,null,SI,NO,03:00:00,1,2,1,null,1,23:05:00,23:05:00,10 oct 2026,10 oct 2026,23:05:00,09:40:00,11 oct 2026,08:40:00,11 oct 2026,08:40:00,11 oct 2026,09:35:00,13:00:00,37:19:00,5092,2,1,0,0,0,-77.12,-73.78,Este,B,0,0,0,08:05:00,INT,4.004,00:00:00,00:00:00,11 oct 2026,J,INT
154,4,null,LIM,19 oct 2026,23:05:00,22 oct 2026,07:25:00,1,null,20 oct 2026,Oct-2026,2026Q3,LA,2468,LIM,JFK,LIMJFK,00:05:00,08:10:00,00:05:00,09:10:00,05:05:00,13:10:00,NO,763,BASE,NO,01:00:00,FP,08:05:00,null,SI,NO,03:00:00,1,2,1,null,1,23:05:00,23:05:00,19 oct 2026,19 oct 2026,23:05:00,09:40:00,20 oct 2026,08:40:00,20 oct 2026,08:40:00,20 oct 2026,09:35:00,13:00:00,37:19:00,5092,2,1,0,0,0,-77.12,-73.78,Este,B,0,0,0,08:05:00,INT,4.004,00:00:00,00:00:00,20 oct 2026,J,INT
82,4,null,LIM,6 oct 2026,23:05:00,9 oct 2026,07:25:00,1,null,7 oct 2026,Oct-2026,2026Q3,LA,2468,LIM,JFK,LIMJFK,00:05:00,08:10:00,00:05:00,09:10:00,05:05:00,13:10:00,NO,763,BASE,NO,01:00:00,FP,08:05:00,null,SI,NO,03:00:00,1,2,1,null,1,23:05:00,23:05:00,6 oct 2026,6 oct 2026,23:05:00,09:40:00,7 oct 2026,08:40:00,7 oct 2026,08:40:00,7 oct 2026,09:35:00,13:00:00,37:19:00,5092,0,0,1,0,6,-77.12,-73.78,Este," ",0,0,0,08:05:00,INT,4.004,00:00:00,00:00:00,7 oct 2026,J,INT
61,4,null,LIM,4 oct 2026,23:05:00,7 oct 2026,07:25:00,1,null,5 oct 2026,Oct-2026,2026Q3,LA,2468,LIM,JFK,LIMJFK,00:05:00,08:10:00,00:05:00,09:10:00,05:05:00,13:10:00,NO,763,BASE,NO,01:00:00,FP,08:05:00,null,SI,NO,03:00:00,1,2,1,null,1,23:05:00,23:05:00,4 oct 2026,4 oct 2026,23:05:00,09:40:00,5 oct 2026,08:40:00,5 oct 2026,08:40:00,5 oct 2026,09:35:00,13:00:00,37:19:00,5092,0,0,1,0,6,-77.12,-73.78,Este," ",0,0,0,08:05:00,INT,4.004,00:00:00,00:00:00,5 oct 2026,J,INT
134,4,null,LIM,11 oct 2026,23:05:00,14 oct 2026,07:25:00,1,null,12 oct 2026,Oct-2026,2026Q3,LA,2468,LIM,JFK,LIMJFK,00:05:00,08:10:00,00:05:00,09:10:00,05:05:00,13:10:00,NO,763,BASE,NO,01:00:00,FP,08:05:00,null,SI,NO,03:00:00,1,2,1,null,1,23:05:00,23:05:00,11 oct 2026,11 oct 2026,23:05:00,09:40:00,12 oct 2026,08:40:00,12 oct 2026,08:40:00,12 oct 2026,09:35:00,13:00:00,37:19:00,5092,0,0,1,0,6,-77.12,-73.78,Este," ",0,0,0,08:05:00,INT,4.004,00:00:00,00:00:00,12 oct 2026,J,INT
143,3,null,LIM,12 oct 2026,23:05:00,14 oct 2026,21:30:00,1,null,13 oct 2026,Oct-2026,2026Q3,LA,2468,LIM,JFK,LIMJFK,00:05:00,08:10:00,00:05:00,09:10:00,05:05:00,13:10:00,NO,763,BASE,NO,01:00:00,FP,08:05:00,null,SI,NO,03:00:00,1,2,1,null,1,23:05:00,23:05:00,12 oct 2026,12 oct 2026,23:05:00,09:40:00,13 oct 2026,08:40:00,13 oct 2026,08:40:00,13 oct 2026,09:35:00,13:00:00,27:20:00,5092,0,0,1,0,6,-77.12,-73.78,Este," ",0,0,0,08:05:00,INT,5.361,00:00:00,00:00:00,13 oct 2026,J,INT
52,4,null,LIM,3 oct 2026,23:05:00,6 oct 2026,07:25:00,1,null,4 oct 2026,Oct-2026,2026Q3,LA,2468,LIM,JFK,LIMJFK,00:05:00,08:10:00,00:05:00,09:10:00,05:05:00,13:10:00,NO,763,BASE,NO,01:00:00,FP,08:05:00,null,SI,NO,03:00:00,1,2,1,null,1,23:05:00,23:05:00,3 oct 2026,3 oct 2026,23:05:00,09:40:00,4 oct 2026,08:40:00,4 oct 2026,08:40:00,4 oct 2026,09:35:00,13:00:00,37:19:00,5092,0,0,1,0,6,-77.12,-73.78,Este," ",0,0,0,08:05:00,INT,4.004,00:00:00,00:00:00,4 oct 2026,J,INT
161,4,null,LIM,20 oct 2026,23:05:00,23 oct 2026,07:25:00,1,null,21 oct 2026,Oct-2026,2026Q3,LA,2468,LIM,JFK,LIMJFK,00:05:00,08:10:00,00:05:00,09:10:00,05:05:00,13:10:00,NO,763,BASE,NO,01:00:00,FP,08:05:00,null,SI,NO,03:00:00,1,2,1,null,1,23:05:00,23:05:00,20 oct 2026,20 oct 2026,23:05:00,09:40:00,21 oct 2026,08:40:00,21 oct 2026,08:40:00,21 oct 2026,09:35:00,13:00:00,37:19:00,5092,2,1,0,0,0,-77.12,-73.78,Este,B,0,0,0,08:05:00,INT,4.004,00:00:00,00:00:00,21 oct 2026,J,INT
81,3,null,LIM,9 oct 2026,23:05:00,11 oct 2026,21:30:00,1,null,10 oct 2026,Oct-2026,2026Q3,LA,2468,LIM,JFK,LIMJFK,00:05:00,08:10:00,00:05:00,09:10:00,05:05:00,13:10:00,NO,763,BASE,NO,01:00:00,FP,08:05:00,null,SI,NO,03:00:00,1,2,1,null,1,23:05:00,23:05:00,9 oct 2026,9 oct 2026,23:05:00,09:40:00,10 oct 2026,08:40:00,10 oct 2026,08:40:00,10 oct 2026,09:35:00,13:00:00,27:20:00,5092,2,1,0,0,0,-77.12,-73.78,Este,B,0,0,0,08:05:00,INT,5.361,00:00:00,00:00:00,10 oct 2026,J,INT
65,3,null,LIM,7 oct 2026,23:05:00,9 oct 2026,21:30:00,1,null,8 oct 2026,Oct-2026,2026Q3,LA,2468,LIM,JFK,LIMJFK,00:05:00,08:10:00,00:05:00,09:10:00,05:05:00,13:10:00,NO,763,BASE,NO,01:00:00,FP,08:05:00,null,SI,NO,03:00:00,1,2,1,null,1,23:05:00,23:05:00,7 oct 2026,7 oct 2026,23:05:00,09:40:00,8 oct 2026,08:40:00,8 oct 2026,08:40:00,8 oct 2026,09:35:00,13:00:00,27:15:00,5092,2,1,0,0,0,-77.12,-73.78,Este,B,0,0,0,08:05:00,INT,5.388,00:00:00,00:00:00,8 oct 2026,J,INT
59,4,null,LIM,6 oct 2026,23:05:00,9 oct 2026,07:25:00,1,null,7 oct 2026,Oct-2026,2026Q3,LA,2468,LIM,JFK,LIMJFK,00:05:00,08:10:00,00:05:00,09:10:00,05:05:00,13:10:00,NO,763,BASE,NO,01:00:00,FP,08:05:00,null,SI,NO,03:00:00,1,2,1,null,1,23:05:00,23:05:00,6 oct 2026,6 oct 2026,23:05:00,09:40:00,7 oct 2026,08:40:00,7 oct 2026,08:40:00,7 oct 2026,09:35:00,13:00:00,37:19:00,5092,2,1,0,0,0,-77.12,-73.78,Este,B,0,0,0,08:05:00,INT,4.004,00:00:00,00:00:00,7 oct 2026,J,INT
72,3,null,LIM,5 oct 2026,23:05:00,7 oct 2026,21:30:00,1,null,6 oct 2026,Oct-2026,2026Q3,LA,2468,LIM,JFK,LIMJFK,00:05:00,08:10:00,00:05:00,09:10:00,05:05:00,13:10:00,NO,763,BASE,NO,01:00:00,FP,08:05:00,null,SI,NO,03:00:00,1,2,1,null,1,23:05:00,23:05:00,5 oct 2026,5 oct 2026,23:05:00,09:40:00,6 oct 2026,08:40:00,6 oct 2026,08:40:00,6 oct 2026,09:35:00,13:00:00,27:20:00,5092,0,0,1,0,6,-77.12,-73.78,Este," ",0,0,0,08:05:00,INT,5.361,00:00:00,00:00:00,6 oct 2026,J,INT
183,4,null,LIM,23 oct 2026,23:05:00,26 oct 2026,07:25:00,1,null,24 oct 2026,Oct-2026,2026Q3,LA,2468,LIM,JFK,LIMJFK,00:05:00,08:10:00,00:05:00,09:10:00,05:05:00,13:10:00,NO,763,BASE,NO,01:00:00,FP,08:05:00,null,SI,NO,03:00:00,1,2,1,null,1,23:05:00,23:05:00,23 oct 2026,23 oct 2026,23:05:00,09:40:00,24 oct 2026,08:40:00,24 oct 2026,08:40:00,24 oct 2026,09:35:00,13:00:00,37:10:00,5092,2,1,0,0,0,-77.12,-73.78,Este,B,0,0,0,08:05:00,INT,4.041,00:00:00,00:00:00,24 oct 2026,J,INT
116,3,null,LIM,14 oct 2026,23:05:00,16 oct 2026,21:30:00,1,null,15 oct 2026,Oct-2026,2026Q3,LA,2468,LIM,JFK,LIMJFK,00:05:00,08:10:00,00:05:00,09:10:00,05:05:00,13:10:00,NO,763,BASE,NO,01:00:00,FP,08:05:00,null,SI,NO,03:00:00,1,2,1,null,1,23:05:00,23:05:00,14 oct 2026,14 oct 2026,23:05:00,09:40:00,15 oct 2026,08:40:00,15 oct 2026,08:40:00,15 oct 2026,09:35:00,13:00:00,27:15:00,5092,2,1,0,0,0,-77.12,-73.78,Este,B,0,0,0,08:05:00,INT,5.388,00:00:00,00:00:00,15 oct 2026,J,INT
168,4,null,LIM,21 oct 2026,23:05:00,24 oct 2026,07:25:00,1,null,22 oct 2026,Oct-2026,2026Q3,LA,2468,LIM,JFK,LIMJFK,00:05:00,08:10:00,00:05:00,09:10:00,05:05:00,13:10:00,NO,763,BASE,NO,01:00:00,FP,08:05:00,null,SI,NO,03:00:00,1,2,1,null,1,23:05:00,23:05:00,21 oct 2026,21 oct 2026,23:05:00,09:40:00,22 oct 2026,08:40:00,22 oct 2026,08:40:00,22 oct 2026,09:35:00,13:00:00,37:19:00,5092,2,1,0,0,0,-77.12,-73.78,Este,B,0,0,0,08:05:00,INT,4.004,00:00:00,00:00:00,22 oct 2026,J,INT
96,4,null,LIM,11 oct 2026,23:05:00,14 oct 2026,07:25:00,1,null,12 oct 2026,Oct-2026,2026Q3,LA,2468,LIM,JFK,LIMJFK,00:05:00,08:10:00,00:05:00,09:10:00,05:05:00,13:10:00,NO,763,BASE,NO,01:00:00,FP,08:05:00,null,SI,NO,03:00:00,1,2,1,null,1,23:05:00,23:05:00,11 oct 2026,11 oct 2026,23:05:00,09:40:00,12 oct 2026,08:40:00,12 oct 2026,08:40:00,12 oct 2026,09:35:00,13:00:00,37:19:00,5092,2,1,0,0,0,-77.12,-73.78,Este,B,0,0,0,08:05:00,INT,4.004,00:00:00,00:00:00,12 oct 2026,J,INT
19,4,LA2468300926,LIM,30 sept 2026,23:05:00,3 oct 2026,07:25:00,1,null,1 oct 2026,Oct-2026,2026Q3,LA,2468,LIM,JFK,LIMJFK,00:05:00,08:10:00,00:05:00,09:10:00,05:05:00,13:10:00,NO,763,BASE,NO,01:00:00,FP,08:05:00,null,SI,NO,03:00:00,1,2,1,null,1,23:05:00,23:05:00,30 sept 2026,30 sept 2026,23:05:00,09:40:00,1 oct 2026,08:40:00,1 oct 2026,08:40:00,1 oct 2026,09:35:00,13:00:00,37:19:00,5092,0,0,1,0,6,-77.12,-73.78,Este," ",0,0,0,08:05:00,INT,4.004,00:00:00,00:00:00,1 oct 2026,J,INT
185,3,null,LIM,16 oct 2026,23:05:00,18 oct 2026,21:30:00,1,null,17 oct 2026,Oct-2026,2026Q3,LA,2468,LIM,JFK,LIMJFK,00:05:00,08:10:00,00:05:00,09:10:00,05:05:00,13:10:00,NO,763,BASE,NO,01:00:00,FP,08:05:00,null,SI,NO,03:00:00,1,2,1,null,1,23:05:00,23:05:00,16 oct 2026,16 oct 2026,23:05:00,09:40:00,17 oct 2026,08:40:00,17 oct 2026,08:40:00,17 oct 2026,09:35:00,13:00:00,27:20:00,5092,0,0,1,0,6,-77.12,-73.78,Este," ",0,0,0,08:05:00,INT,5.361,00:00:00,00:00:00,17 oct 2026,J,INT
14,4,LA2468300926,LIM,30 sept 2026,23:05:00,3 oct 2026,07:25:00,1,null,1 oct 2026,Oct-2026,2026Q3,LA,2468,LIM,JFK,LIMJFK,00:05:00,08:10:00,00:05:00,09:10:00,05:05:00,13:10:00,NO,763,BASE,NO,01:00:00,FP,08:05:00,null,SI,NO,03:00:00,1,2,1,null,1,23:05:00,23:05:00,30 sept 2026,30 sept 2026,23:05:00,09:40:00,1 oct 2026,08:40:00,1 oct 2026,08:40:00,1 oct 2026,09:35:00,13:00:00,37:19:00,5092,2,1,0,0,0,-77.12,-73.78,Este,B,0,0,0,08:05:00,INT,4.004,00:00:00,00:00:00,1 oct 2026,J,INT
113,3,null,LIM,9 oct 2026,23:05:00,11 oct 2026,21:30:00,1,null,10 oct 2026,Oct-2026,2026Q3,LA,2468,LIM,JFK,LIMJFK,00:05:00,08:10:00,00:05:00,09:10:00,05:05:00,13:10:00,NO,763,BASE,NO,01:00:00,FP,08:05:00,null,SI,NO,03:00:00,1,2,1,null,1,23:05:00,23:05:00,9 oct 2026,9 oct 2026,23:05:00,09:40:00,10 oct 2026,08:40:00,10 oct 2026,08:40:00,10 oct 2026,09:35:00,13:00:00,27:20:00,5092,0,0,1,0,6,-77.12,-73.78,Este," ",0,0,0,08:05:00,INT,5.361,00:00:00,00:00:00,10 oct 2026,J,INT
132,3,null,LIM,16 oct 2026,23:05:00,18 oct 2026,21:30:00,1,null,17 oct 2026,Oct-2026,2026Q3,LA,2468,LIM,JFK,LIMJFK,00:05:00,08:10:00,00:05:00,09:10:00,05:05:00,13:10:00,NO,763,BASE,NO,01:00:00,FP,08:05:00,null,SI,NO,03:00:00,1,2,1,null,1,23:05:00,23:05:00,16 oct 2026,16 oct 2026,23:05:00,09:40:00,17 oct 2026,08:40:00,17 oct 2026,08:40:00,17 oct 2026,09:35:00,13:00:00,27:20:00,5092,2,1,0,0,0,-77.12,-73.78,Este,B,0,0,0,08:05:00,INT,5.361,00:00:00,00:00:00,17 oct 2026,J,INT
4,4,LA2468280926,LIM,28 sept 2026,23:05:00,1 oct 2026,07:25:00,1,null,29 sept 2026,Sep-2026,2026Q3,LA,2468,LIM,JFK,LIMJFK,00:05:00,08:10:00,00:05:00,09:10:00,05:05:00,13:10:00,NO,763,BASE,NO,01:00:00,FP,08:05:00,null,SI,NO,03:00:00,1,2,1,null,1,23:05:00,23:05:00,28 sept 2026,28 sept 2026,23:05:00,09:40:00,29 sept 2026,08:40:00,29 sept 2026,08:40:00,29 sept 2026,09:35:00,13:00:00,37:19:00,5092,0,0,1,0,6,-77.12,-73.78,Este," ",0,0,0,08:05:00,INT,4.004,00:00:00,00:00:00,29 sept 2026,J,INT
216,4,null,LIM,19 oct 2026,23:05:00,22 oct 2026,07:25:00,1,null,20 oct 2026,Oct-2026,2026Q3,LA,2468,LIM,JFK,LIMJFK,00:05:00,08:10:00,00:05:00,09:10:00,05:05:00,13:10:00,NO,763,BASE,NO,01:00:00,FP,08:05:00,null,SI,NO,03:00:00,1,2,1,null,1,23:05:00,23:05:00,19 oct 2026,19 oct 2026,23:05:00,09:40:00,20 oct 2026,08:40:00,20 oct 2026,08:40:00,20 oct 2026,09:35:00,13:00:00,37:19:00,5092,0,0,1,0,6,-77.12,-73.78,Este," ",0,0,0,08:05:00,INT,4.004,00:00:00,00:00:00,20 oct 2026,J,INT
205,4,null,LIM,18 oct 2026,23:05:00,21 oct 2026,07:25:00,1,null,19 oct 2026,Oct-2026,2026Q3,LA,2468,LIM,JFK,LIMJFK,00:05:00,08:10:00,00:05:00,09:10:00,05:05:00,13:10:00,NO,763,BASE,NO,01:00:00,FP,08:05:00,null,SI,NO,03:00:00,1,2,1,null,1,23:05:00,23:05:00,18 oct 2026,18 oct 2026,23:05:00,09:40:00,19 oct 2026,08:40:00,19 oct 2026,08:40:00,19 oct 2026,09:35:00,13:00:00,37:19:00,5092,0,0,1,0,6,-77.12,-73.78,Este," ",0,0,0,08:05:00,INT,4.004,00:00:00,00:00:00,19 oct 2026,J,INT
163,3,null,LIM,14 oct 2026,23:05:00,16 oct 2026,21:30:00,1,null,15 oct 2026,Oct-2026,2026Q3,LA,2468,LIM,JFK,LIMJFK,00:05:00,08:10:00,00:05:00,09:10:00,05:05:00,13:10:00,NO,763,BASE,NO,01:00:00,FP,08:05:00,null,SI,NO,03:00:00,1,2,1,null,1,23:05:00,23:05:00,14 oct 2026,14 oct 2026,23:05:00,09:40:00,15 oct 2026,08:40:00,15 oct 2026,08:40:00,15 oct 2026,09:35:00,13:00:00,27:15:00,5092,0,0,1,0,6,-77.12,-73.78,Este," ",0,0,0,08:05:00,INT,5.388,00:00:00,00:00:00,15 oct 2026,J,INT
174,4,null,LIM,15 oct 2026,23:05:00,18 oct 2026,07:25:00,1,null,16 oct 2026,Oct-2026,2026Q3,LA,2468,LIM,JFK,LIMJFK,00:05:00,08:10:00,00:05:00,09:10:00,05:05:00,13:10:00,NO,763,BASE,NO,01:00:00,FP,08:05:00,null,SI,NO,03:00:00,1,2,1,null,1,23:05:00,23:05:00,15 oct 2026,15 oct 2026,23:05:00,09:40:00,16 oct 2026,08:40:00,16 oct 2026,08:40:00,16 oct 2026,09:35:00,13:00:00,37:19:00,5092,0,0,1,0,6,-77.12,-73.78,Este," ",0,0,0,08:05:00,INT,4.004,00:00:00,00:00:00,16 oct 2026,J,INT
154,4,null,LIM,13 oct 2026,23:05:00,16 oct 2026,07:25:00,1,null,14 oct 2026,Oct-2026,2026Q3,LA,2468,LIM,JFK,LIMJFK,00:05:00,08:10:00,00:05:00,09:10:00,05:05:00,13:10:00,NO,763,BASE,NO,01:00:00,FP,08:05:00,null,SI,NO,03:00:00,1,2,1,null,1,23:05:00,23:05:00,13 oct 2026,13 oct 2026,23:05:00,09:40:00,14 oct 2026,08:40:00,14 oct 2026,08:40:00,14 oct 2026,09:35:00,13:00:00,37:19:00,5092,0,0,1,0,6,-77.12,-73.78,Este," ",0,0,0,08:05:00,INT,4.004,00:00:00,00:00:00,14 oct 2026,J,INT
52,3,null,LIM,5 oct 2026,23:05:00,7 oct 2026,21:30:00,1,null,6 oct 2026,Oct-2026,2026Q3,LA,2468,LIM,JFK,LIMJFK,00:05:00,08:10:00,00:05:00,09:10:00,05:05:00,13:10:00,NO,763,BASE,NO,01:00:00,FP,08:05:00,null,SI,NO,03:00:00,1,2,1,null,1,23:05:00,23:05:00,5 oct 2026,5 oct 2026,23:05:00,09:40:00,6 oct 2026,08:40:00,6 oct 2026,08:40:00,6 oct 2026,09:35:00,13:00:00,27:20:00,5092,2,1,0,0,0,-77.12,-73.78,Este,B,0,0,0,08:05:00,INT,5.361,00:00:00,00:00:00,6 oct 2026,J,INT
91,3,null,LIM,7 oct 2026,23:05:00,9 oct 2026,21:30:00,1,null,8 oct 2026,Oct-2026,2026Q3,LA,2468,LIM,JFK,LIMJFK,00:05:00,08:10:00,00:05:00,09:10:00,05:05:00,13:10:00,NO,763,BASE,NO,01:00:00,FP,08:05:00,null,SI,NO,03:00:00,1,2,1,null,1,23:05:00,23:05:00,7 oct 2026,7 oct 2026,23:05:00,09:40:00,8 oct 2026,08:40:00,8 oct 2026,08:40:00,8 oct 2026,09:35:00,13:00:00,27:15:00,5092,0,0,1,0,6,-77.12,-73.78,Este," ",0,0,0,08:05:00,INT,5.388,00:00:00,00:00:00,8 oct 2026,J,INT
224,null,null,LIM,29 oct 2026,06:30:00,31 oct 2026,20:00:00,null,1,31 oct 2026,Oct-2026,2026Q3,LA,2944,GRU,LIM,GRULIM,14:25:00,19:30:00,16:25:00,19:30:00,19:25:00,00:30:00,NO,763,OUT,TOUCH,01:00:00,FP,05:05:00,null,SI,NO,02:10:00,2,3,1,null,1,13:25:00,15:25:00,31 oct 2026,31 oct 2026,13:25:00,20:00:00,31 oct 2026,20:00:00,31 oct 2026,20:00:00,31 oct 2026,06:35:00,13:00:00,null,5022,1,1,0,0,0,-46.47,-77.12,Oeste,A,0,0,0,05:05:00,INT,3.333,00:00:00,00:00:00,31 oct 2026,J,REG
238,null,null,LIM,31 oct 2026,06:30:00,2 nov 2026,20:00:00,null,1,2 nov 2026,Nov-2026,2026Q3,LA,2944,GRU,LIM,GRULIM,14:25:00,19:30:00,16:25:00,19:30:00,19:25:00,00:30:00,NO,763,OUT,TOUCH,01:00:00,FP,05:05:00,null,SI,NO,02:10:00,2,3,1,null,1,13:25:00,15:25:00,2 nov 2026,2 nov 2026,13:25:00,20:00:00,2 nov 2026,20:00:00,2 nov 2026,20:00:00,2 nov 2026,06:35:00,13:00:00,null,5022,1,1,0,0,0,-46.47,-77.12,Oeste,A,0,0,0,05:05:00,INT,3.333,00:00:00,00:00:00,2 nov 2026,J,REG
334,null,null,LIM,31 oct 2026,06:30:00,2 nov 2026,20:00:00,null,1,2 nov 2026,Nov-2026,2026Q3,LA,2944,GRU,LIM,GRULIM,14:25:00,19:30:00,16:25:00,19:30:00,19:25:00,00:30:00,NO,763,OUT,TOUCH,01:00:00,FP,05:05:00,null,SI,NO,02:10:00,2,3,1,null,1,13:25:00,15:25:00,2 nov 2026,2 nov 2026,13:25:00,20:00:00,2 nov 2026,20:00:00,2 nov 2026,20:00:00,2 nov 2026,06:35:00,13:00:00,null,5022,0,0,1,0,4,-46.47,-77.12,Oeste," ",0,0,0,05:05:00,INT,3.333,00:00:00,00:00:00,2 nov 2026,J,REG
314,null,null,LIM,29 oct 2026,06:30:00,31 oct 2026,20:00:00,null,1,31 oct 2026,Oct-2026,2026Q3,LA,2944,GRU,LIM,GRULIM,14:25:00,19:30:00,16:25:00,19:30:00,19:25:00,00:30:00,NO,763,OUT,TOUCH,01:00:00,FP,05:05:00,null,SI,NO,02:10:00,2,3,1,null,1,13:25:00,15:25:00,31 oct 2026,31 oct 2026,13:25:00,20:00:00,31 oct 2026,20:00:00,31 oct 2026,20:00:00,31 oct 2026,06:35:00,13:00:00,null,5022,0,0,1,0,4,-46.47,-77.12,Oeste," ",0,0,0,05:05:00,INT,3.333,00:00:00,00:00:00,31 oct 2026,J,REG
215,null,null,LIM,27 oct 2026,23:15:00,29 oct 2026,19:00:00,null,1,29 oct 2026,Oct-2026,2026Q3,LA,2993,MIA,LIM,MIALIM,12:45:00,18:30:00,13:45:00,18:30:00,17:45:00,23:30:00,PAX,320,OUT,TOUCH,01:00:00,FP,00:00:00,null,SI,NO,02:10:00,2,3,1,null,1,11:45:00,12:45:00,29 oct 2026,29 oct 2026,11:45:00,19:00:00,29 oct 2026,19:00:00,29 oct 2026,19:00:00,29 oct 2026,07:15:00,13:00:00,null,4951,1,1,0,0,0,-80.28,-77.12,Este," ",0,0,0,00:00:00,INT,1.972,00:00:00,00:00:00,29 oct 2026,J,INT
216,3,null,LIM,27 oct 2026,23:50:00,29 oct 2026,22:20:00,1,null,28 oct 2026,Oct-2026,2026Q3,LA,2478,LIM,LAX,LIMLAX,00:50:00,09:45:00,00:50:00,07:45:00,05:50:00,14:45:00,NO,763,BASE,NO,01:00:00,FP,08:55:00,null,SI,NO,03:00:00,1,2,1,null,1,23:50:00,23:50:00,27 oct 2026,27 oct 2026,23:50:00,08:15:00,28 oct 2026,10:15:00,28 oct 2026,10:15:00,28 oct 2026,10:25:00,13:00:00,25:55:00,4541,2,1,0,0,0,-77.12,-118.4,Oeste,B,0,0,0,08:55:00,INT,5.861,00:00:00,00:00:00,28 oct 2026,J,INT
303,3,null,LIM,27 oct 2026,23:50:00,29 oct 2026,22:20:00,1,null,28 oct 2026,Oct-2026,2026Q3,LA,2478,LIM,LAX,LIMLAX,00:50:00,09:45:00,00:50:00,07:45:00,05:50:00,14:45:00,NO,763,BASE,NO,01:00:00,FP,08:55:00,null,SI,NO,03:00:00,1,2,1,null,1,23:50:00,23:50:00,27 oct 2026,27 oct 2026,23:50:00,08:15:00,28 oct 2026,10:15:00,28 oct 2026,10:15:00,28 oct 2026,10:25:00,13:00:00,25:55:00,4541,0,0,1,0,6,-77.12,-118.4,Oeste," ",0,0,0,08:55:00,INT,5.861,00:00:00,00:00:00,28 oct 2026,J,INT
223,3,null,LIM,28 oct 2026,23:50:00,30 oct 2026,22:20:00,1,null,29 oct 2026,Oct-2026,2026Q3,LA,2478,LIM,LAX,LIMLAX,00:50:00,09:45:00,00:50:00,07:45:00,05:50:00,14:45:00,NO,763,BASE,NO,01:00:00,FP,08:55:00,null,SI,NO,03:00:00,1,2,1,null,1,23:50:00,23:50:00,28 oct 2026,28 oct 2026,23:50:00,08:15:00,29 oct 2026,10:15:00,29 oct 2026,10:15:00,29 oct 2026,10:25:00,13:00:00,25:55:00,4541,2,1,0,0,0,-77.12,-118.4,Oeste,B,0,0,0,08:55:00,INT,5.861,00:00:00,00:00:00,29 oct 2026,J,INT
245,3,null,LIM,31 oct 2026,23:50:00,2 nov 2026,22:20:00,1,null,1 nov 2026,Nov-2026,2026Q3,LA,2478,LIM,LAX,LIMLAX,00:50:00,09:45:00,00:50:00,06:45:00,05:50:00,14:45:00,NO,763,BASE,NO,01:00:00,FP,08:55:00,null,SI,NO,03:00:00,1,2,1,null,1,23:50:00,23:50:00,31 oct 2026,31 oct 2026,23:50:00,07:15:00,1 nov 2026,10:15:00,1 nov 2026,10:15:00,1 nov 2026,10:25:00,13:00:00,25:55:00,4541,2,1,0,0,0,-77.12,-118.4,Oeste,B,0,0,0,08:55:00,INT,5.861,00:00:00,00:00:00,1 nov 2026,J,INT
333,3,null,LIM,30 oct 2026,23:50:00,1 nov 2026,22:20:00,1,null,31 oct 2026,Oct-2026,2026Q3,LA,2478,LIM,LAX,LIMLAX,00:50:00,09:45:00,00:50:00,07:45:00,05:50:00,14:45:00,NO,763,BASE,NO,01:00:00,FP,08:55:00,null,SI,NO,03:00:00,1,2,1,null,1,23:50:00,23:50:00,30 oct 2026,30 oct 2026,23:50:00,08:15:00,31 oct 2026,10:15:00,31 oct 2026,10:15:00,31 oct 2026,10:25:00,13:00:00,25:55:00,4541,0,0,1,0,6,-77.12,-118.4,Oeste," ",0,0,0,08:55:00,INT,5.861,00:00:00,00:00:00,31 oct 2026,J,INT
282,3,null,LIM,25 oct 2026,23:50:00,27 oct 2026,22:20:00,1,null,26 oct 2026,Oct-2026,2026Q3,LA,2478,LIM,LAX,LIMLAX,00:50:00,09:45:00,00:50:00,07:45:00,05:50:00,14:45:00,NO,763,BASE,NO,01:00:00,FP,08:55:00,null,SI,NO,03:00:00,1,2,1,null,1,23:50:00,23:50:00,25 oct 2026,25 oct 2026,23:50:00,08:15:00,26 oct 2026,10:15:00,26 oct 2026,10:15:00,26 oct 2026,10:25:00,13:00:00,25:55:00,4541,0,0,1,0,6,-77.12,-118.4,Oeste," ",0,0,0,08:55:00,INT,5.861,00:00:00,00:00:00,26 oct 2026,J,INT
293,3,null,LIM,26 oct 2026,23:50:00,28 oct 2026,22:20:00,1,null,27 oct 2026,Oct-2026,2026Q3,LA,2478,LIM,LAX,LIMLAX,00:50:00,09:45:00,00:50:00,07:45:00,05:50:00,14:45:00,NO,763,BASE,NO,01:00:00,FP,08:55:00,null,SI,NO,03:00:00,1,2,1,null,1,23:50:00,23:50:00,26 oct 2026,26 oct 2026,23:50:00,08:15:00,27 oct 2026,10:15:00,27 oct 2026,10:15:00,27 oct 2026,10:25:00,13:00:00,25:55:00,4541,0,0,1,0,6,-77.12,-118.4,Oeste," ",0,0,0,08:55:00,INT,5.861,00:00:00,00:00:00,27 oct 2026,J,INT
201,3,null,LIM,25 oct 2026,23:50:00,27 oct 2026,22:20:00,1,null,26 oct 2026,Oct-2026,2026Q3,LA,2478,LIM,LAX,LIMLAX,00:50:00,09:45:00,00:50:00,07:45:00,05:50:00,14:45:00,NO,763,BASE,NO,01:00:00,FP,08:55:00,null,SI,NO,03:00:00,1,2,1,null,1,23:50:00,23:50:00,25 oct 2026,25 oct 2026,23:50:00,08:15:00,26 oct 2026,10:15:00,26 oct 2026,10:15:00,26 oct 2026,10:25:00,13:00:00,25:55:00,4541,2,1,0,0,0,-77.12,-118.4,Oeste,B,0,0,0,08:55:00,INT,5.861,00:00:00,00:00:00,26 oct 2026,J,INT
237,3,null,LIM,30 oct 2026,23:50:00,1 nov 2026,22:20:00,1,null,31 oct 2026,Oct-2026,2026Q3,LA,2478,LIM,LAX,LIMLAX,00:50:00,09:45:00,00:50:00,07:45:00,05:50:00,14:45:00,NO,763,BASE,NO,01:00:00,FP,08:55:00,null,SI,NO,03:00:00,1,2,1,null,1,23:50:00,23:50:00,30 oct 2026,30 oct 2026,23:50:00,08:15:00,31 oct 2026,10:15:00,31 oct 2026,10:15:00,31 oct 2026,10:25:00,13:00:00,25:55:00,4541,2,1,0,0,0,-77.12,-118.4,Oeste,B,0,0,0,08:55:00,INT,5.861,00:00:00,00:00:00,31 oct 2026,J,INT
344,3,null,LIM,31 oct 2026,23:50:00,2 nov 2026,22:20:00,1,null,1 nov 2026,Nov-2026,2026Q3,LA,2478,LIM,LAX,LIMLAX,00:50:00,09:45:00,00:50:00,06:45:00,05:50:00,14:45:00,NO,763,BASE,NO,01:00:00,FP,08:55:00,null,SI,NO,03:00:00,1,2,1,null,1,23:50:00,23:50:00,31 oct 2026,31 oct 2026,23:50:00,07:15:00,1 nov 2026,10:15:00,1 nov 2026,10:15:00,1 nov 2026,10:25:00,13:00:00,25:55:00,4541,0,0,1,0,6,-77.12,-118.4,Oeste," ",0,0,0,08:55:00,INT,5.861,00:00:00,00:00:00,1 nov 2026,J,INT
313,3,null,LIM,28 oct 2026,23:50:00,30 oct 2026,22:20:00,1,null,29 oct 2026,Oct-2026,2026Q3,LA,2478,LIM,LAX,LIMLAX,00:50:00,09:45:00,00:50:00,07:45:00,05:50:00,14:45:00,NO,763,BASE,NO,01:00:00,FP,08:55:00,null,SI,NO,03:00:00,1,2,1,null,1,23:50:00,23:50:00,28 oct 2026,28 oct 2026,23:50:00,08:15:00,29 oct 2026,10:15:00,29 oct 2026,10:15:00,29 oct 2026,10:25:00,13:00:00,25:55:00,4541,0,0,1,0,6,-77.12,-118.4,Oeste," ",0,0,0,08:55:00,INT,5.861,00:00:00,00:00:00,29 oct 2026,J,INT
230,3,null,LIM,29 oct 2026,23:50:00,31 oct 2026,22:20:00,1,null,30 oct 2026,Oct-2026,2026Q3,LA,2478,LIM,LAX,LIMLAX,00:50:00,09:45:00,00:50:00,07:45:00,05:50:00,14:45:00,NO,763,BASE,NO,01:00:00,FP,08:55:00,null,SI,NO,03:00:00,1,2,1,null,1,23:50:00,23:50:00,29 oct 2026,29 oct 2026,23:50:00,08:15:00,30 oct 2026,10:15:00,30 oct 2026,10:15:00,30 oct 2026,10:25:00,13:00:00,25:55:00,4541,2,1,0,0,0,-77.12,-118.4,Oeste,B,0,0,0,08:55:00,INT,5.861,00:00:00,00:00:00,30 oct 2026,J,INT
193,3,null,LIM,24 oct 2026,23:50:00,26 oct 2026,22:20:00,1,null,25 oct 2026,Oct-2026,2026Q3,LA,2478,LIM,LAX,LIMLAX,00:50:00,09:45:00,00:50:00,07:45:00,05:50:00,14:45:00,NO,763,BASE,NO,01:00:00,FP,08:55:00,null,SI,NO,03:00:00,1,2,1,null,1,23:50:00,23:50:00,24 oct 2026,24 oct 2026,23:50:00,08:15:00,25 oct 2026,10:15:00,25 oct 2026,10:15:00,25 oct 2026,10:25:00,13:00:00,25:55:00,4541,2,1,0,0,0,-77.12,-118.4,Oeste,B,0,0,0,08:55:00,INT,5.861,00:00:00,00:00:00,25 oct 2026,J,INT
323,3,null,LIM,29 oct 2026,23:50:00,31 oct 2026,22:20:00,1,null,30 oct 2026,Oct-2026,2026Q3,LA,2478,LIM,LAX,LIMLAX,00:50:00,09:45:00,00:50:00,07:45:00,05:50:00,14:45:00,NO,763,BASE,NO,01:00:00,FP,08:55:00,null,SI,NO,03:00:00,1,2,1,null,1,23:50:00,23:50:00,29 oct 2026,29 oct 2026,23:50:00,08:15:00,30 oct 2026,10:15:00,30 oct 2026,10:15:00,30 oct 2026,10:25:00,13:00:00,25:55:00,4541,0,0,1,0,6,-77.12,-118.4,Oeste," ",0,0,0,08:55:00,INT,5.861,00:00:00,00:00:00,30 oct 2026,J,INT
271,3,null,LIM,24 oct 2026,23:50:00,26 oct 2026,22:20:00,1,null,25 oct 2026,Oct-2026,2026Q3,LA,2478,LIM,LAX,LIMLAX,00:50:00,09:45:00,00:50:00,07:45:00,05:50:00,14:45:00,NO,763,BASE,NO,01:00:00,FP,08:55:00,null,SI,NO,03:00:00,1,2,1,null,1,23:50:00,23:50:00,24 oct 2026,24 oct 2026,23:50:00,08:15:00,25 oct 2026,10:15:00,25 oct 2026,10:15:00,25 oct 2026,10:25:00,13:00:00,25:55:00,4541,0,0,1,0,6,-77.12,-118.4,Oeste," ",0,0,0,08:55:00,INT,5.861,00:00:00,00:00:00,25 oct 2026,J,INT
209,3,null,LIM,26 oct 2026,23:50:00,28 oct 2026,22:20:00,1,null,27 oct 2026,Oct-2026,2026Q3,LA,2478,LIM,LAX,LIMLAX,00:50:00,09:45:00,00:50:00,07:45:00,05:50:00,14:45:00,NO,763,BASE,NO,01:00:00,FP,08:55:00,null,SI,NO,03:00:00,1,2,1,null,1,23:50:00,23:50:00,26 oct 2026,26 oct 2026,23:50:00,08:15:00,27 oct 2026,10:15:00,27 oct 2026,10:15:00,27 oct 2026,10:25:00,13:00:00,25:55:00,4541,2,1,0,0,0,-77.12,-118.4,Oeste,B,0,0,0,08:55:00,INT,5.861,00:00:00,00:00:00,27 oct 2026,J,INT
197,null,null,LIM,25 oct 2026,12:05:00,26 oct 2026,20:00:00,null,1,26 oct 2026,Oct-2026,2026Q3,LA,2944,GRU,LIM,GRULIM,14:25:00,19:30:00,16:25:00,19:30:00,19:25:00,00:30:00,NO,763,OUT,TOUCH,01:00:00,FP,05:05:00,null,SI,NO,02:10:00,2,2,1,null,1,13:25:00,15:25:00,26 oct 2026,26 oct 2026,13:25:00,20:00:00,26 oct 2026,20:00:00,26 oct 2026,20:00:00,26 oct 2026,06:35:00,13:00:00,null,4539,1,1,0,0,0,-46.47,-77.12,Oeste,A,0,0,0,05:05:00,INT,2.541,00:00:00,00:00:00,26 oct 2026,J,REG
276,null,null,LIM,25 oct 2026,12:05:00,26 oct 2026,20:00:00,null,1,26 oct 2026,Oct-2026,2026Q3,LA,2944,GRU,LIM,GRULIM,14:25:00,19:30:00,16:25:00,19:30:00,19:25:00,00:30:00,NO,763,OUT,TOUCH,01:00:00,FP,05:05:00,null,SI,NO,02:10:00,2,2,1,null,1,13:25:00,15:25:00,26 oct 2026,26 oct 2026,13:25:00,20:00:00,26 oct 2026,20:00:00,26 oct 2026,20:00:00,26 oct 2026,06:35:00,13:00:00,null,4539,0,0,1,0,4,-46.47,-77.12,Oeste," ",0,0,0,05:05:00,INT,2.541,00:00:00,00:00:00,26 oct 2026,J,REG
105,3,null,LIM,8 oct 2026,23:40:00,10 oct 2026,22:40:00,1,null,9 oct 2026,Oct-2026,2026Q3,LA,2478,LIM,LAX,LIMLAX,00:40:00,09:50:00,00:40:00,07:50:00,05:40:00,14:50:00,NO,763,BASE,NO,01:00:00,FP,09:10:00,null,SI,NO,03:00:00,1,2,1,null,1,23:40:00,23:40:00,8 oct 2026,8 oct 2026,23:40:00,08:20:00,9 oct 2026,10:20:00,9 oct 2026,10:20:00,9 oct 2026,10:40:00,13:00:00,26:10:00,4434,0,0,1,0,6,-77.12,-118.4,Oeste," ",0,0,0,09:10:00,INT,5.944,00:00:00,00:00:00,9 oct 2026,J,INT
188,3,null,LIM,16 oct 2026,23:40:00,18 oct 2026,22:40:00,1,null,17 oct 2026,Oct-2026,2026Q3,LA,2478,LIM,LAX,LIMLAX,00:40:00,09:50:00,00:40:00,07:50:00,05:40:00,14:50:00,NO,763,BASE,NO,01:00:00,FP,09:10:00,null,SI,NO,03:00:00,1,2,1,null,1,23:40:00,23:40:00,16 oct 2026,16 oct 2026,23:40:00,08:20:00,17 oct 2026,10:20:00,17 oct 2026,10:20:00,17 oct 2026,10:40:00,13:00:00,26:10:00,4434,0,0,1,0,6,-77.12,-118.4,Oeste," ",0,0,0,09:10:00,INT,5.944,00:00:00,00:00:00,17 oct 2026,J,INT
92,3,null,LIM,10 oct 2026,23:40:00,12 oct 2026,22:40:00,1,null,11 oct 2026,Oct-2026,2026Q3,LA,2478,LIM,LAX,LIMLAX,00:40:00,09:50:00,00:40:00,07:50:00,05:40:00,14:50:00,NO,763,BASE,NO,01:00:00,FP,09:10:00,null,SI,NO,03:00:00,1,2,1,null,1,23:40:00,23:40:00,10 oct 2026,10 oct 2026,23:40:00,08:20:00,11 oct 2026,10:20:00,11 oct 2026,10:20:00,11 oct 2026,10:40:00,13:00:00,26:10:00,4434,2,1,0,0,0,-77.12,-118.4,Oeste,B,0,0,0,09:10:00,INT,5.944,00:00:00,00:00:00,11 oct 2026,J,INT
40,3,null,LIM,3 oct 2026,23:40:00,5 oct 2026,22:40:00,1,null,4 oct 2026,Oct-2026,2026Q3,LA,2478,LIM,LAX,LIMLAX,00:40:00,09:50:00,00:40:00,07:50:00,05:40:00,14:50:00,NO,763,BASE,NO,01:00:00,FP,09:10:00,null,SI,NO,03:00:00,1,2,1,null,1,23:40:00,23:40:00,3 oct 2026,3 oct 2026,23:40:00,08:20:00,4 oct 2026,10:20:00,4 oct 2026,10:20:00,4 oct 2026,10:40:00,13:00:00,26:10:00,4434,2,1,0,0,0,-77.12,-118.4,Oeste,B,0,0,0,09:10:00,INT,5.944,00:00:00,00:00:00,4 oct 2026,J,INT
75,3,null,LIM,8 oct 2026,23:40:00,10 oct 2026,22:40:00,1,null,9 oct 2026,Oct-2026,2026Q3,LA,2478,LIM,LAX,LIMLAX,00:40:00,09:50:00,00:40:00,07:50:00,05:40:00,14:50:00,NO,763,BASE,NO,01:00:00,FP,09:10:00,null,SI,NO,03:00:00,1,2,1,null,1,23:40:00,23:40:00,8 oct 2026,8 oct 2026,23:40:00,08:20:00,9 oct 2026,10:20:00,9 oct 2026,10:20:00,9 oct 2026,10:40:00,13:00:00,26:10:00,4434,2,1,0,0,0,-77.12,-118.4,Oeste,B,0,0,0,09:10:00,INT,5.944,00:00:00,00:00:00,9 oct 2026,J,INT
75,3,null,LIM,5 oct 2026,23:40:00,7 oct 2026,22:40:00,1,null,6 oct 2026,Oct-2026,2026Q3,LA,2478,LIM,LAX,LIMLAX,00:40:00,09:50:00,00:40:00,07:50:00,05:40:00,14:50:00,NO,763,BASE,NO,01:00:00,FP,09:10:00,null,SI,NO,03:00:00,1,2,1,null,1,23:40:00,23:40:00,5 oct 2026,5 oct 2026,23:40:00,08:20:00,6 oct 2026,10:20:00,6 oct 2026,10:20:00,6 oct 2026,10:40:00,13:00:00,26:10:00,4434,0,0,1,0,6,-77.12,-118.4,Oeste," ",0,0,0,09:10:00,INT,5.944,00:00:00,00:00:00,6 oct 2026,J,INT
64,3,null,LIM,4 oct 2026,23:40:00,6 oct 2026,22:40:00,1,null,5 oct 2026,Oct-2026,2026Q3,LA,2478,LIM,LAX,LIMLAX,00:40:00,09:50:00,00:40:00,07:50:00,05:40:00,14:50:00,NO,763,BASE,NO,01:00:00,FP,09:10:00,null,SI,NO,03:00:00,1,2,1,null,1,23:40:00,23:40:00,4 oct 2026,4 oct 2026,23:40:00,08:20:00,5 oct 2026,10:20:00,5 oct 2026,10:20:00,5 oct 2026,10:40:00,13:00:00,26:10:00,4434,0,0,1,0,6,-77.12,-118.4,Oeste," ",0,0,0,09:10:00,INT,5.944,00:00:00,00:00:00,5 oct 2026,J,INT
142,3,null,LIM,17 oct 2026,23:40:00,19 oct 2026,22:40:00,1,null,18 oct 2026,Oct-2026,2026Q3,LA,2478,LIM,LAX,LIMLAX,00:40:00,09:50:00,00:40:00,07:50:00,05:40:00,14:50:00,NO,763,BASE,NO,01:00:00,FP,09:10:00,null,SI,NO,03:00:00,1,2,1,null,1,23:40:00,23:40:00,17 oct 2026,17 oct 2026,23:40:00,08:20:00,18 oct 2026,10:20:00,18 oct 2026,10:20:00,18 oct 2026,10:40:00,13:00:00,26:10:00,4434,2,1,0,0,0,-77.12,-118.4,Oeste,B,0,0,0,09:10:00,INT,5.944,00:00:00,00:00:00,18 oct 2026,J,INT
126,3,null,LIM,15 oct 2026,23:40:00,17 oct 2026,22:40:00,1,null,16 oct 2026,Oct-2026,2026Q3,LA,2478,LIM,LAX,LIMLAX,00:40:00,09:50:00,00:40:00,07:50:00,05:40:00,14:50:00,NO,763,BASE,NO,01:00:00,FP,09:10:00,null,SI,NO,03:00:00,1,2,1,null,1,23:40:00,23:40:00,15 oct 2026,15 oct 2026,23:40:00,08:20:00,16 oct 2026,10:20:00,16 oct 2026,10:20:00,16 oct 2026,10:40:00,13:00:00,26:10:00,4434,2,1,0,0,0,-77.12,-118.4,Oeste,B,0,0,0,09:10:00,INT,5.944,00:00:00,00:00:00,16 oct 2026,J,INT
94,3,null,LIM,7 oct 2026,23:40:00,9 oct 2026,22:40:00,1,null,8 oct 2026,Oct-2026,2026Q3,LA,2478,LIM,LAX,LIMLAX,00:40:00,09:50:00,00:40:00,07:50:00,05:40:00,14:50:00,NO,763,BASE,NO,01:00:00,FP,09:10:00,null,SI,NO,03:00:00,1,2,1,null,1,23:40:00,23:40:00,7 oct 2026,7 oct 2026,23:40:00,08:20:00,8 oct 2026,10:20:00,8 oct 2026,10:20:00,8 oct 2026,10:40:00,13:00:00,26:10:00,4434,0,0,1,0,6,-77.12,-118.4,Oeste," ",0,0,0,09:10:00,INT,5.944,00:00:00,00:00:00,8 oct 2026,J,INT
83,3,null,LIM,9 oct 2026,23:40:00,11 oct 2026,22:40:00,1,null,10 oct 2026,Oct-2026,2026Q3,LA,2478,LIM,LAX,LIMLAX,00:40:00,09:50:00,00:40:00,07:50:00,05:40:00,14:50:00,NO,763,BASE,NO,01:00:00,FP,09:10:00,null,SI,NO,03:00:00,1,2,1,null,1,23:40:00,23:40:00,9 oct 2026,9 oct 2026,23:40:00,08:20:00,10 oct 2026,10:20:00,10 oct 2026,10:20:00,10 oct 2026,10:40:00,13:00:00,26:10:00,4434,2,1,0,0,0,-77.12,-118.4,Oeste,B,0,0,0,09:10:00,INT,5.944,00:00:00,00:00:00,10 oct 2026,J,INT
22,3,LA2478300926,LIM,30 sept 2026,23:40:00,2 oct 2026,22:40:00,1,null,1 oct 2026,Oct-2026,2026Q3,LA,2478,LIM,LAX,LIMLAX,00:40:00,09:50:00,00:40:00,07:50:00,05:40:00,14:50:00,NO,763,BASE,NO,01:00:00,FP,09:10:00,null,SI,NO,03:00:00,1,2,1,null,1,23:40:00,23:40:00,30 sept 2026,30 sept 2026,23:40:00,08:20:00,1 oct 2026,10:20:00,1 oct 2026,10:20:00,1 oct 2026,10:40:00,13:00:00,26:10:00,4434,0,0,1,0,6,-77.12,-118.4,Oeste," ",0,0,0,09:10:00,INT,5.944,00:00:00,00:00:00,1 oct 2026,J,INT
43,3,null,LIM,2 oct 2026,23:40:00,4 oct 2026,22:40:00,1,null,3 oct 2026,Oct-2026,2026Q3,LA,2478,LIM,LAX,LIMLAX,00:40:00,09:50:00,00:40:00,07:50:00,05:40:00,14:50:00,NO,763,BASE,NO,01:00:00,FP,09:10:00,null,SI,NO,03:00:00,1,2,1,null,1,23:40:00,23:40:00,2 oct 2026,2 oct 2026,23:40:00,08:20:00,3 oct 2026,10:20:00,3 oct 2026,10:20:00,3 oct 2026,10:40:00,13:00:00,26:10:00,4434,0,0,1,0,6,-77.12,-118.4,Oeste," ",0,0,0,09:10:00,INT,5.944,00:00:00,00:00:00,3 oct 2026,J,INT
219,3,null,LIM,19 oct 2026,23:40:00,21 oct 2026,22:40:00,1,null,20 oct 2026,Oct-2026,2026Q3,LA,2478,LIM,LAX,LIMLAX,00:40:00,09:50:00,00:40:00,07:50:00,05:40:00,14:50:00,NO,763,BASE,NO,01:00:00,FP,09:10:00,null,SI,NO,03:00:00,1,2,1,null,1,23:40:00,23:40:00,19 oct 2026,19 oct 2026,23:40:00,08:20:00,20 oct 2026,10:20:00,20 oct 2026,10:20:00,20 oct 2026,10:40:00,13:00:00,26:10:00,4434,0,0,1,0,6,-77.12,-118.4,Oeste," ",0,0,0,09:10:00,INT,5.944,00:00:00,00:00:00,20 oct 2026,J,INT
46,3,null,LIM,4 oct 2026,23:40:00,6 oct 2026,22:40:00,1,null,5 oct 2026,Oct-2026,2026Q3,LA,2478,LIM,LAX,LIMLAX,00:40:00,09:50:00,00:40:00,07:50:00,05:40:00,14:50:00,NO,763,BASE,NO,01:00:00,FP,09:10:00,null,SI,NO,03:00:00,1,2,1,null,1,23:40:00,23:40:00,4 oct 2026,4 oct 2026,23:40:00,08:20:00,5 oct 2026,10:20:00,5 oct 2026,10:20:00,5 oct 2026,10:40:00,13:00:00,26:10:00,4434,2,1,0,0,0,-77.12,-118.4,Oeste,B,0,0,0,09:10:00,INT,5.944,00:00:00,00:00:00,5 oct 2026,J,INT
23,3,null,LIM,1 oct 2026,23:40:00,3 oct 2026,22:40:00,1,null,2 oct 2026,Oct-2026,2026Q3,LA,2478,LIM,LAX,LIMLAX,00:40:00,09:50:00,00:40:00,07:50:00,05:40:00,14:50:00,NO,763,BASE,NO,01:00:00,FP,09:10:00,null,SI,NO,03:00:00,1,2,1,null,1,23:40:00,23:40:00,1 oct 2026,1 oct 2026,23:40:00,08:20:00,2 oct 2026,10:20:00,2 oct 2026,10:20:00,2 oct 2026,10:40:00,13:00:00,26:10:00,4434,2,1,0,0,0,-77.12,-118.4,Oeste,B,0,0,0,09:10:00,INT,5.944,00:00:00,00:00:00,2 oct 2026,J,INT
128,3,null,LIM,10 oct 2026,23:40:00,12 oct 2026,22:40:00,1,null,11 oct 2026,Oct-2026,2026Q3,LA,2478,LIM,LAX,LIMLAX,00:40:00,09:50:00,00:40:00,07:50:00,05:40:00,14:50:00,NO,763,BASE,NO,01:00:00,FP,09:10:00,null,SI,NO,03:00:00,1,2,1,null,1,23:40:00,23:40:00,10 oct 2026,10 oct 2026,23:40:00,08:20:00,11 oct 2026,10:20:00,11 oct 2026,10:20:00,11 oct 2026,10:40:00,13:00:00,26:10:00,4434,0,0,1,0,6,-77.12,-118.4,Oeste," ",0,0,0,09:10:00,INT,5.944,00:00:00,00:00:00,11 oct 2026,J,INT
239,3,null,LIM,21 oct 2026,23:40:00,23 oct 2026,22:40:00,1,null,22 oct 2026,Oct-2026,2026Q3,LA,2478,LIM,LAX,LIMLAX,00:40:00,09:50:00,00:40:00,07:50:00,05:40:00,14:50:00,NO,763,BASE,NO,01:00:00,FP,09:10:00,null,SI,NO,03:00:00,1,2,1,null,1,23:40:00,23:40:00,21 oct 2026,21 oct 2026,23:40:00,08:20:00,22 oct 2026,10:20:00,22 oct 2026,10:20:00,22 oct 2026,10:40:00,13:00:00,26:10:00,4434,0,0,1,0,6,-77.12,-118.4,Oeste," ",0,0,0,09:10:00,INT,5.944,00:00:00,00:00:00,22 oct 2026,J,INT
134,3,null,LIM,16 oct 2026,23:40:00,18 oct 2026,22:40:00,1,null,17 oct 2026,Oct-2026,2026Q3,LA,2478,LIM,LAX,LIMLAX,00:40:00,09:50:00,00:40:00,07:50:00,05:40:00,14:50:00,NO,763,BASE,NO,01:00:00,FP,09:10:00,null,SI,NO,03:00:00,1,2,1,null,1,23:40:00,23:40:00,16 oct 2026,16 oct 2026,23:40:00,08:20:00,17 oct 2026,10:20:00,17 oct 2026,10:20:00,17 oct 2026,10:40:00,13:00:00,26:10:00,4434,2,1,0,0,0,-77.12,-118.4,Oeste,B,0,0,0,09:10:00,INT,5.944,00:00:00,00:00:00,17 oct 2026,J,INT
85,3,null,LIM,6 oct 2026,23:40:00,8 oct 2026,22:40:00,1,null,7 oct 2026,Oct-2026,2026Q3,LA,2478,LIM,LAX,LIMLAX,00:40:00,09:50:00,00:40:00,07:50:00,05:40:00,14:50:00,NO,763,BASE,NO,01:00:00,FP,09:10:00,null,SI,NO,03:00:00,1,2,1,null,1,23:40:00,23:40:00,6 oct 2026,6 oct 2026,23:40:00,08:20:00,7 oct 2026,10:20:00,7 oct 2026,10:20:00,7 oct 2026,10:40:00,13:00:00,26:10:00,4434,0,0,1,0,6,-77.12,-118.4,Oeste," ",0,0,0,09:10:00,INT,5.944,00:00:00,00:00:00,7 oct 2026,J,INT
54,3,null,LIM,5 oct 2026,23:40:00,7 oct 2026,22:40:00,1,null,6 oct 2026,Oct-2026,2026Q3,LA,2478,LIM,LAX,LIMLAX,00:40:00,09:50:00,00:40:00,07:50:00,05:40:00,14:50:00,NO,763,BASE,NO,01:00:00,FP,09:10:00,null,SI,NO,03:00:00,1,2,1,null,1,23:40:00,23:40:00,5 oct 2026,5 oct 2026,23:40:00,08:20:00,6 oct 2026,10:20:00,6 oct 2026,10:20:00,6 oct 2026,10:40:00,13:00:00,26:10:00,4434,2,1,0,0,0,-77.12,-118.4,Oeste,B,0,0,0,09:10:00,INT,5.944,00:00:00,00:00:00,6 oct 2026,J,INT
31,3,null,LIM,2 oct 2026,23:40:00,4 oct 2026,22:40:00,1,null,3 oct 2026,Oct-2026,2026Q3,LA,2478,LIM,LAX,LIMLAX,00:40:00,09:50:00,00:40:00,07:50:00,05:40:00,14:50:00,NO,763,BASE,NO,01:00:00,FP,09:10:00,null,SI,NO,03:00:00,1,2,1,null,1,23:40:00,23:40:00,2 oct 2026,2 oct 2026,23:40:00,08:20:00,3 oct 2026,10:20:00,3 oct 2026,10:20:00,3 oct 2026,10:40:00,13:00:00,26:10:00,4434,2,1,0,0,0,-77.12,-118.4,Oeste,B,0,0,0,09:10:00,INT,5.944,00:00:00,00:00:00,3 oct 2026,J,INT
118,3,null,LIM,14 oct 2026,23:40:00,16 oct 2026,22:40:00,1,null,15 oct 2026,Oct-2026,2026Q3,LA,2478,LIM,LAX,LIMLAX,00:40:00,09:50:00,00:40:00,07:50:00,05:40:00,14:50:00,NO,763,BASE,NO,01:00:00,FP,09:10:00,null,SI,NO,03:00:00,1,2,1,null,1,23:40:00,23:40:00,14 oct 2026,14 oct 2026,23:40:00,08:20:00,15 oct 2026,10:20:00,15 oct 2026,10:20:00,15 oct 2026,10:40:00,13:00:00,26:10:00,4434,2,1,0,0,0,-77.12,-118.4,Oeste,B,0,0,0,09:10:00,INT,5.944,00:00:00,00:00:00,15 oct 2026,J,INT
148,3,null,LIM,18 oct 2026,23:40:00,20 oct 2026,22:40:00,1,null,19 oct 2026,Oct-2026,2026Q3,LA,2478,LIM,LAX,LIMLAX,00:40:00,09:50:00,00:40:00,07:50:00,05:40:00,14:50:00,NO,763,BASE,NO,01:00:00,FP,09:10:00,null,SI,NO,03:00:00,1,2,1,null,1,23:40:00,23:40:00,18 oct 2026,18 oct 2026,23:40:00,08:20:00,19 oct 2026,10:20:00,19 oct 2026,10:20:00,19 oct 2026,10:40:00,13:00:00,26:10:00,4434,2,1,0,0,0,-77.12,-118.4,Oeste,B,0,0,0,09:10:00,INT,5.944,00:00:00,00:00:00,19 oct 2026,J,INT
137,3,null,LIM,11 oct 2026,23:40:00,13 oct 2026,22:40:00,1,null,12 oct 2026,Oct-2026,2026Q3,LA,2478,LIM,LAX,LIMLAX,00:40:00,09:50:00,00:40:00,07:50:00,05:40:00,14:50:00,NO,763,BASE,NO,01:00:00,FP,09:10:00,null,SI,NO,03:00:00,1,2,1,null,1,23:40:00,23:40:00,11 oct 2026,11 oct 2026,23:40:00,08:20:00,12 oct 2026,10:20:00,12 oct 2026,10:20:00,12 oct 2026,10:40:00,13:00:00,26:10:00,4434,0,0,1,0,6,-77.12,-118.4,Oeste," ",0,0,0,09:10:00,INT,5.944,00:00:00,00:00:00,12 oct 2026,J,INT
98,3,null,LIM,11 oct 2026,23:40:00,13 oct 2026,22:40:00,1,null,12 oct 2026,Oct-2026,2026Q3,LA,2478,LIM,LAX,LIMLAX,00:40:00,09:50:00,00:40:00,07:50:00,05:40:00,14:50:00,NO,763,BASE,NO,01:00:00,FP,09:10:00,null,SI,NO,03:00:00,1,2,1,null,1,23:40:00,23:40:00,11 oct 2026,11 oct 2026,23:40:00,08:20:00,12 oct 2026,10:20:00,12 oct 2026,10:20:00,12 oct 2026,10:40:00,13:00:00,26:10:00,4434,2,1,0,0,0,-77.12,-118.4,Oeste,B,0,0,0,09:10:00,INT,5.944,00:00:00,00:00:00,12 oct 2026,J,INT
208,3,null,LIM,18 oct 2026,23:40:00,20 oct 2026,22:40:00,1,null,19 oct 2026,Oct-2026,2026Q3,LA,2478,LIM,LAX,LIMLAX,00:40:00,09:50:00,00:40:00,07:50:00,05:40:00,14:50:00,NO,763,BASE,NO,01:00:00,FP,09:10:00,null,SI,NO,03:00:00,1,2,1,null,1,23:40:00,23:40:00,18 oct 2026,18 oct 2026,23:40:00,08:20:00,19 oct 2026,10:20:00,19 oct 2026,10:20:00,19 oct 2026,10:40:00,13:00:00,26:10:00,4434,0,0,1,0,6,-77.12,-118.4,Oeste," ",0,0,0,09:10:00,INT,5.944,00:00:00,00:00:00,19 oct 2026,J,INT
61,3,null,LIM,6 oct 2026,23:40:00,8 oct 2026,22:40:00,1,null,7 oct 2026,Oct-2026,2026Q3,LA,2478,LIM,LAX,LIMLAX,00:40:00,09:50:00,00:40:00,07:50:00,05:40:00,14:50:00,NO,763,BASE,NO,01:00:00,FP,09:10:00,null,SI,NO,03:00:00,1,2,1,null,1,23:40:00,23:40:00,6 oct 2026,6 oct 2026,23:40:00,08:20:00,7 oct 2026,10:20:00,7 oct 2026,10:20:00,7 oct 2026,10:40:00,13:00:00,26:10:00,4434,2,1,0,0,0,-77.12,-118.4,Oeste,B,0,0,0,09:10:00,INT,5.944,00:00:00,00:00:00,7 oct 2026,J,INT
67,3,null,LIM,7 oct 2026,23:40:00,9 oct 2026,22:40:00,1,null,8 oct 2026,Oct-2026,2026Q3,LA,2478,LIM,LAX,LIMLAX,00:40:00,09:50:00,00:40:00,07:50:00,05:40:00,14:50:00,NO,763,BASE,NO,01:00:00,FP,09:10:00,null,SI,NO,03:00:00,1,2,1,null,1,23:40:00,23:40:00,7 oct 2026,7 oct 2026,23:40:00,08:20:00,8 oct 2026,10:20:00,8 oct 2026,10:20:00,8 oct 2026,10:40:00,13:00:00,26:10:00,4434,2,1,0,0,0,-77.12,-118.4,Oeste,B,0,0,0,09:10:00,INT,5.944,00:00:00,00:00:00,8 oct 2026,J,INT
9,3,LA2478290926,LIM,29 sept 2026,23:40:00,1 oct 2026,22:40:00,1,null,30 sept 2026,Sep-2026,2026Q3,LA,2478,LIM,LAX,LIMLAX,00:40:00,09:50:00,00:40:00,07:50:00,05:40:00,14:50:00,NO,763,BASE,NO,01:00:00,FP,09:10:00,null,SI,NO,03:00:00,1,2,1,null,1,23:40:00,23:40:00,29 sept 2026,29 sept 2026,23:40:00,08:20:00,30 sept 2026,10:20:00,30 sept 2026,10:20:00,30 sept 2026,10:40:00,13:00:00,26:10:00,4434,2,1,0,0,0,-77.12,-118.4,Oeste,B,0,0,0,09:10:00,INT,5.944,00:00:00,00:00:00,30 sept 2026,J,INT
170,3,null,LIM,21 oct 2026,23:40:00,23 oct 2026,22:40:00,1,null,22 oct 2026,Oct-2026,2026Q3,LA,2478,LIM,LAX,LIMLAX,00:40:00,09:50:00,00:40:00,07:50:00,05:40:00,14:50:00,NO,763,BASE,NO,01:00:00,FP,09:10:00,null,SI,NO,03:00:00,1,2,1,null,1,23:40:00,23:40:00,21 oct 2026,21 oct 2026,23:40:00,08:20:00,22 oct 2026,10:20:00,22 oct 2026,10:20:00,22 oct 2026,10:40:00,13:00:00,26:10:00,4434,2,1,0,0,0,-77.12,-118.4,Oeste,B,0,0,0,09:10:00,INT,5.944,00:00:00,00:00:00,22 oct 2026,J,INT
249,3,null,LIM,22 oct 2026,23:40:00,24 oct 2026,22:40:00,1,null,23 oct 2026,Oct-2026,2026Q3,LA,2478,LIM,LAX,LIMLAX,00:40:00,09:50:00,00:40:00,07:50:00,05:40:00,14:50:00,NO,763,BASE,NO,01:00:00,FP,09:10:00,null,SI,NO,03:00:00,1,2,1,null,1,23:40:00,23:40:00,22 oct 2026,22 oct 2026,23:40:00,08:20:00,23 oct 2026,10:20:00,23 oct 2026,10:20:00,23 oct 2026,10:40:00,13:00:00,26:10:00,4434,0,0,1,0,6,-77.12,-118.4,Oeste," ",0,0,0,09:10:00,INT,5.944,00:00:00,00:00:00,23 oct 2026,J,INT
229,3,null,LIM,20 oct 2026,23:40:00,22 oct 2026,22:40:00,1,null,21 oct 2026,Oct-2026,2026Q3,LA,2478,LIM,LAX,LIMLAX,00:40:00,09:50:00,00:40:00,07:50:00,05:40:00,14:50:00,NO,763,BASE,NO,01:00:00,FP,09:10:00,null,SI,NO,03:00:00,1,2,1,null,1,23:40:00,23:40:00,20 oct 2026,20 oct 2026,23:40:00,08:20:00,21 oct 2026,10:20:00,21 oct 2026,10:20:00,21 oct 2026,10:40:00,13:00:00,26:10:00,4434,0,0,1,0,6,-77.12,-118.4,Oeste," ",0,0,0,09:10:00,INT,5.944,00:00:00,00:00:00,21 oct 2026,J,INT
32,3,null,LIM,1 oct 2026,23:40:00,3 oct 2026,22:40:00,1,null,2 oct 2026,Oct-2026,2026Q3,LA,2478,LIM,LAX,LIMLAX,00:40:00,09:50:00,00:40:00,07:50:00,05:40:00,14:50:00,NO,763,BASE,NO,01:00:00,FP,09:10:00,null,SI,NO,03:00:00,1,2,1,null,1,23:40:00,23:40:00,1 oct 2026,1 oct 2026,23:40:00,08:20:00,2 oct 2026,10:20:00,2 oct 2026,10:20:00,2 oct 2026,10:40:00,13:00:00,26:10:00,4434,0,0,1,0,6,-77.12,-118.4,Oeste," ",0,0,0,09:10:00,INT,5.944,00:00:00,00:00:00,2 oct 2026,J,INT
13,3,LA2478290926,LIM,29 sept 2026,23:40:00,1 oct 2026,22:40:00,1,null,30 sept 2026,Sep-2026,2026Q3,LA,2478,LIM,LAX,LIMLAX,00:40:00,09:50:00,00:40:00,07:50:00,05:40:00,14:50:00,NO,763,BASE,NO,01:00:00,FP,09:10:00,null,SI,NO,03:00:00,1,2,1,null,1,23:40:00,23:40:00,29 sept 2026,29 sept 2026,23:40:00,08:20:00,30 sept 2026,10:20:00,30 sept 2026,10:20:00,30 sept 2026,10:40:00,13:00:00,26:10:00,4434,0,0,1,0,6,-77.12,-118.4,Oeste," ",0,0,0,09:10:00,INT,5.944,00:00:00,00:00:00,30 sept 2026,J,INT
104,3,null,LIM,12 oct 2026,23:40:00,14 oct 2026,22:40:00,1,null,13 oct 2026,Oct-2026,2026Q3,LA,2478,LIM,LAX,LIMLAX,00:40:00,09:50:00,00:40:00,07:50:00,05:40:00,14:50:00,NO,763,BASE,NO,01:00:00,FP,09:10:00,null,SI,NO,03:00:00,1,2,1,null,1,23:40:00,23:40:00,12 oct 2026,12 oct 2026,23:40:00,08:20:00,13 oct 2026,10:20:00,13 oct 2026,10:20:00,13 oct 2026,10:40:00,13:00:00,26:10:00,4434,2,1,0,0,0,-77.12,-118.4,Oeste,B,0,0,0,09:10:00,INT,5.944,00:00:00,00:00:00,13 oct 2026,J,INT
16,3,LA2478300926,LIM,30 sept 2026,23:40:00,2 oct 2026,22:40:00,1,null,1 oct 2026,Oct-2026,2026Q3,LA,2478,LIM,LAX,LIMLAX,00:40:00,09:50:00,00:40:00,07:50:00,05:40:00,14:50:00,NO,763,BASE,NO,01:00:00,FP,09:10:00,null,SI,NO,03:00:00,1,2,1,null,1,23:40:00,23:40:00,30 sept 2026,30 sept 2026,23:40:00,08:20:00,1 oct 2026,10:20:00,1 oct 2026,10:20:00,1 oct 2026,10:40:00,13:00:00,26:10:00,4434,2,1,0,0,0,-77.12,-118.4,Oeste,B,0,0,0,09:10:00,INT,5.944,00:00:00,00:00:00,1 oct 2026,J,INT
199,3,null,LIM,17 oct 2026,23:40:00,19 oct 2026,22:40:00,1,null,18 oct 2026,Oct-2026,2026Q3,LA,2478,LIM,LAX,LIMLAX,00:40:00,09:50:00,00:40:00,07:50:00,05:40:00,14:50:00,NO,763,BASE,NO,01:00:00,FP,09:10:00,null,SI,NO,03:00:00,1,2,1,null,1,23:40:00,23:40:00,17 oct 2026,17 oct 2026,23:40:00,08:20:00,18 oct 2026,10:20:00,18 oct 2026,10:20:00,18 oct 2026,10:40:00,13:00:00,26:10:00,4434,0,0,1,0,6,-77.12,-118.4,Oeste," ",0,0,0,09:10:00,INT,5.944,00:00:00,00:00:00,18 oct 2026,J,INT
163,3,null,LIM,20 oct 2026,23:40:00,22 oct 2026,22:40:00,1,null,21 oct 2026,Oct-2026,2026Q3,LA,2478,LIM,LAX,LIMLAX,00:40:00,09:50:00,00:40:00,07:50:00,05:40:00,14:50:00,NO,763,BASE,NO,01:00:00,FP,09:10:00,null,SI,NO,03:00:00,1,2,1,null,1,23:40:00,23:40:00,20 oct 2026,20 oct 2026,23:40:00,08:20:00,21 oct 2026,10:20:00,21 oct 2026,10:20:00,21 oct 2026,10:40:00,13:00:00,26:10:00,4434,2,1,0,0,0,-77.12,-118.4,Oeste,B,0,0,0,09:10:00,INT,5.944,00:00:00,00:00:00,21 oct 2026,J,INT
112,3,null,LIM,13 oct 2026,23:40:00,15 oct 2026,22:40:00,1,null,14 oct 2026,Oct-2026,2026Q3,LA,2478,LIM,LAX,LIMLAX,00:40:00,09:50:00,00:40:00,07:50:00,05:40:00,14:50:00,NO,763,BASE,NO,01:00:00,FP,09:10:00,null,SI,NO,03:00:00,1,2,1,null,1,23:40:00,23:40:00,13 oct 2026,13 oct 2026,23:40:00,08:20:00,14 oct 2026,10:20:00,14 oct 2026,10:20:00,14 oct 2026,10:40:00,13:00:00,26:10:00,4434,2,1,0,0,0,-77.12,-118.4,Oeste,B,0,0,0,09:10:00,INT,5.944,00:00:00,00:00:00,14 oct 2026,J,INT
177,3,null,LIM,22 oct 2026,23:40:00,24 oct 2026,22:40:00,1,null,23 oct 2026,Oct-2026,2026Q3,LA,2478,LIM,LAX,LIMLAX,00:40:00,09:50:00,00:40:00,07:50:00,05:40:00,14:50:00,NO,763,BASE,NO,01:00:00,FP,09:10:00,null,SI,NO,03:00:00,1,2,1,null,1,23:40:00,23:40:00,22 oct 2026,22 oct 2026,23:40:00,08:20:00,23 oct 2026,10:20:00,23 oct 2026,10:20:00,23 oct 2026,10:40:00,13:00:00,26:10:00,4434,2,1,0,0,0,-77.12,-118.4,Oeste,B,0,0,0,09:10:00,INT,5.944,00:00:00,00:00:00,23 oct 2026,J,INT
157,3,null,LIM,13 oct 2026,23:40:00,15 oct 2026,22:40:00,1,null,14 oct 2026,Oct-2026,2026Q3,LA,2478,LIM,LAX,LIMLAX,00:40:00,09:50:00,00:40:00,07:50:00,05:40:00,14:50:00,NO,763,BASE,NO,01:00:00,FP,09:10:00,null,SI,NO,03:00:00,1,2,1,null,1,23:40:00,23:40:00,13 oct 2026,13 oct 2026,23:40:00,08:20:00,14 oct 2026,10:20:00,14 oct 2026,10:20:00,14 oct 2026,10:40:00,13:00:00,26:10:00,4434,0,0,1,0,6,-77.12,-118.4,Oeste," ",0,0,0,09:10:00,INT,5.944,00:00:00,00:00:00,14 oct 2026,J,INT
185,3,null,LIM,23 oct 2026,23:40:00,25 oct 2026,22:20:00,1,null,24 oct 2026,Oct-2026,2026Q3,LA,2478,LIM,LAX,LIMLAX,00:40:00,09:50:00,00:40:00,07:50:00,05:40:00,14:50:00,NO,763,BASE,NO,01:00:00,FP,09:10:00,null,SI,NO,03:00:00,1,2,1,null,1,23:40:00,23:40:00,23 oct 2026,23 oct 2026,23:40:00,08:20:00,24 oct 2026,10:20:00,24 oct 2026,10:20:00,24 oct 2026,10:40:00,13:00:00,25:50:00,4434,2,1,0,0,0,-77.12,-118.4,Oeste,B,0,0,0,09:10:00,INT,5.944,00:00:00,00:00:00,24 oct 2026,J,INT
116,3,null,LIM,9 oct 2026,23:40:00,11 oct 2026,22:40:00,1,null,10 oct 2026,Oct-2026,2026Q3,LA,2478,LIM,LAX,LIMLAX,00:40:00,09:50:00,00:40:00,07:50:00,05:40:00,14:50:00,NO,763,BASE,NO,01:00:00,FP,09:10:00,null,SI,NO,03:00:00,1,2,1,null,1,23:40:00,23:40:00,9 oct 2026,9 oct 2026,23:40:00,08:20:00,10 oct 2026,10:20:00,10 oct 2026,10:20:00,10 oct 2026,10:40:00,13:00:00,26:10:00,4434,0,0,1,0,6,-77.12,-118.4,Oeste," ",0,0,0,09:10:00,INT,5.944,00:00:00,00:00:00,10 oct 2026,J,INT
177,3,null,LIM,15 oct 2026,23:40:00,17 oct 2026,22:40:00,1,null,16 oct 2026,Oct-2026,2026Q3,LA,2478,LIM,LAX,LIMLAX,00:40:00,09:50:00,00:40:00,07:50:00,05:40:00,14:50:00,NO,763,BASE,NO,01:00:00,FP,09:10:00,null,SI,NO,03:00:00,1,2,1,null,1,23:40:00,23:40:00,15 oct 2026,15 oct 2026,23:40:00,08:20:00,16 oct 2026,10:20:00,16 oct 2026,10:20:00,16 oct 2026,10:40:00,13:00:00,26:10:00,4434,0,0,1,0,6,-77.12,-118.4,Oeste," ",0,0,0,09:10:00,INT,5.944,00:00:00,00:00:00,16 oct 2026,J,INT
156,3,null,LIM,19 oct 2026,23:40:00,21 oct 2026,22:40:00,1,null,20 oct 2026,Oct-2026,2026Q3,LA,2478,LIM,LAX,LIMLAX,00:40:00,09:50:00,00:40:00,07:50:00,05:40:00,14:50:00,NO,763,BASE,NO,01:00:00,FP,09:10:00,null,SI,NO,03:00:00,1,2,1,null,1,23:40:00,23:40:00,19 oct 2026,19 oct 2026,23:40:00,08:20:00,20 oct 2026,10:20:00,20 oct 2026,10:20:00,20 oct 2026,10:40:00,13:00:00,26:10:00,4434,2,1,0,0,0,-77.12,-118.4,Oeste,B,0,0,0,09:10:00,INT,5.944,00:00:00,00:00:00,20 oct 2026,J,INT
260,3,null,LIM,23 oct 2026,23:40:00,25 oct 2026,22:20:00,1,null,24 oct 2026,Oct-2026,2026Q3,LA,2478,LIM,LAX,LIMLAX,00:40:00,09:50:00,00:40:00,07:50:00,05:40:00,14:50:00,NO,763,BASE,NO,01:00:00,FP,09:10:00,null,SI,NO,03:00:00,1,2,1,null,1,23:40:00,23:40:00,23 oct 2026,23 oct 2026,23:40:00,08:20:00,24 oct 2026,10:20:00,24 oct 2026,10:20:00,24 oct 2026,10:40:00,13:00:00,25:50:00,4434,0,0,1,0,6,-77.12,-118.4,Oeste," ",0,0,0,09:10:00,INT,5.944,00:00:00,00:00:00,24 oct 2026,J,INT
166,3,null,LIM,14 oct 2026,23:40:00,16 oct 2026,22:40:00,1,null,15 oct 2026,Oct-2026,2026Q3,LA,2478,LIM,LAX,LIMLAX,00:40:00,09:50:00,00:40:00,07:50:00,05:40:00,14:50:00,NO,763,BASE,NO,01:00:00,FP,09:10:00,null,SI,NO,03:00:00,1,2,1,null,1,23:40:00,23:40:00,14 oct 2026,14 oct 2026,23:40:00,08:20:00,15 oct 2026,10:20:00,15 oct 2026,10:20:00,15 oct 2026,10:40:00,13:00:00,26:10:00,4434,0,0,1,0,6,-77.12,-118.4,Oeste," ",0,0,0,09:10:00,INT,5.944,00:00:00,00:00:00,15 oct 2026,J,INT
55,3,null,LIM,3 oct 2026,23:40:00,5 oct 2026,22:40:00,1,null,4 oct 2026,Oct-2026,2026Q3,LA,2478,LIM,LAX,LIMLAX,00:40:00,09:50:00,00:40:00,07:50:00,05:40:00,14:50:00,NO,763,BASE,NO,01:00:00,FP,09:10:00,null,SI,NO,03:00:00,1,2,1,null,1,23:40:00,23:40:00,3 oct 2026,3 oct 2026,23:40:00,08:20:00,4 oct 2026,10:20:00,4 oct 2026,10:20:00,4 oct 2026,10:40:00,13:00:00,26:10:00,4434,0,0,1,0,6,-77.12,-118.4,Oeste," ",0,0,0,09:10:00,INT,5.944,00:00:00,00:00:00,4 oct 2026,J,INT
146,3,null,LIM,12 oct 2026,23:40:00,14 oct 2026,22:40:00,1,null,13 oct 2026,Oct-2026,2026Q3,LA,2478,LIM,LAX,LIMLAX,00:40:00,09:50:00,00:40:00,07:50:00,05:40:00,14:50:00,NO,763,BASE,NO,01:00:00,FP,09:10:00,null,SI,NO,03:00:00,1,2,1,null,1,23:40:00,23:40:00,12 oct 2026,12 oct 2026,23:40:00,08:20:00,13 oct 2026,10:20:00,13 oct 2026,10:20:00,13 oct 2026,10:40:00,13:00:00,26:10:00,4434,0,0,1,0,6,-77.12,-118.4,Oeste," ",0,0,0,09:10:00,INT,5.944,00:00:00,00:00:00,13 oct 2026,J,INT
2,null,LA2694280926,LIM,28 sept 2026,12:30:00,1 oct 2026,22:30:00,null,1,1 oct 2026,Oct-2026,2026Q3,LA,2695,MIA,LIM,MIALIM,16:10:00,22:00:00,17:10:00,22:00:00,21:10:00,03:00:00,NO,763,OUT,TOUCH,01:00:00,FP,05:50:00,null,SI,NO,03:00:00,2,4,1,null,1,15:10:00,16:10:00,1 oct 2026,1 oct 2026,15:10:00,22:30:00,1 oct 2026,22:30:00,1 oct 2026,22:30:00,1 oct 2026,07:20:00,13:00:00,null,4293,1,1,0,0,0,-80.28,-77.12,Este,A,0,0,0,05:50:00,INT,2.979,00:00:00,00:00:00,1 oct 2026,J,INT
276,2,null,LIM,25 oct 2026,12:05:00,26 oct 2026,20:00:00,1,null,25 oct 2026,Oct-2026,2026Q3,LA,8099,LIM,GRU,LIMGRU,13:05:00,18:05:00,13:05:00,20:05:00,18:05:00,23:05:00,PAX,321,BASE,NO,01:00:00,FP,00:00:00,null,SI,SI,04:00:00,1,1,1,null,1,12:05:00,12:05:00,25 oct 2026,25 oct 2026,12:05:00,20:35:00,25 oct 2026,18:35:00,25 oct 2026,18:35:00,25 oct 2026,06:30:00,13:00:00,18:50:00,4217,0,0,1,0,4,-77.12,-46.47,Este," ",0,0,0,00:00:00,INT,2.541,00:00:00,00:00:00,25 oct 2026,J,REG
197,2,null,LIM,25 oct 2026,12:05:00,26 oct 2026,20:00:00,1,null,25 oct 2026,Oct-2026,2026Q3,LA,8099,LIM,GRU,LIMGRU,13:05:00,18:05:00,13:05:00,20:05:00,18:05:00,23:05:00,PAX,321,BASE,NO,01:00:00,FP,00:00:00,null,SI,SI,04:00:00,1,1,1,null,1,12:05:00,12:05:00,25 oct 2026,25 oct 2026,12:05:00,20:35:00,25 oct 2026,18:35:00,25 oct 2026,18:35:00,25 oct 2026,06:30:00,13:00:00,18:50:00,4217,1,1,0,0,0,-77.12,-46.47,Este," ",0,0,0,00:00:00,INT,2.541,00:00:00,00:00:00,25 oct 2026,J,REG
274,null,null,LIM,25 oct 2026,11:00:00,28 oct 2026,21:30:00,null,1,28 oct 2026,Oct-2026,2026Q3,LA,2691,JFK,LIM,JFKLIM,12:50:00,21:00:00,13:50:00,21:00:00,17:50:00,02:00:00,NO,763,OUT,TOUCH,01:00:00,FP,08:10:00,null,SI,NO,02:10:00,2,4,1,null,1,11:50:00,12:50:00,28 oct 2026,28 oct 2026,11:50:00,21:30:00,28 oct 2026,21:30:00,28 oct 2026,21:30:00,28 oct 2026,09:40:00,13:00:00,null,4210,0,0,1,0,6,-73.78,-77.12,Oeste," ",0,0,0,08:10:00,INT,4.083,00:00:00,00:00:00,28 oct 2026,J,INT
195,null,null,LIM,25 oct 2026,11:00:00,28 oct 2026,21:30:00,null,1,28 oct 2026,Oct-2026,2026Q3,LA,2691,JFK,LIM,JFKLIM,12:50:00,21:00:00,13:50:00,21:00:00,17:50:00,02:00:00,NO,763,OUT,TOUCH,01:00:00,FP,08:10:00,null,SI,NO,02:10:00,2,4,1,null,1,11:50:00,12:50:00,28 oct 2026,28 oct 2026,11:50:00,21:30:00,28 oct 2026,21:30:00,28 oct 2026,21:30:00,28 oct 2026,09:40:00,13:00:00,null,4210,2,1,0,0,0,-73.78,-77.12,Oeste,B,0,0,0,08:10:00,INT,4.083,00:00:00,00:00:00,28 oct 2026,J,INT
343,null,null,LIM,31 oct 2026,23:15:00,3 nov 2026,22:25:00,null,1,3 nov 2026,Nov-2026,2026Q3,LA,2481,MIA,LIM,MIALIM,16:05:00,21:55:00,16:05:00,21:55:00,21:05:00,02:55:00,NO,763,OUT,TOUCH,01:00:00,FP,05:50:00,null,SI,NO,02:10:00,2,4,1,null,1,15:05:00,15:05:00,3 nov 2026,3 nov 2026,15:05:00,22:25:00,3 nov 2026,22:25:00,3 nov 2026,22:25:00,3 nov 2026,07:20:00,13:00:00,null,4196,0,0,0,0,1,-80.28,-77.12,Este," ",0,0,0,05:50:00,INT,2.937,00:00:00,00:00:00,3 nov 2026,J,INT
17,4,LA2935300926,LIM,30 sept 2026,12:30:00,3 oct 2026,01:40:00,1,null,30 sept 2026,Sep-2026,2026Q3,LA,2935,LIM,GRU,LIMGRU,13:30:00,18:10:00,13:30:00,20:10:00,18:30:00,23:10:00,NO,763,BASE,NO,01:00:00,FP,04:40:00,null,SI,NO,04:00:00,1,1,1,null,1,12:30:00,12:30:00,30 sept 2026,30 sept 2026,12:30:00,20:40:00,30 sept 2026,18:40:00,30 sept 2026,18:40:00,30 sept 2026,06:10:00,13:00:00,48:00:00,4172,0,0,1,0,4,-77.12,-46.47,Este," ",0,0,0,04:40:00,INT,2.541,00:00:00,00:00:00,30 sept 2026,J,REG
89,3,null,LIM,7 oct 2026,12:30:00,9 oct 2026,23:00:00,1,null,7 oct 2026,Oct-2026,2026Q3,LA,2935,LIM,GRU,LIMGRU,13:30:00,18:10:00,13:30:00,20:10:00,18:30:00,23:10:00,NO,763,BASE,NO,01:00:00,FP,04:40:00,null,SI,NO,04:00:00,1,1,1,null,1,12:30:00,12:30:00,7 oct 2026,7 oct 2026,12:30:00,20:40:00,7 oct 2026,18:40:00,7 oct 2026,18:40:00,7 oct 2026,06:10:00,13:00:00,45:30:00,4172,0,0,1,0,4,-77.12,-46.47,Este," ",0,0,0,04:40:00,INT,3.333,00:00:00,00:00:00,7 oct 2026,J,REG
182,4,null,LIM,16 oct 2026,12:30:00,19 oct 2026,01:40:00,1,null,16 oct 2026,Oct-2026,2026Q3,LA,2935,LIM,GRU,LIMGRU,13:30:00,18:10:00,13:30:00,20:10:00,18:30:00,23:10:00,NO,763,BASE,NO,01:00:00,FP,04:40:00,null,SI,NO,04:00:00,1,1,1,null,1,12:30:00,12:30:00,16 oct 2026,16 oct 2026,12:30:00,20:40:00,16 oct 2026,18:40:00,16 oct 2026,18:40:00,16 oct 2026,06:10:00,13:00:00,48:00:00,4172,0,0,1,0,4,-77.12,-46.47,Este," ",0,0,0,04:40:00,INT,2.541,00:00:00,00:00:00,16 oct 2026,J,REG
130,4,null,LIM,16 oct 2026,12:30:00,19 oct 2026,01:40:00,1,null,16 oct 2026,Oct-2026,2026Q3,LA,2935,LIM,GRU,LIMGRU,13:30:00,18:10:00,13:30:00,20:10:00,18:30:00,23:10:00,NO,763,BASE,NO,01:00:00,FP,04:40:00,null,SI,NO,04:00:00,1,1,1,null,1,12:30:00,12:30:00,16 oct 2026,16 oct 2026,12:30:00,20:40:00,16 oct 2026,18:40:00,16 oct 2026,18:40:00,16 oct 2026,06:10:00,13:00:00,48:00:00,4172,1,1,0,0,0,-77.12,-46.47,Este,A,0,0,0,04:40:00,INT,2.541,00:00:00,00:00:00,16 oct 2026,J,REG
203,2,null,LIM,18 oct 2026,12:30:00,19 oct 2026,23:00:00,1,null,18 oct 2026,Oct-2026,2026Q3,LA,2935,LIM,GRU,LIMGRU,13:30:00,18:10:00,13:30:00,20:10:00,18:30:00,23:10:00,NO,763,BASE,NO,01:00:00,FP,04:40:00,null,SI,SI,04:00:00,1,1,1,null,1,12:30:00,12:30:00,18 oct 2026,18 oct 2026,12:30:00,20:40:00,18 oct 2026,18:40:00,18 oct 2026,18:40:00,18 oct 2026,06:10:00,13:00:00,21:30:00,4172,0,0,1,0,4,-77.12,-46.47,Este," ",0,0,0,04:40:00,INT,2.333,00:00:00,00:00:00,18 oct 2026,J,REG
13,4,LA2935300926,LIM,30 sept 2026,12:30:00,3 oct 2026,01:40:00,1,null,30 sept 2026,Sep-2026,2026Q3,LA,2935,LIM,GRU,LIMGRU,13:30:00,18:10:00,13:30:00,20:10:00,18:30:00,23:10:00,NO,763,BASE,NO,01:00:00,FP,04:40:00,null,SI,NO,04:00:00,1,1,1,null,1,12:30:00,12:30:00,30 sept 2026,30 sept 2026,12:30:00,20:40:00,30 sept 2026,18:40:00,30 sept 2026,18:40:00,30 sept 2026,06:10:00,13:00:00,48:00:00,4172,1,1,0,0,0,-77.12,-46.47,Este,A,0,0,0,04:40:00,INT,2.541,00:00:00,00:00:00,30 sept 2026,J,REG
28,3,null,LIM,2 oct 2026,12:30:00,4 oct 2026,23:00:00,1,null,2 oct 2026,Oct-2026,2026Q3,LA,2935,LIM,GRU,LIMGRU,13:30:00,18:10:00,13:30:00,20:10:00,18:30:00,23:10:00,NO,763,BASE,NO,01:00:00,FP,04:40:00,null,SI,NO,04:00:00,1,1,1,null,1,12:30:00,12:30:00,2 oct 2026,2 oct 2026,12:30:00,20:40:00,2 oct 2026,18:40:00,2 oct 2026,18:40:00,2 oct 2026,06:10:00,13:00:00,45:30:00,4172,1,1,0,0,0,-77.12,-46.47,Este,A,0,0,0,04:40:00,INT,3.333,00:00:00,00:00:00,2 oct 2026,J,REG
1,5,LA2935270926,LIM,27 sept 2026,12:30:00,1 oct 2026,01:40:00,1,null,27 sept 2026,Sep-2026,2026Q3,LA,2935,LIM,GRU,LIMGRU,13:30:00,18:10:00,13:30:00,20:10:00,18:30:00,23:10:00,NO,763,BASE,NO,01:00:00,FP,04:40:00,null,SI,NO,04:00:00,1,1,1,null,1,12:30:00,12:30:00,27 sept 2026,27 sept 2026,12:30:00,20:40:00,27 sept 2026,18:40:00,27 sept 2026,18:40:00,27 sept 2026,06:10:00,13:00:00,72:00:00,4172,1,1,0,0,0,-77.12,-46.47,Este,A,0,0,0,04:40:00,INT,2.033,00:00:00,00:00:00,27 sept 2026,J,REG
59,2,null,LIM,4 oct 2026,12:30:00,5 oct 2026,23:00:00,1,null,4 oct 2026,Oct-2026,2026Q3,LA,2935,LIM,GRU,LIMGRU,13:30:00,18:10:00,13:30:00,20:10:00,18:30:00,23:10:00,NO,763,BASE,NO,01:00:00,FP,04:40:00,null,SI,NO,04:00:00,1,1,1,null,1,12:30:00,12:30:00,4 oct 2026,4 oct 2026,12:30:00,20:40:00,4 oct 2026,18:40:00,4 oct 2026,18:40:00,4 oct 2026,06:10:00,13:00:00,21:30:00,4172,0,0,1,0,4,-77.12,-46.47,Este," ",0,0,0,04:40:00,INT,5,00:00:00,00:00:00,4 oct 2026,J,REG
1,5,LA2935270926,LIM,27 sept 2026,12:30:00,1 oct 2026,01:40:00,1,null,27 sept 2026,Sep-2026,2026Q3,LA,2935,LIM,GRU,LIMGRU,13:30:00,18:10:00,13:30:00,20:10:00,18:30:00,23:10:00,NO,763,BASE,NO,01:00:00,FP,04:40:00,null,SI,NO,04:00:00,1,1,1,null,1,12:30:00,12:30:00,27 sept 2026,27 sept 2026,12:30:00,20:40:00,27 sept 2026,18:40:00,27 sept 2026,18:40:00,27 sept 2026,06:10:00,13:00:00,72:00:00,4172,0,0,1,0,4,-77.12,-46.47,Este," ",0,0,0,04:40:00,INT,2.033,00:00:00,00:00:00,27 sept 2026,J,REG
115,2,null,LIM,14 oct 2026,12:30:00,15 oct 2026,23:00:00,1,null,14 oct 2026,Oct-2026,2026Q3,LA,2935,LIM,GRU,LIMGRU,13:30:00,18:10:00,13:30:00,20:10:00,18:30:00,23:10:00,NO,763,BASE,NO,01:00:00,FP,04:40:00,null,SI,NO,04:00:00,1,1,1,null,1,12:30:00,12:30:00,14 oct 2026,14 oct 2026,12:30:00,20:40:00,14 oct 2026,18:40:00,14 oct 2026,18:40:00,14 oct 2026,06:10:00,13:00:00,21:30:00,4172,1,1,0,0,0,-77.12,-46.47,Este,A,0,0,0,04:40:00,INT,5,00:00:00,00:00:00,14 oct 2026,J,REG
94,5,null,LIM,11 oct 2026,12:30:00,15 oct 2026,01:40:00,1,null,11 oct 2026,Oct-2026,2026Q3,LA,2935,LIM,GRU,LIMGRU,13:30:00,18:10:00,13:30:00,20:10:00,18:30:00,23:10:00,NO,763,BASE,NO,01:00:00,FP,04:40:00,null,SI,NO,04:00:00,1,1,1,null,1,12:30:00,12:30:00,11 oct 2026,11 oct 2026,12:30:00,20:40:00,11 oct 2026,18:40:00,11 oct 2026,18:40:00,11 oct 2026,06:10:00,13:00:00,72:00:00,4172,1,1,0,0,0,-77.12,-46.47,Este,A,0,0,0,04:40:00,INT,2.033,00:00:00,00:00:00,11 oct 2026,J,REG
43,2,null,LIM,4 oct 2026,12:30:00,5 oct 2026,23:00:00,1,null,4 oct 2026,Oct-2026,2026Q3,LA,2935,LIM,GRU,LIMGRU,13:30:00,18:10:00,13:30:00,20:10:00,18:30:00,23:10:00,NO,763,BASE,NO,01:00:00,FP,04:40:00,null,SI,NO,04:00:00,1,1,1,null,1,12:30:00,12:30:00,4 oct 2026,4 oct 2026,12:30:00,20:40:00,4 oct 2026,18:40:00,4 oct 2026,18:40:00,4 oct 2026,06:10:00,13:00:00,21:30:00,4172,1,1,0,0,0,-77.12,-46.47,Este,A,0,0,0,04:40:00,INT,5,00:00:00,00:00:00,4 oct 2026,J,REG
38,3,null,LIM,2 oct 2026,12:30:00,4 oct 2026,23:00:00,1,null,2 oct 2026,Oct-2026,2026Q3,LA,2935,LIM,GRU,LIMGRU,13:30:00,18:10:00,13:30:00,20:10:00,18:30:00,23:10:00,NO,763,BASE,NO,01:00:00,FP,04:40:00,null,SI,NO,04:00:00,1,1,1,null,1,12:30:00,12:30:00,2 oct 2026,2 oct 2026,12:30:00,20:40:00,2 oct 2026,18:40:00,2 oct 2026,18:40:00,2 oct 2026,06:10:00,13:00:00,45:30:00,4172,0,0,1,0,4,-77.12,-46.47,Este," ",0,0,0,04:40:00,INT,3.333,00:00:00,00:00:00,2 oct 2026,J,REG
64,3,null,LIM,7 oct 2026,12:30:00,9 oct 2026,23:00:00,1,null,7 oct 2026,Oct-2026,2026Q3,LA,2935,LIM,GRU,LIMGRU,13:30:00,18:10:00,13:30:00,20:10:00,18:30:00,23:10:00,NO,763,BASE,NO,01:00:00,FP,04:40:00,null,SI,NO,04:00:00,1,1,1,null,1,12:30:00,12:30:00,7 oct 2026,7 oct 2026,12:30:00,20:40:00,7 oct 2026,18:40:00,7 oct 2026,18:40:00,7 oct 2026,06:10:00,13:00:00,45:30:00,4172,1,1,0,0,0,-77.12,-46.47,Este,A,0,0,0,04:40:00,INT,3.333,00:00:00,00:00:00,7 oct 2026,J,REG
79,2,null,LIM,9 oct 2026,12:30:00,10 oct 2026,23:00:00,1,null,9 oct 2026,Oct-2026,2026Q3,LA,2935,LIM,GRU,LIMGRU,13:30:00,18:10:00,13:30:00,20:10:00,18:30:00,23:10:00,NO,763,BASE,NO,01:00:00,FP,04:40:00,null,SI,SI,04:00:00,1,1,1,null,1,12:30:00,12:30:00,9 oct 2026,9 oct 2026,12:30:00,20:40:00,9 oct 2026,18:40:00,9 oct 2026,18:40:00,9 oct 2026,06:10:00,13:00:00,21:30:00,4172,1,1,0,0,0,-77.12,-46.47,Este,A,0,0,0,04:40:00,INT,2.333,00:00:00,00:00:00,9 oct 2026,J,REG
110,2,null,LIM,9 oct 2026,12:30:00,10 oct 2026,23:00:00,1,null,9 oct 2026,Oct-2026,2026Q3,LA,2935,LIM,GRU,LIMGRU,13:30:00,18:10:00,13:30:00,20:10:00,18:30:00,23:10:00,NO,763,BASE,NO,01:00:00,FP,04:40:00,null,SI,SI,04:00:00,1,1,1,null,1,12:30:00,12:30:00,9 oct 2026,9 oct 2026,12:30:00,20:40:00,9 oct 2026,18:40:00,9 oct 2026,18:40:00,9 oct 2026,06:10:00,13:00:00,21:30:00,4172,0,0,1,0,4,-77.12,-46.47,Este," ",0,0,0,04:40:00,INT,2.333,00:00:00,00:00:00,9 oct 2026,J,REG
145,2,null,LIM,18 oct 2026,12:30:00,19 oct 2026,23:00:00,1,null,18 oct 2026,Oct-2026,2026Q3,LA,2935,LIM,GRU,LIMGRU,13:30:00,18:10:00,13:30:00,20:10:00,18:30:00,23:10:00,NO,763,BASE,NO,01:00:00,FP,04:40:00,null,SI,SI,04:00:00,1,1,1,null,1,12:30:00,12:30:00,18 oct 2026,18 oct 2026,12:30:00,20:40:00,18 oct 2026,18:40:00,18 oct 2026,18:40:00,18 oct 2026,06:10:00,13:00:00,21:30:00,4172,1,1,0,0,0,-77.12,-46.47,Este,A,0,0,0,04:40:00,INT,2.333,00:00:00,00:00:00,18 oct 2026,J,REG
131,5,null,LIM,11 oct 2026,12:30:00,15 oct 2026,01:40:00,1,null,11 oct 2026,Oct-2026,2026Q3,LA,2935,LIM,GRU,LIMGRU,13:30:00,18:10:00,13:30:00,20:10:00,18:30:00,23:10:00,NO,763,BASE,NO,01:00:00,FP,04:40:00,null,SI,NO,04:00:00,1,1,1,null,1,12:30:00,12:30:00,11 oct 2026,11 oct 2026,12:30:00,20:40:00,11 oct 2026,18:40:00,11 oct 2026,18:40:00,11 oct 2026,06:10:00,13:00:00,72:00:00,4172,0,0,1,0,4,-77.12,-46.47,Este," ",0,0,0,04:40:00,INT,2.033,00:00:00,00:00:00,11 oct 2026,J,REG
161,2,null,LIM,14 oct 2026,12:30:00,15 oct 2026,23:00:00,1,null,14 oct 2026,Oct-2026,2026Q3,LA,2935,LIM,GRU,LIMGRU,13:30:00,18:10:00,13:30:00,20:10:00,18:30:00,23:10:00,NO,763,BASE,NO,01:00:00,FP,04:40:00,null,SI,NO,04:00:00,1,1,1,null,1,12:30:00,12:30:00,14 oct 2026,14 oct 2026,12:30:00,20:40:00,14 oct 2026,18:40:00,14 oct 2026,18:40:00,14 oct 2026,06:10:00,13:00:00,21:30:00,4172,0,0,1,0,4,-77.12,-46.47,Este," ",0,0,0,04:40:00,INT,5,00:00:00,00:00:00,14 oct 2026,J,REG
228,null,null,LIM,20 oct 2026,23:15:00,23 oct 2026,22:10:00,null,1,23 oct 2026,Oct-2026,2026Q3,LA,2481,MIA,LIM,MIALIM,15:55:00,21:40:00,16:55:00,21:40:00,20:55:00,02:40:00,NO,763,OUT,TOUCH,01:00:00,FP,05:45:00,null,SI,NO,02:10:00,2,4,1,null,1,14:55:00,15:55:00,23 oct 2026,23 oct 2026,14:55:00,22:10:00,23 oct 2026,22:10:00,23 oct 2026,22:10:00,23 oct 2026,07:15:00,13:00:00,null,4093,0,0,0,0,1,-80.28,-77.12,Este," ",0,0,0,05:45:00,INT,2.916,00:00:00,00:00:00,23 oct 2026,J,INT
238,null,null,LIM,21 oct 2026,23:15:00,24 oct 2026,22:10:00,null,1,24 oct 2026,Oct-2026,2026Q3,LA,2481,MIA,LIM,MIALIM,15:55:00,21:40:00,16:55:00,21:40:00,20:55:00,02:40:00,NO,763,OUT,TOUCH,01:00:00,FP,05:45:00,null,SI,NO,02:10:00,2,4,1,null,1,14:55:00,15:55:00,24 oct 2026,24 oct 2026,14:55:00,22:10:00,24 oct 2026,22:10:00,24 oct 2026,22:10:00,24 oct 2026,07:15:00,13:00:00,null,4093,0,0,0,0,1,-80.28,-77.12,Este," ",0,0,0,05:45:00,INT,2.916,00:00:00,00:00:00,24 oct 2026,J,INT
104,null,null,LIM,8 oct 2026,23:15:00,11 oct 2026,22:10:00,null,1,11 oct 2026,Oct-2026,2026Q3,LA,2481,MIA,LIM,MIALIM,15:55:00,21:40:00,16:55:00,21:40:00,20:55:00,02:40:00,NO,763,OUT,TOUCH,01:00:00,FP,05:45:00,null,SI,NO,02:10:00,2,4,1,null,1,14:55:00,15:55:00,11 oct 2026,11 oct 2026,14:55:00,22:10:00,11 oct 2026,22:10:00,11 oct 2026,22:10:00,11 oct 2026,07:15:00,13:00:00,null,4093,0,0,0,0,1,-80.28,-77.12,Este," ",0,0,0,05:45:00,INT,2.916,00:00:00,00:00:00,11 oct 2026,J,INT
176,null,null,LIM,15 oct 2026,23:15:00,18 oct 2026,22:10:00,null,1,18 oct 2026,Oct-2026,2026Q3,LA,2481,MIA,LIM,MIALIM,15:55:00,21:40:00,16:55:00,21:40:00,20:55:00,02:40:00,NO,763,OUT,TOUCH,01:00:00,FP,05:45:00,null,SI,NO,02:10:00,2,4,1,null,1,14:55:00,15:55:00,18 oct 2026,18 oct 2026,14:55:00,22:10:00,18 oct 2026,22:10:00,18 oct 2026,22:10:00,18 oct 2026,07:15:00,13:00:00,null,4093,0,0,0,0,1,-80.28,-77.12,Este," ",0,0,0,05:45:00,INT,2.916,00:00:00,00:00:00,18 oct 2026,J,INT
63,null,null,LIM,4 oct 2026,23:15:00,7 oct 2026,22:10:00,null,1,7 oct 2026,Oct-2026,2026Q3,LA,2481,MIA,LIM,MIALIM,15:55:00,21:40:00,16:55:00,21:40:00,20:55:00,02:40:00,NO,763,OUT,TOUCH,01:00:00,FP,05:45:00,null,SI,NO,02:10:00,2,4,1,null,1,14:55:00,15:55:00,7 oct 2026,7 oct 2026,14:55:00,22:10:00,7 oct 2026,22:10:00,7 oct 2026,22:10:00,7 oct 2026,07:15:00,13:00:00,null,4093,0,0,0,0,1,-80.28,-77.12,Este," ",0,0,0,05:45:00,INT,2.916,00:00:00,00:00:00,7 oct 2026,J,INT
207,null,null,LIM,18 oct 2026,23:15:00,21 oct 2026,22:10:00,null,1,21 oct 2026,Oct-2026,2026Q3,LA,2481,MIA,LIM,MIALIM,15:55:00,21:40:00,16:55:00,21:40:00,20:55:00,02:40:00,NO,763,OUT,TOUCH,01:00:00,FP,05:45:00,null,SI,NO,02:10:00,2,4,1,null,1,14:55:00,15:55:00,21 oct 2026,21 oct 2026,14:55:00,22:10:00,21 oct 2026,22:10:00,21 oct 2026,22:10:00,21 oct 2026,07:15:00,13:00:00,null,4093,0,0,0,0,1,-80.28,-77.12,Este," ",0,0,0,05:45:00,INT,2.916,00:00:00,00:00:00,21 oct 2026,J,INT
187,null,null,LIM,16 oct 2026,23:15:00,19 oct 2026,22:10:00,null,1,19 oct 2026,Oct-2026,2026Q3,LA,2481,MIA,LIM,MIALIM,15:55:00,21:40:00,16:55:00,21:40:00,20:55:00,02:40:00,NO,763,OUT,TOUCH,01:00:00,FP,05:45:00,null,SI,NO,02:10:00,2,4,1,null,1,14:55:00,15:55:00,19 oct 2026,19 oct 2026,14:55:00,22:10:00,19 oct 2026,22:10:00,19 oct 2026,22:10:00,19 oct 2026,07:15:00,13:00:00,null,4093,0,0,0,0,1,-80.28,-77.12,Este," ",0,0,0,05:45:00,INT,2.916,00:00:00,00:00:00,19 oct 2026,J,INT
198,null,null,LIM,17 oct 2026,23:15:00,20 oct 2026,22:10:00,null,1,20 oct 2026,Oct-2026,2026Q3,LA,2481,MIA,LIM,MIALIM,15:55:00,21:40:00,16:55:00,21:40:00,20:55:00,02:40:00,NO,763,OUT,TOUCH,01:00:00,FP,05:45:00,null,SI,NO,02:10:00,2,4,1,null,1,14:55:00,15:55:00,20 oct 2026,20 oct 2026,14:55:00,22:10:00,20 oct 2026,22:10:00,20 oct 2026,22:10:00,20 oct 2026,07:15:00,13:00:00,null,4093,0,0,0,0,1,-80.28,-77.12,Este," ",0,0,0,05:45:00,INT,2.916,00:00:00,00:00:00,20 oct 2026,J,INT
54,null,null,LIM,3 oct 2026,23:15:00,6 oct 2026,22:10:00,null,1,6 oct 2026,Oct-2026,2026Q3,LA,2481,MIA,LIM,MIALIM,15:55:00,21:40:00,16:55:00,21:40:00,20:55:00,02:40:00,NO,763,OUT,TOUCH,01:00:00,FP,05:45:00,null,SI,NO,02:10:00,2,4,1,null,1,14:55:00,15:55:00,6 oct 2026,6 oct 2026,14:55:00,22:10:00,6 oct 2026,22:10:00,6 oct 2026,22:10:00,6 oct 2026,07:15:00,13:00:00,null,4093,0,0,0,0,1,-80.28,-77.12,Este," ",0,0,0,05:45:00,INT,2.916,00:00:00,00:00:00,6 oct 2026,J,INT
42,null,null,LIM,2 oct 2026,23:15:00,5 oct 2026,22:10:00,null,1,5 oct 2026,Oct-2026,2026Q3,LA,2481,MIA,LIM,MIALIM,15:55:00,21:40:00,16:55:00,21:40:00,20:55:00,02:40:00,NO,763,OUT,TOUCH,01:00:00,FP,05:45:00,null,SI,NO,02:10:00,2,4,1,null,1,14:55:00,15:55:00,5 oct 2026,5 oct 2026,14:55:00,22:10:00,5 oct 2026,22:10:00,5 oct 2026,22:10:00,5 oct 2026,07:15:00,13:00:00,null,4093,0,0,0,0,1,-80.28,-77.12,Este," ",0,0,0,05:45:00,INT,2.916,00:00:00,00:00:00,5 oct 2026,J,INT
31,null,null,LIM,1 oct 2026,23:15:00,4 oct 2026,22:10:00,null,1,4 oct 2026,Oct-2026,2026Q3,LA,2481,MIA,LIM,MIALIM,15:55:00,21:40:00,16:55:00,21:40:00,20:55:00,02:40:00,NO,763,OUT,TOUCH,01:00:00,FP,05:45:00,null,SI,NO,02:10:00,2,4,1,null,1,14:55:00,15:55:00,4 oct 2026,4 oct 2026,14:55:00,22:10:00,4 oct 2026,22:10:00,4 oct 2026,22:10:00,4 oct 2026,07:15:00,13:00:00,null,4093,0,0,0,0,1,-80.28,-77.12,Este," ",0,0,0,05:45:00,INT,2.916,00:00:00,00:00:00,4 oct 2026,J,INT
84,null,null,LIM,6 oct 2026,23:15:00,9 oct 2026,22:10:00,null,1,9 oct 2026,Oct-2026,2026Q3,LA,2481,MIA,LIM,MIALIM,15:55:00,21:40:00,16:55:00,21:40:00,20:55:00,02:40:00,NO,763,OUT,TOUCH,01:00:00,FP,05:45:00,null,SI,NO,02:10:00,2,4,1,null,1,14:55:00,15:55:00,9 oct 2026,9 oct 2026,14:55:00,22:10:00,9 oct 2026,22:10:00,9 oct 2026,22:10:00,9 oct 2026,07:15:00,13:00:00,null,4093,0,0,0,0,1,-80.28,-77.12,Este," ",0,0,0,05:45:00,INT,2.916,00:00:00,00:00:00,9 oct 2026,J,INT
127,null,null,LIM,10 oct 2026,23:15:00,13 oct 2026,22:10:00,null,1,13 oct 2026,Oct-2026,2026Q3,LA,2481,MIA,LIM,MIALIM,15:55:00,21:40:00,16:55:00,21:40:00,20:55:00,02:40:00,NO,763,OUT,TOUCH,01:00:00,FP,05:45:00,null,SI,NO,02:10:00,2,4,1,null,1,14:55:00,15:55:00,13 oct 2026,13 oct 2026,14:55:00,22:10:00,13 oct 2026,22:10:00,13 oct 2026,22:10:00,13 oct 2026,07:15:00,13:00:00,null,4093,0,0,0,0,1,-80.28,-77.12,Este," ",0,0,0,05:45:00,INT,2.916,00:00:00,00:00:00,13 oct 2026,J,INT
12,null,LA2480-1290926,LIM,29 sept 2026,23:15:00,2 oct 2026,22:10:00,null,1,2 oct 2026,Oct-2026,2026Q3,LA,2481,MIA,LIM,MIALIM,15:55:00,21:40:00,16:55:00,21:40:00,20:55:00,02:40:00,NO,763,OUT,TOUCH,01:00:00,FP,05:45:00,null,SI,NO,02:10:00,2,4,1,null,1,14:55:00,15:55:00,2 oct 2026,2 oct 2026,14:55:00,22:10:00,2 oct 2026,22:10:00,2 oct 2026,22:10:00,2 oct 2026,07:15:00,13:00:00,null,4093,0,0,0,0,1,-80.28,-77.12,Este," ",0,0,0,05:45:00,INT,2.958,00:00:00,00:00:00,2 oct 2026,J,INT
115,null,null,LIM,9 oct 2026,23:15:00,12 oct 2026,22:10:00,null,1,12 oct 2026,Oct-2026,2026Q3,LA,2481,MIA,LIM,MIALIM,15:55:00,21:40:00,16:55:00,21:40:00,20:55:00,02:40:00,NO,763,OUT,TOUCH,01:00:00,FP,05:45:00,null,SI,NO,02:10:00,2,4,1,null,1,14:55:00,15:55:00,12 oct 2026,12 oct 2026,14:55:00,22:10:00,12 oct 2026,22:10:00,12 oct 2026,22:10:00,12 oct 2026,07:15:00,13:00:00,null,4093,0,0,0,0,1,-80.28,-77.12,Este," ",0,0,0,05:45:00,INT,2.916,00:00:00,00:00:00,12 oct 2026,J,INT
136,null,null,LIM,11 oct 2026,23:15:00,14 oct 2026,22:10:00,null,1,14 oct 2026,Oct-2026,2026Q3,LA,2481,MIA,LIM,MIALIM,15:55:00,21:40:00,16:55:00,21:40:00,20:55:00,02:40:00,NO,763,OUT,TOUCH,01:00:00,FP,05:45:00,null,SI,NO,02:10:00,2,4,1,null,1,14:55:00,15:55:00,14 oct 2026,14 oct 2026,14:55:00,22:10:00,14 oct 2026,22:10:00,14 oct 2026,22:10:00,14 oct 2026,07:15:00,13:00:00,null,4093,0,0,0,0,1,-80.28,-77.12,Este," ",0,0,0,05:45:00,INT,2.916,00:00:00,00:00:00,14 oct 2026,J,INT
93,null,null,LIM,7 oct 2026,23:15:00,10 oct 2026,22:10:00,null,1,10 oct 2026,Oct-2026,2026Q3,LA,2481,MIA,LIM,MIALIM,15:55:00,21:40:00,16:55:00,21:40:00,20:55:00,02:40:00,NO,763,OUT,TOUCH,01:00:00,FP,05:45:00,null,SI,NO,02:10:00,2,4,1,null,1,14:55:00,15:55:00,10 oct 2026,10 oct 2026,14:55:00,22:10:00,10 oct 2026,22:10:00,10 oct 2026,22:10:00,10 oct 2026,07:15:00,13:00:00,null,4093,0,0,0,0,1,-80.28,-77.12,Este," ",0,0,0,05:45:00,INT,2.916,00:00:00,00:00:00,10 oct 2026,J,INT
21,null,LA2480300926,LIM,30 sept 2026,23:15:00,3 oct 2026,22:10:00,null,1,3 oct 2026,Oct-2026,2026Q3,LA,2481,MIA,LIM,MIALIM,15:55:00,21:40:00,16:55:00,21:40:00,20:55:00,02:40:00,NO,763,OUT,TOUCH,01:00:00,FP,05:45:00,null,SI,NO,02:10:00,2,4,1,null,1,14:55:00,15:55:00,3 oct 2026,3 oct 2026,14:55:00,22:10:00,3 oct 2026,22:10:00,3 oct 2026,22:10:00,3 oct 2026,07:15:00,13:00:00,null,4093,0,0,0,0,1,-80.28,-77.12,Este," ",0,0,0,05:45:00,INT,2.916,00:00:00,00:00:00,3 oct 2026,J,INT
156,null,null,LIM,13 oct 2026,23:15:00,16 oct 2026,22:10:00,null,1,16 oct 2026,Oct-2026,2026Q3,LA,2481,MIA,LIM,MIALIM,15:55:00,21:40:00,16:55:00,21:40:00,20:55:00,02:40:00,NO,763,OUT,TOUCH,01:00:00,FP,05:45:00,null,SI,NO,02:10:00,2,4,1,null,1,14:55:00,15:55:00,16 oct 2026,16 oct 2026,14:55:00,22:10:00,16 oct 2026,22:10:00,16 oct 2026,22:10:00,16 oct 2026,07:15:00,13:00:00,null,4093,0,0,0,0,1,-80.28,-77.12,Este," ",0,0,0,05:45:00,INT,2.916,00:00:00,00:00:00,16 oct 2026,J,INT
165,null,null,LIM,14 oct 2026,23:15:00,17 oct 2026,22:10:00,null,1,17 oct 2026,Oct-2026,2026Q3,LA,2481,MIA,LIM,MIALIM,15:55:00,21:40:00,16:55:00,21:40:00,20:55:00,02:40:00,NO,763,OUT,TOUCH,01:00:00,FP,05:45:00,null,SI,NO,02:10:00,2,4,1,null,1,14:55:00,15:55:00,17 oct 2026,17 oct 2026,14:55:00,22:10:00,17 oct 2026,22:10:00,17 oct 2026,22:10:00,17 oct 2026,07:15:00,13:00:00,null,4093,0,0,0,0,1,-80.28,-77.12,Este," ",0,0,0,05:45:00,INT,2.916,00:00:00,00:00:00,17 oct 2026,J,INT
259,null,null,LIM,23 oct 2026,23:15:00,26 oct 2026,22:25:00,null,1,26 oct 2026,Oct-2026,2026Q3,LA,2481,MIA,LIM,MIALIM,16:05:00,21:55:00,17:05:00,21:55:00,21:05:00,02:55:00,NO,763,OUT,TOUCH,01:00:00,FP,05:50:00,null,SI,NO,02:10:00,2,4,1,null,1,15:05:00,16:05:00,26 oct 2026,26 oct 2026,15:05:00,22:25:00,26 oct 2026,22:25:00,26 oct 2026,22:25:00,26 oct 2026,07:20:00,13:00:00,null,3934,0,0,0,0,1,-80.28,-77.12,Este," ",0,0,0,05:50:00,INT,2.937,00:00:00,00:00:00,26 oct 2026,J,INT
322,null,null,LIM,29 oct 2026,23:15:00,1 nov 2026,22:25:00,null,1,1 nov 2026,Nov-2026,2026Q3,LA,2481,MIA,LIM,MIALIM,16:05:00,21:55:00,16:05:00,21:55:00,21:05:00,02:55:00,NO,763,OUT,TOUCH,01:00:00,FP,05:50:00,null,SI,NO,02:10:00,2,4,1,null,1,15:05:00,15:05:00,1 nov 2026,1 nov 2026,15:05:00,22:25:00,1 nov 2026,22:25:00,1 nov 2026,22:25:00,1 nov 2026,07:20:00,13:00:00,null,3934,0,0,0,0,1,-80.28,-77.12,Este," ",0,0,0,05:50:00,INT,2.937,00:00:00,00:00:00,1 nov 2026,J,INT
248,null,null,LIM,22 oct 2026,23:15:00,25 oct 2026,22:25:00,null,1,25 oct 2026,Oct-2026,2026Q3,LA,2481,MIA,LIM,MIALIM,16:05:00,21:55:00,17:05:00,21:55:00,21:05:00,02:55:00,NO,763,OUT,TOUCH,01:00:00,FP,05:50:00,null,SI,NO,02:10:00,2,4,1,null,1,15:05:00,16:05:00,25 oct 2026,25 oct 2026,15:05:00,22:25:00,25 oct 2026,22:25:00,25 oct 2026,22:25:00,25 oct 2026,07:20:00,13:00:00,null,3934,0,0,0,0,1,-80.28,-77.12,Este," ",0,0,0,05:50:00,INT,2.937,00:00:00,00:00:00,25 oct 2026,J,INT
302,null,null,LIM,27 oct 2026,23:15:00,30 oct 2026,22:25:00,null,1,30 oct 2026,Oct-2026,2026Q3,LA,2481,MIA,LIM,MIALIM,16:05:00,21:55:00,17:05:00,21:55:00,21:05:00,02:55:00,NO,763,OUT,TOUCH,01:00:00,FP,05:50:00,null,SI,NO,02:10:00,2,4,1,null,1,15:05:00,16:05:00,30 oct 2026,30 oct 2026,15:05:00,22:25:00,30 oct 2026,22:25:00,30 oct 2026,22:25:00,30 oct 2026,07:20:00,13:00:00,null,3934,0,0,0,0,1,-80.28,-77.12,Este," ",0,0,0,05:50:00,INT,2.937,00:00:00,00:00:00,30 oct 2026,J,INT
270,null,null,LIM,24 oct 2026,23:15:00,27 oct 2026,22:25:00,null,1,27 oct 2026,Oct-2026,2026Q3,LA,2481,MIA,LIM,MIALIM,16:05:00,21:55:00,17:05:00,21:55:00,21:05:00,02:55:00,NO,763,OUT,TOUCH,01:00:00,FP,05:50:00,null,SI,NO,02:10:00,2,4,1,null,1,15:05:00,16:05:00,27 oct 2026,27 oct 2026,15:05:00,22:25:00,27 oct 2026,22:25:00,27 oct 2026,22:25:00,27 oct 2026,07:20:00,13:00:00,null,3934,0,0,0,0,1,-80.28,-77.12,Este," ",0,0,0,05:50:00,INT,2.937,00:00:00,00:00:00,27 oct 2026,J,INT
281,null,null,LIM,25 oct 2026,23:15:00,28 oct 2026,22:25:00,null,1,28 oct 2026,Oct-2026,2026Q3,LA,2481,MIA,LIM,MIALIM,16:05:00,21:55:00,17:05:00,21:55:00,21:05:00,02:55:00,NO,763,OUT,TOUCH,01:00:00,FP,05:50:00,null,SI,NO,02:10:00,2,4,1,null,1,15:05:00,16:05:00,28 oct 2026,28 oct 2026,15:05:00,22:25:00,28 oct 2026,22:25:00,28 oct 2026,22:25:00,28 oct 2026,07:20:00,13:00:00,null,3934,0,0,0,0,1,-80.28,-77.12,Este," ",0,0,0,05:50:00,INT,2.937,00:00:00,00:00:00,28 oct 2026,J,INT
332,null,null,LIM,30 oct 2026,23:15:00,2 nov 2026,22:25:00,null,1,2 nov 2026,Nov-2026,2026Q3,LA,2481,MIA,LIM,MIALIM,16:05:00,21:55:00,16:05:00,21:55:00,21:05:00,02:55:00,NO,763,OUT,TOUCH,01:00:00,FP,05:50:00,null,SI,NO,02:10:00,2,4,1,null,1,15:05:00,15:05:00,2 nov 2026,2 nov 2026,15:05:00,22:25:00,2 nov 2026,22:25:00,2 nov 2026,22:25:00,2 nov 2026,07:20:00,13:00:00,null,3934,0,0,0,0,1,-80.28,-77.12,Este," ",0,0,0,05:50:00,INT,2.937,00:00:00,00:00:00,2 nov 2026,J,INT
312,null,null,LIM,28 oct 2026,23:15:00,31 oct 2026,22:25:00,null,1,31 oct 2026,Oct-2026,2026Q3,LA,2481,MIA,LIM,MIALIM,16:05:00,21:55:00,17:05:00,21:55:00,21:05:00,02:55:00,NO,763,OUT,TOUCH,01:00:00,FP,05:50:00,null,SI,NO,02:10:00,2,4,1,null,1,15:05:00,16:05:00,31 oct 2026,31 oct 2026,15:05:00,22:25:00,31 oct 2026,22:25:00,31 oct 2026,22:25:00,31 oct 2026,07:20:00,13:00:00,null,3934,0,0,0,0,1,-80.28,-77.12,Este," ",0,0,0,05:50:00,INT,2.937,00:00:00,00:00:00,31 oct 2026,J,INT
84,null,null,LIM,10 oct 2026,07:15:00,12 oct 2026,22:30:00,null,1,12 oct 2026,Oct-2026,2026Q3,LA,2695,MIA,LIM,MIALIM,16:10:00,22:00:00,17:10:00,22:00:00,21:10:00,03:00:00,NO,763,OUT,TOUCH,01:00:00,FP,05:50:00,null,SI,NO,03:00:00,2,3,1,null,1,15:10:00,16:10:00,12 oct 2026,12 oct 2026,15:10:00,22:30:00,12 oct 2026,22:30:00,12 oct 2026,22:30:00,12 oct 2026,07:20:00,13:00:00,null,3900,1,1,0,0,0,-80.28,-77.12,Este,A,0,0,0,05:50:00,INT,3.916,00:00:00,00:00:00,12 oct 2026,J,INT
117,null,null,LIM,10 oct 2026,07:15:00,12 oct 2026,22:30:00,null,1,12 oct 2026,Oct-2026,2026Q3,LA,2695,MIA,LIM,MIALIM,16:10:00,22:00:00,17:10:00,22:00:00,21:10:00,03:00:00,NO,763,OUT,TOUCH,01:00:00,FP,05:50:00,null,SI,NO,03:00:00,2,3,1,null,1,15:10:00,16:10:00,12 oct 2026,12 oct 2026,15:10:00,22:30:00,12 oct 2026,22:30:00,12 oct 2026,22:30:00,12 oct 2026,07:20:00,13:00:00,null,3900,0,0,1,0,4,-80.28,-77.12,Este," ",0,0,0,05:50:00,INT,3.916,00:00:00,00:00:00,12 oct 2026,J,INT
107,null,null,LIM,13 oct 2026,12:30:00,15 oct 2026,22:30:00,null,1,15 oct 2026,Oct-2026,2026Q3,LA,2695,MIA,LIM,MIALIM,16:10:00,22:00:00,17:10:00,22:00:00,21:10:00,03:00:00,NO,763,OUT,TOUCH,01:00:00,FP,05:50:00,null,SI,NO,03:00:00,2,3,1,null,1,15:10:00,16:10:00,15 oct 2026,15 oct 2026,15:10:00,22:30:00,15 oct 2026,22:30:00,15 oct 2026,22:30:00,15 oct 2026,07:20:00,13:00:00,null,3897,1,1,0,0,0,-80.28,-77.12,Este,A,0,0,0,05:50:00,INT,3.916,00:00:00,00:00:00,15 oct 2026,J,INT
72,null,null,LIM,8 oct 2026,12:30:00,10 oct 2026,22:30:00,null,1,10 oct 2026,Oct-2026,2026Q3,LA,2695,MIA,LIM,MIALIM,16:10:00,22:00:00,17:10:00,22:00:00,21:10:00,03:00:00,NO,763,OUT,TOUCH,01:00:00,FP,05:50:00,null,SI,NO,03:00:00,2,3,1,null,1,15:10:00,16:10:00,10 oct 2026,10 oct 2026,15:10:00,22:30:00,10 oct 2026,22:30:00,10 oct 2026,22:30:00,10 oct 2026,07:20:00,13:00:00,null,3897,1,1,0,0,0,-80.28,-77.12,Este,A,0,0,0,05:50:00,INT,3.916,00:00:00,00:00:00,10 oct 2026,J,INT
49,null,null,LIM,3 oct 2026,12:30:00,5 oct 2026,22:30:00,null,1,5 oct 2026,Oct-2026,2026Q3,LA,2695,MIA,LIM,MIALIM,16:10:00,22:00:00,17:10:00,22:00:00,21:10:00,03:00:00,NO,763,OUT,TOUCH,01:00:00,FP,05:50:00,null,SI,NO,03:00:00,2,3,1,null,1,15:10:00,16:10:00,5 oct 2026,5 oct 2026,15:10:00,22:30:00,5 oct 2026,22:30:00,5 oct 2026,22:30:00,5 oct 2026,07:20:00,13:00:00,null,3897,0,0,1,0,4,-80.28,-77.12,Este," ",0,0,0,05:50:00,INT,3.916,00:00:00,00:00:00,5 oct 2026,J,INT
123,null,null,LIM,15 oct 2026,12:30:00,17 oct 2026,22:30:00,null,1,17 oct 2026,Oct-2026,2026Q3,LA,2695,MIA,LIM,MIALIM,16:10:00,22:00:00,17:10:00,22:00:00,21:10:00,03:00:00,NO,763,OUT,TOUCH,01:00:00,FP,05:50:00,null,SI,NO,03:00:00,2,3,1,null,1,15:10:00,16:10:00,17 oct 2026,17 oct 2026,15:10:00,22:30:00,17 oct 2026,22:30:00,17 oct 2026,22:30:00,17 oct 2026,07:20:00,13:00:00,null,3897,1,1,0,0,0,-80.28,-77.12,Este,A,0,0,0,05:50:00,INT,3.916,00:00:00,00:00:00,17 oct 2026,J,INT
57,null,null,LIM,6 oct 2026,12:30:00,8 oct 2026,22:30:00,null,1,8 oct 2026,Oct-2026,2026Q3,LA,2695,MIA,LIM,MIALIM,16:10:00,22:00:00,17:10:00,22:00:00,21:10:00,03:00:00,NO,763,OUT,TOUCH,01:00:00,FP,05:50:00,null,SI,NO,03:00:00,2,3,1,null,1,15:10:00,16:10:00,8 oct 2026,8 oct 2026,15:10:00,22:30:00,8 oct 2026,22:30:00,8 oct 2026,22:30:00,8 oct 2026,07:20:00,13:00:00,null,3897,1,1,0,0,0,-80.28,-77.12,Este,A,0,0,0,05:50:00,INT,3.916,00:00:00,00:00:00,8 oct 2026,J,INT
36,null,null,LIM,3 oct 2026,12:30:00,5 oct 2026,22:30:00,null,1,5 oct 2026,Oct-2026,2026Q3,LA,2695,MIA,LIM,MIALIM,16:10:00,22:00:00,17:10:00,22:00:00,21:10:00,03:00:00,NO,763,OUT,TOUCH,01:00:00,FP,05:50:00,null,SI,NO,03:00:00,2,3,1,null,1,15:10:00,16:10:00,5 oct 2026,5 oct 2026,15:10:00,22:30:00,5 oct 2026,22:30:00,5 oct 2026,22:30:00,5 oct 2026,07:20:00,13:00:00,null,3897,1,1,0,0,0,-80.28,-77.12,Este,A,0,0,0,05:50:00,INT,3.916,00:00:00,00:00:00,5 oct 2026,J,INT
100,null,null,LIM,8 oct 2026,12:30:00,10 oct 2026,22:30:00,null,1,10 oct 2026,Oct-2026,2026Q3,LA,2695,MIA,LIM,MIALIM,16:10:00,22:00:00,17:10:00,22:00:00,21:10:00,03:00:00,NO,763,OUT,TOUCH,01:00:00,FP,05:50:00,null,SI,NO,03:00:00,2,3,1,null,1,15:10:00,16:10:00,10 oct 2026,10 oct 2026,15:10:00,22:30:00,10 oct 2026,22:30:00,10 oct 2026,22:30:00,10 oct 2026,07:20:00,13:00:00,null,3897,0,0,1,0,4,-80.28,-77.12,Este," ",0,0,0,05:50:00,INT,3.916,00:00:00,00:00:00,10 oct 2026,J,INT
172,null,null,LIM,15 oct 2026,12:30:00,17 oct 2026,22:30:00,null,1,17 oct 2026,Oct-2026,2026Q3,LA,2695,MIA,LIM,MIALIM,16:10:00,22:00:00,17:10:00,22:00:00,21:10:00,03:00:00,NO,763,OUT,TOUCH,01:00:00,FP,05:50:00,null,SI,NO,03:00:00,2,3,1,null,1,15:10:00,16:10:00,17 oct 2026,17 oct 2026,15:10:00,22:30:00,17 oct 2026,22:30:00,17 oct 2026,22:30:00,17 oct 2026,07:20:00,13:00:00,null,3897,0,0,1,0,4,-80.28,-77.12,Este," ",0,0,0,05:50:00,INT,3.916,00:00:00,00:00:00,17 oct 2026,J,INT
138,null,null,LIM,17 oct 2026,12:30:00,19 oct 2026,22:30:00,null,1,19 oct 2026,Oct-2026,2026Q3,LA,2695,MIA,LIM,MIALIM,16:10:00,22:00:00,17:10:00,22:00:00,21:10:00,03:00:00,NO,763,OUT,TOUCH,01:00:00,FP,05:50:00,null,SI,NO,03:00:00,2,3,1,null,1,15:10:00,16:10:00,19 oct 2026,19 oct 2026,15:10:00,22:30:00,19 oct 2026,22:30:00,19 oct 2026,22:30:00,19 oct 2026,07:20:00,13:00:00,null,3897,1,1,0,0,0,-80.28,-77.12,Este,A,0,0,0,05:50:00,INT,3.916,00:00:00,00:00:00,19 oct 2026,J,INT
193,null,null,LIM,17 oct 2026,12:30:00,19 oct 2026,22:30:00,null,1,19 oct 2026,Oct-2026,2026Q3,LA,2695,MIA,LIM,MIALIM,16:10:00,22:00:00,17:10:00,22:00:00,21:10:00,03:00:00,NO,763,OUT,TOUCH,01:00:00,FP,05:50:00,null,SI,NO,03:00:00,2,3,1,null,1,15:10:00,16:10:00,19 oct 2026,19 oct 2026,15:10:00,22:30:00,19 oct 2026,22:30:00,19 oct 2026,22:30:00,19 oct 2026,07:20:00,13:00:00,null,3897,0,0,1,0,4,-80.28,-77.12,Este," ",0,0,0,05:50:00,INT,3.916,00:00:00,00:00:00,19 oct 2026,J,INT
74,null,null,LIM,5 oct 2026,23:15:00,8 oct 2026,22:30:00,null,1,8 oct 2026,Oct-2026,2026Q3,LA,2695,MIA,LIM,MIALIM,16:10:00,22:00:00,17:10:00,22:00:00,21:10:00,03:00:00,NO,763,OUT,TOUCH,01:00:00,FP,05:50:00,null,SI,NO,03:00:00,2,4,1,null,1,15:10:00,16:10:00,8 oct 2026,8 oct 2026,15:10:00,22:30:00,8 oct 2026,22:30:00,8 oct 2026,22:30:00,8 oct 2026,07:20:00,13:00:00,null,3885,0,0,0,0,1,-80.28,-77.12,Este," ",0,0,0,05:50:00,INT,2.937,00:00:00,00:00:00,8 oct 2026,J,INT
218,null,null,LIM,19 oct 2026,23:15:00,22 oct 2026,22:30:00,null,1,22 oct 2026,Oct-2026,2026Q3,LA,2695,MIA,LIM,MIALIM,16:10:00,22:00:00,17:10:00,22:00:00,21:10:00,03:00:00,NO,763,OUT,TOUCH,01:00:00,FP,05:50:00,null,SI,NO,03:00:00,2,4,1,null,1,15:10:00,16:10:00,22 oct 2026,22 oct 2026,15:10:00,22:30:00,22 oct 2026,22:30:00,22 oct 2026,22:30:00,22 oct 2026,07:20:00,13:00:00,null,3885,0,0,0,0,1,-80.28,-77.12,Este," ",0,0,0,05:50:00,INT,2.937,00:00:00,00:00:00,22 oct 2026,J,INT
5,null,LA2480-1280926,LIM,28 sept 2026,23:15:00,1 oct 2026,22:30:00,null,1,1 oct 2026,Oct-2026,2026Q3,LA,2695,MIA,LIM,MIALIM,16:10:00,22:00:00,17:10:00,22:00:00,21:10:00,03:00:00,NO,763,OUT,TOUCH,01:00:00,FP,05:50:00,null,SI,NO,03:00:00,2,4,1,null,1,15:10:00,16:10:00,1 oct 2026,1 oct 2026,15:10:00,22:30:00,1 oct 2026,22:30:00,1 oct 2026,22:30:00,1 oct 2026,07:20:00,13:00:00,null,3885,0,0,0,0,1,-80.28,-77.12,Este," ",0,0,0,05:50:00,INT,2.979,00:00:00,00:00:00,1 oct 2026,J,INT
145,null,null,LIM,12 oct 2026,23:15:00,15 oct 2026,22:30:00,null,1,15 oct 2026,Oct-2026,2026Q3,LA,2695,MIA,LIM,MIALIM,16:10:00,22:00:00,17:10:00,22:00:00,21:10:00,03:00:00,NO,763,OUT,TOUCH,01:00:00,FP,05:50:00,null,SI,NO,03:00:00,2,4,1,null,1,15:10:00,16:10:00,15 oct 2026,15 oct 2026,15:10:00,22:30:00,15 oct 2026,22:30:00,15 oct 2026,22:30:00,15 oct 2026,07:20:00,13:00:00,null,3885,0,0,0,0,1,-80.28,-77.12,Este," ",0,0,0,05:50:00,INT,2.937,00:00:00,00:00:00,15 oct 2026,J,INT
34,null,null,LIM,2 oct 2026,11:00:00,4 oct 2026,21:30:00,null,1,4 oct 2026,Oct-2026,2026Q3,LA,2691,JFK,LIM,JFKLIM,13:00:00,21:00:00,14:00:00,21:00:00,18:00:00,02:00:00,NO,763,OUT,TOUCH,01:00:00,FP,08:00:00,null,SI,NO,02:10:00,2,3,1,null,1,12:00:00,13:00:00,4 oct 2026,4 oct 2026,12:00:00,21:30:00,4 oct 2026,21:30:00,4 oct 2026,21:30:00,4 oct 2026,09:30:00,13:00:00,null,3872,0,0,1,0,6,-73.78,-77.12,Oeste," ",0,0,0,08:00:00,INT,5.388,00:00:00,00:00:00,4 oct 2026,J,INT
24,null,null,LIM,2 oct 2026,11:00:00,4 oct 2026,21:30:00,null,1,4 oct 2026,Oct-2026,2026Q3,LA,2691,JFK,LIM,JFKLIM,13:00:00,21:00:00,14:00:00,21:00:00,18:00:00,02:00:00,NO,763,OUT,TOUCH,01:00:00,FP,08:00:00,null,SI,NO,02:10:00,2,3,1,null,1,12:00:00,13:00:00,4 oct 2026,4 oct 2026,12:00:00,21:30:00,4 oct 2026,21:30:00,4 oct 2026,21:30:00,4 oct 2026,09:30:00,13:00:00,null,3872,2,1,0,0,0,-73.78,-77.12,Oeste,B,0,0,0,08:00:00,INT,5.388,00:00:00,00:00:00,4 oct 2026,J,INT
306,null,null,LIM,28 oct 2026,11:00:00,30 oct 2026,21:30:00,null,1,30 oct 2026,Oct-2026,2026Q3,LA,2691,JFK,LIM,JFKLIM,12:50:00,21:00:00,13:50:00,21:00:00,17:50:00,02:00:00,NO,763,OUT,TOUCH,01:00:00,FP,08:10:00,null,SI,NO,02:10:00,2,3,1,null,1,11:50:00,12:50:00,30 oct 2026,30 oct 2026,11:50:00,21:30:00,30 oct 2026,21:30:00,30 oct 2026,21:30:00,30 oct 2026,09:40:00,13:00:00,null,3856,0,0,1,0,6,-73.78,-77.12,Oeste," ",0,0,0,08:10:00,INT,5.444,00:00:00,00:00:00,30 oct 2026,J,INT
218,null,null,LIM,28 oct 2026,11:00:00,30 oct 2026,21:30:00,null,1,30 oct 2026,Oct-2026,2026Q3,LA,2691,JFK,LIM,JFKLIM,12:50:00,21:00:00,13:50:00,21:00:00,17:50:00,02:00:00,NO,763,OUT,TOUCH,01:00:00,FP,08:10:00,null,SI,NO,02:10:00,2,3,1,null,1,11:50:00,12:50:00,30 oct 2026,30 oct 2026,11:50:00,21:30:00,30 oct 2026,21:30:00,30 oct 2026,21:30:00,30 oct 2026,09:40:00,13:00:00,null,3856,2,1,0,0,0,-73.78,-77.12,Oeste,B,0,0,0,08:10:00,INT,5.444,00:00:00,00:00:00,30 oct 2026,J,INT
232,null,null,LIM,30 oct 2026,11:00:00,1 nov 2026,21:30:00,null,1,1 nov 2026,Nov-2026,2026Q3,LA,2691,JFK,LIM,JFKLIM,12:50:00,21:00:00,12:50:00,21:00:00,17:50:00,02:00:00,NO,763,OUT,TOUCH,01:00:00,FP,08:10:00,null,SI,NO,02:10:00,2,3,1,null,1,11:50:00,11:50:00,1 nov 2026,1 nov 2026,11:50:00,21:30:00,1 nov 2026,21:30:00,1 nov 2026,21:30:00,1 nov 2026,09:40:00,13:00:00,null,3856,2,1,0,0,0,-73.78,-77.12,Oeste,B,0,0,0,08:10:00,INT,5.444,00:00:00,00:00:00,1 nov 2026,J,INT
326,null,null,LIM,30 oct 2026,11:00:00,1 nov 2026,21:30:00,null,1,1 nov 2026,Nov-2026,2026Q3,LA,2691,JFK,LIM,JFKLIM,12:50:00,21:00:00,12:50:00,21:00:00,17:50:00,02:00:00,NO,763,OUT,TOUCH,01:00:00,FP,08:10:00,null,SI,NO,02:10:00,2,3,1,null,1,11:50:00,11:50:00,1 nov 2026,1 nov 2026,11:50:00,21:30:00,1 nov 2026,21:30:00,1 nov 2026,21:30:00,1 nov 2026,09:40:00,13:00:00,null,3856,0,0,1,0,6,-73.78,-77.12,Oeste," ",0,0,0,08:10:00,INT,5.444,00:00:00,00:00:00,1 nov 2026,J,INT
14,null,LA2690300926,LIM,30 sept 2026,11:00:00,2 oct 2026,21:30:00,null,1,2 oct 2026,Oct-2026,2026Q3,LA,2691,JFK,LIM,JFKLIM,12:55:00,21:00:00,13:55:00,21:00:00,17:55:00,02:00:00,NO,763,OUT,TOUCH,01:00:00,FP,08:05:00,null,SI,NO,02:10:00,2,3,1,null,1,11:55:00,12:55:00,2 oct 2026,2 oct 2026,11:55:00,21:30:00,2 oct 2026,21:30:00,2 oct 2026,21:30:00,2 oct 2026,09:35:00,13:00:00,null,3834,0,0,1,0,6,-73.78,-77.12,Oeste," ",0,0,0,08:05:00,INT,5.388,00:00:00,00:00:00,2 oct 2026,J,INT
231,null,null,LIM,21 oct 2026,11:00:00,23 oct 2026,21:30:00,null,1,23 oct 2026,Oct-2026,2026Q3,LA,2691,JFK,LIM,JFKLIM,12:55:00,21:00:00,13:55:00,21:00:00,17:55:00,02:00:00,NO,763,OUT,TOUCH,01:00:00,FP,08:05:00,null,SI,NO,02:10:00,2,3,1,null,1,11:55:00,12:55:00,23 oct 2026,23 oct 2026,11:55:00,21:30:00,23 oct 2026,21:30:00,23 oct 2026,21:30:00,23 oct 2026,09:35:00,13:00:00,null,3834,0,0,1,0,6,-73.78,-77.12,Oeste," ",0,0,0,08:05:00,INT,5.388,00:00:00,00:00:00,23 oct 2026,J,INT
10,null,LA2690300926,LIM,30 sept 2026,11:00:00,2 oct 2026,21:30:00,null,1,2 oct 2026,Oct-2026,2026Q3,LA,2691,JFK,LIM,JFKLIM,12:55:00,21:00:00,13:55:00,21:00:00,17:55:00,02:00:00,NO,763,OUT,TOUCH,01:00:00,FP,08:05:00,null,SI,NO,02:10:00,2,3,1,null,1,11:55:00,12:55:00,2 oct 2026,2 oct 2026,11:55:00,21:30:00,2 oct 2026,21:30:00,2 oct 2026,21:30:00,2 oct 2026,09:35:00,13:00:00,null,3834,2,1,0,0,0,-73.78,-77.12,Oeste,B,0,0,0,08:05:00,INT,5.388,00:00:00,00:00:00,2 oct 2026,J,INT
164,null,null,LIM,21 oct 2026,11:00:00,23 oct 2026,21:30:00,null,1,23 oct 2026,Oct-2026,2026Q3,LA,2691,JFK,LIM,JFKLIM,12:55:00,21:00:00,13:55:00,21:00:00,17:55:00,02:00:00,NO,763,OUT,TOUCH,01:00:00,FP,08:05:00,null,SI,NO,02:10:00,2,3,1,null,1,11:55:00,12:55:00,23 oct 2026,23 oct 2026,11:55:00,21:30:00,23 oct 2026,21:30:00,23 oct 2026,21:30:00,23 oct 2026,09:35:00,13:00:00,null,3834,2,1,0,0,0,-73.78,-77.12,Oeste,B,0,0,0,08:05:00,INT,5.388,00:00:00,00:00:00,23 oct 2026,J,INT
252,null,null,LIM,23 oct 2026,11:00:00,25 oct 2026,21:30:00,null,1,25 oct 2026,Oct-2026,2026Q3,LA,2691,JFK,LIM,JFKLIM,12:50:00,21:00:00,13:50:00,21:00:00,17:50:00,02:00:00,NO,763,OUT,TOUCH,01:00:00,FP,08:10:00,null,SI,NO,02:10:00,2,3,1,null,1,11:50:00,12:50:00,25 oct 2026,25 oct 2026,11:50:00,21:30:00,25 oct 2026,21:30:00,25 oct 2026,21:30:00,25 oct 2026,09:40:00,13:00:00,null,3826,0,0,1,0,6,-73.78,-77.12,Oeste," ",0,0,0,08:10:00,INT,5.416,00:00:00,00:00:00,25 oct 2026,J,INT
179,null,null,LIM,23 oct 2026,11:00:00,25 oct 2026,21:30:00,null,1,25 oct 2026,Oct-2026,2026Q3,LA,2691,JFK,LIM,JFKLIM,12:50:00,21:00:00,13:50:00,21:00:00,17:50:00,02:00:00,NO,763,OUT,TOUCH,01:00:00,FP,08:10:00,null,SI,NO,02:10:00,2,3,1,null,1,11:50:00,12:50:00,25 oct 2026,25 oct 2026,11:50:00,21:30:00,25 oct 2026,21:30:00,25 oct 2026,21:30:00,25 oct 2026,09:40:00,13:00:00,null,3826,2,1,0,0,0,-73.78,-77.12,Oeste,B,0,0,0,08:10:00,INT,5.416,00:00:00,00:00:00,25 oct 2026,J,INT
292,null,null,LIM,26 oct 2026,23:15:00,29 oct 2026,23:00:00,null,1,29 oct 2026,Oct-2026,2026Q3,LA,2695,MIA,LIM,MIALIM,16:45:00,22:30:00,17:45:00,22:30:00,21:45:00,03:30:00,NO,763,OUT,TOUCH,01:00:00,FP,05:45:00,null,SI,NO,03:00:00,2,4,1,null,1,15:45:00,16:45:00,29 oct 2026,29 oct 2026,15:45:00,23:00:00,29 oct 2026,23:00:00,29 oct 2026,23:00:00,29 oct 2026,07:15:00,13:00:00,null,3611,0,0,0,0,1,-80.28,-77.12,Este," ",0,0,0,05:45:00,INT,2.916,00:00:00,00:00:00,29 oct 2026,J,INT
33,null,null,LIM,3 oct 2026,11:00:00,5 oct 2026,22:40:00,null,1,5 oct 2026,Oct-2026,2026Q3,LA,2479,LAX,LIM,LAXLIM,13:30:00,22:10:00,11:30:00,22:10:00,18:30:00,03:10:00,PAX,763,OUT,TOUCH,01:00:00,FP,00:00:00,null,SI,NO,03:00:00,2,3,1,null,1,12:30:00,10:30:00,5 oct 2026,5 oct 2026,12:30:00,22:40:00,5 oct 2026,22:40:00,5 oct 2026,22:40:00,5 oct 2026,10:10:00,13:00:00,null,3602,2,1,0,0,0,-118.4,-77.12,Este,B,0,0,0,00:00:00,INT,3,00:00:00,00:00:00,5 oct 2026,J,INT
46,null,null,LIM,3 oct 2026,11:00:00,5 oct 2026,22:40:00,null,1,5 oct 2026,Oct-2026,2026Q3,LA,2479,LAX,LIM,LAXLIM,13:30:00,22:10:00,11:30:00,22:10:00,18:30:00,03:10:00,PAX,763,OUT,TOUCH,01:00:00,FP,00:00:00,null,SI,NO,03:00:00,2,3,1,null,1,12:30:00,10:30:00,5 oct 2026,5 oct 2026,12:30:00,22:40:00,5 oct 2026,22:40:00,5 oct 2026,22:40:00,5 oct 2026,10:10:00,13:00:00,null,3602,0,0,1,0,6,-118.4,-77.12,Este," ",0,0,0,00:00:00,INT,3,00:00:00,00:00:00,5 oct 2026,J,INT
56,null,null,LIM,4 oct 2026,08:25:00,7 oct 2026,23:00:00,null,1,7 oct 2026,Oct-2026,2026Q3,LA,2425,GRU,LIM,GRULIM,17:10:00,22:30:00,19:10:00,22:30:00,22:10:00,03:30:00,NO,763,OUT,TOUCH,01:00:00,FP,05:20:00,null,SI,NO,03:00:00,2,4,1,null,1,16:10:00,18:10:00,7 oct 2026,7 oct 2026,16:10:00,23:00:00,7 oct 2026,23:00:00,7 oct 2026,23:00:00,7 oct 2026,06:50:00,13:00:00,null,3575,0,0,1,0,4,-46.47,-77.12,Oeste," ",0,0,0,05:20:00,INT,2.541,00:00:00,00:00:00,7 oct 2026,J,REG
41,null,null,LIM,4 oct 2026,08:25:00,7 oct 2026,23:00:00,null,1,7 oct 2026,Oct-2026,2026Q3,LA,2425,GRU,LIM,GRULIM,17:10:00,22:30:00,19:10:00,22:30:00,22:10:00,03:30:00,NO,763,OUT,TOUCH,01:00:00,FP,05:20:00,null,SI,NO,03:00:00,2,4,1,null,1,16:10:00,18:10:00,7 oct 2026,7 oct 2026,16:10:00,23:00:00,7 oct 2026,23:00:00,7 oct 2026,23:00:00,7 oct 2026,06:50:00,13:00:00,null,3575,1,1,0,0,0,-46.47,-77.12,Oeste,A,0,0,0,05:20:00,INT,2.541,00:00:00,00:00:00,7 oct 2026,J,REG
53,null,null,LIM,5 oct 2026,23:15:00,7 oct 2026,22:10:00,null,1,7 oct 2026,Oct-2026,2026Q3,LA,2481,MIA,LIM,MIALIM,15:55:00,21:40:00,16:55:00,21:40:00,20:55:00,02:40:00,NO,763,OUT,TOUCH,01:00:00,FP,05:45:00,null,SI,NO,02:10:00,2,3,1,null,1,14:55:00,15:55:00,7 oct 2026,7 oct 2026,14:55:00,22:10:00,7 oct 2026,22:10:00,7 oct 2026,22:10:00,7 oct 2026,07:15:00,13:00:00,null,3525,1,1,0,0,0,-80.28,-77.12,Este,A,0,0,0,05:45:00,INT,3.888,00:00:00,00:00:00,7 oct 2026,J,INT
73,null,null,LIM,5 oct 2026,23:15:00,7 oct 2026,22:10:00,null,1,7 oct 2026,Oct-2026,2026Q3,LA,2481,MIA,LIM,MIALIM,15:55:00,21:40:00,16:55:00,21:40:00,20:55:00,02:40:00,NO,763,OUT,TOUCH,01:00:00,FP,05:45:00,null,SI,NO,02:10:00,2,3,1,null,1,14:55:00,15:55:00,7 oct 2026,7 oct 2026,14:55:00,22:10:00,7 oct 2026,22:10:00,7 oct 2026,22:10:00,7 oct 2026,07:15:00,13:00:00,null,3525,0,0,1,0,3,-80.28,-77.12,Este," ",0,0,0,05:45:00,INT,3.888,00:00:00,00:00:00,7 oct 2026,J,INT
30,null,null,LIM,1 oct 2026,23:15:00,3 oct 2026,22:10:00,null,1,3 oct 2026,Oct-2026,2026Q3,LA,2481,MIA,LIM,MIALIM,15:55:00,21:40:00,16:55:00,21:40:00,20:55:00,02:40:00,NO,763,OUT,TOUCH,01:00:00,FP,05:45:00,null,SI,NO,02:10:00,2,3,1,null,1,14:55:00,15:55:00,3 oct 2026,3 oct 2026,14:55:00,22:10:00,3 oct 2026,22:10:00,3 oct 2026,22:10:00,3 oct 2026,07:15:00,13:00:00,null,3525,0,0,1,0,3,-80.28,-77.12,Este," ",0,0,0,05:45:00,INT,3.888,00:00:00,00:00:00,3 oct 2026,J,INT
247,null,null,LIM,22 oct 2026,23:15:00,24 oct 2026,22:10:00,null,1,24 oct 2026,Oct-2026,2026Q3,LA,2481,MIA,LIM,MIALIM,15:55:00,21:40:00,16:55:00,21:40:00,20:55:00,02:40:00,NO,763,OUT,TOUCH,01:00:00,FP,05:45:00,null,SI,NO,02:10:00,2,3,1,null,1,14:55:00,15:55:00,24 oct 2026,24 oct 2026,14:55:00,22:10:00,24 oct 2026,22:10:00,24 oct 2026,22:10:00,24 oct 2026,07:15:00,13:00:00,null,3525,0,0,1,0,3,-80.28,-77.12,Este," ",0,0,0,05:45:00,INT,3.888,00:00:00,00:00:00,24 oct 2026,J,INT
103,null,null,LIM,8 oct 2026,23:15:00,10 oct 2026,22:10:00,null,1,10 oct 2026,Oct-2026,2026Q3,LA,2481,MIA,LIM,MIALIM,15:55:00,21:40:00,16:55:00,21:40:00,20:55:00,02:40:00,NO,763,OUT,TOUCH,01:00:00,FP,05:45:00,null,SI,NO,02:10:00,2,3,1,null,1,14:55:00,15:55:00,10 oct 2026,10 oct 2026,14:55:00,22:10:00,10 oct 2026,22:10:00,10 oct 2026,22:10:00,10 oct 2026,07:15:00,13:00:00,null,3525,0,0,1,0,3,-80.28,-77.12,Este," ",0,0,0,05:45:00,INT,3.888,00:00:00,00:00:00,10 oct 2026,J,INT
144,null,null,LIM,12 oct 2026,23:15:00,14 oct 2026,22:10:00,null,1,14 oct 2026,Oct-2026,2026Q3,LA,2481,MIA,LIM,MIALIM,15:55:00,21:40:00,16:55:00,21:40:00,20:55:00,02:40:00,NO,763,OUT,TOUCH,01:00:00,FP,05:45:00,null,SI,NO,02:10:00,2,3,1,null,1,14:55:00,15:55:00,14 oct 2026,14 oct 2026,14:55:00,22:10:00,14 oct 2026,22:10:00,14 oct 2026,22:10:00,14 oct 2026,07:15:00,13:00:00,null,3525,0,0,1,0,3,-80.28,-77.12,Este," ",0,0,0,05:45:00,INT,3.888,00:00:00,00:00:00,14 oct 2026,J,INT
114,null,null,LIM,9 oct 2026,23:15:00,11 oct 2026,22:10:00,null,1,11 oct 2026,Oct-2026,2026Q3,LA,2481,MIA,LIM,MIALIM,15:55:00,21:40:00,16:55:00,21:40:00,20:55:00,02:40:00,NO,763,OUT,TOUCH,01:00:00,FP,05:45:00,null,SI,NO,02:10:00,2,3,1,null,1,14:55:00,15:55:00,11 oct 2026,11 oct 2026,14:55:00,22:10:00,11 oct 2026,22:10:00,11 oct 2026,22:10:00,11 oct 2026,07:15:00,13:00:00,null,3525,0,0,1,0,3,-80.28,-77.12,Este," ",0,0,0,05:45:00,INT,3.888,00:00:00,00:00:00,11 oct 2026,J,INT
117,null,null,LIM,14 oct 2026,23:15:00,16 oct 2026,22:10:00,null,1,16 oct 2026,Oct-2026,2026Q3,LA,2481,MIA,LIM,MIALIM,15:55:00,21:40:00,16:55:00,21:40:00,20:55:00,02:40:00,NO,763,OUT,TOUCH,01:00:00,FP,05:45:00,null,SI,NO,02:10:00,2,3,1,null,1,14:55:00,15:55:00,16 oct 2026,16 oct 2026,14:55:00,22:10:00,16 oct 2026,22:10:00,16 oct 2026,22:10:00,16 oct 2026,07:15:00,13:00:00,null,3525,1,1,0,0,0,-80.28,-77.12,Este,A,0,0,0,05:45:00,INT,3.888,00:00:00,00:00:00,16 oct 2026,J,INT
22,null,null,LIM,1 oct 2026,23:15:00,3 oct 2026,22:10:00,null,1,3 oct 2026,Oct-2026,2026Q3,LA,2481,MIA,LIM,MIALIM,15:55:00,21:40:00,16:55:00,21:40:00,20:55:00,02:40:00,NO,763,OUT,TOUCH,01:00:00,FP,05:45:00,null,SI,NO,02:10:00,2,3,1,null,1,14:55:00,15:55:00,3 oct 2026,3 oct 2026,14:55:00,22:10:00,3 oct 2026,22:10:00,3 oct 2026,22:10:00,3 oct 2026,07:15:00,13:00:00,null,3525,1,1,0,0,0,-80.28,-77.12,Este,A,0,0,0,05:45:00,INT,3.888,00:00:00,00:00:00,3 oct 2026,J,INT
41,null,null,LIM,2 oct 2026,23:15:00,4 oct 2026,22:10:00,null,1,4 oct 2026,Oct-2026,2026Q3,LA,2481,MIA,LIM,MIALIM,15:55:00,21:40:00,16:55:00,21:40:00,20:55:00,02:40:00,NO,763,OUT,TOUCH,01:00:00,FP,05:45:00,null,SI,NO,02:10:00,2,3,1,null,1,14:55:00,15:55:00,4 oct 2026,4 oct 2026,14:55:00,22:10:00,4 oct 2026,22:10:00,4 oct 2026,22:10:00,4 oct 2026,07:15:00,13:00:00,null,3525,0,0,1,0,3,-80.28,-77.12,Este," ",0,0,0,05:45:00,INT,3.888,00:00:00,00:00:00,4 oct 2026,J,INT
197,null,null,LIM,17 oct 2026,23:15:00,19 oct 2026,22:10:00,null,1,19 oct 2026,Oct-2026,2026Q3,LA,2481,MIA,LIM,MIALIM,15:55:00,21:40:00,16:55:00,21:40:00,20:55:00,02:40:00,NO,763,OUT,TOUCH,01:00:00,FP,05:45:00,null,SI,NO,02:10:00,2,3,1,null,1,14:55:00,15:55:00,19 oct 2026,19 oct 2026,14:55:00,22:10:00,19 oct 2026,22:10:00,19 oct 2026,22:10:00,19 oct 2026,07:15:00,13:00:00,null,3525,0,0,1,0,3,-80.28,-77.12,Este," ",0,0,0,05:45:00,INT,3.888,00:00:00,00:00:00,19 oct 2026,J,INT
15,null,LA2480300926,LIM,30 sept 2026,23:15:00,2 oct 2026,22:10:00,null,1,2 oct 2026,Oct-2026,2026Q3,LA,2481,MIA,LIM,MIALIM,15:55:00,21:40:00,16:55:00,21:40:00,20:55:00,02:40:00,NO,763,OUT,TOUCH,01:00:00,FP,05:45:00,null,SI,NO,02:10:00,2,3,1,null,1,14:55:00,15:55:00,2 oct 2026,2 oct 2026,14:55:00,22:10:00,2 oct 2026,22:10:00,2 oct 2026,22:10:00,2 oct 2026,07:15:00,13:00:00,null,3525,1,1,0,0,0,-80.28,-77.12,Este,A,0,0,0,05:45:00,INT,3.888,00:00:00,00:00:00,2 oct 2026,J,INT
20,null,LA2480-1300926,LIM,30 sept 2026,23:15:00,2 oct 2026,22:10:00,null,1,2 oct 2026,Oct-2026,2026Q3,LA,2481,MIA,LIM,MIALIM,15:55:00,21:40:00,16:55:00,21:40:00,20:55:00,02:40:00,NO,763,OUT,TOUCH,01:00:00,FP,05:45:00,null,SI,NO,02:10:00,2,3,1,null,1,14:55:00,15:55:00,2 oct 2026,2 oct 2026,14:55:00,22:10:00,2 oct 2026,22:10:00,2 oct 2026,22:10:00,2 oct 2026,07:15:00,13:00:00,null,3525,0,0,1,0,3,-80.28,-77.12,Este," ",0,0,0,05:45:00,INT,3.888,00:00:00,00:00:00,2 oct 2026,J,INT
135,null,null,LIM,11 oct 2026,23:15:00,13 oct 2026,22:10:00,null,1,13 oct 2026,Oct-2026,2026Q3,LA,2481,MIA,LIM,MIALIM,15:55:00,21:40:00,16:55:00,21:40:00,20:55:00,02:40:00,NO,763,OUT,TOUCH,01:00:00,FP,05:45:00,null,SI,NO,02:10:00,2,3,1,null,1,14:55:00,15:55:00,13 oct 2026,13 oct 2026,14:55:00,22:10:00,13 oct 2026,22:10:00,13 oct 2026,22:10:00,13 oct 2026,07:15:00,13:00:00,null,3525,0,0,1,0,3,-80.28,-77.12,Este," ",0,0,0,05:45:00,INT,3.888,00:00:00,00:00:00,13 oct 2026,J,INT
66,null,null,LIM,7 oct 2026,23:15:00,9 oct 2026,22:10:00,null,1,9 oct 2026,Oct-2026,2026Q3,LA,2481,MIA,LIM,MIALIM,15:55:00,21:40:00,16:55:00,21:40:00,20:55:00,02:40:00,NO,763,OUT,TOUCH,01:00:00,FP,05:45:00,null,SI,NO,02:10:00,2,3,1,null,1,14:55:00,15:55:00,9 oct 2026,9 oct 2026,14:55:00,22:10:00,9 oct 2026,22:10:00,9 oct 2026,22:10:00,9 oct 2026,07:15:00,13:00:00,null,3525,1,1,0,0,0,-80.28,-77.12,Este,A,0,0,0,05:45:00,INT,3.888,00:00:00,00:00:00,9 oct 2026,J,INT
30,null,null,LIM,2 oct 2026,23:15:00,4 oct 2026,22:10:00,null,1,4 oct 2026,Oct-2026,2026Q3,LA,2481,MIA,LIM,MIALIM,15:55:00,21:40:00,16:55:00,21:40:00,20:55:00,02:40:00,NO,763,OUT,TOUCH,01:00:00,FP,05:45:00,null,SI,NO,02:10:00,2,3,1,null,1,14:55:00,15:55:00,4 oct 2026,4 oct 2026,14:55:00,22:10:00,4 oct 2026,22:10:00,4 oct 2026,22:10:00,4 oct 2026,07:15:00,13:00:00,null,3525,1,1,0,0,0,-80.28,-77.12,Este,A,0,0,0,05:45:00,INT,3.888,00:00:00,00:00:00,4 oct 2026,J,INT
103,null,null,LIM,12 oct 2026,23:15:00,14 oct 2026,22:10:00,null,1,14 oct 2026,Oct-2026,2026Q3,LA,2481,MIA,LIM,MIALIM,15:55:00,21:40:00,16:55:00,21:40:00,20:55:00,02:40:00,NO,763,OUT,TOUCH,01:00:00,FP,05:45:00,null,SI,NO,02:10:00,2,3,1,null,1,14:55:00,15:55:00,14 oct 2026,14 oct 2026,14:55:00,22:10:00,14 oct 2026,22:10:00,14 oct 2026,22:10:00,14 oct 2026,07:15:00,13:00:00,null,3525,1,1,0,0,0,-80.28,-77.12,Este,A,0,0,0,05:45:00,INT,3.888,00:00:00,00:00:00,14 oct 2026,J,INT
125,null,null,LIM,15 oct 2026,23:15:00,17 oct 2026,22:10:00,null,1,17 oct 2026,Oct-2026,2026Q3,LA,2481,MIA,LIM,MIALIM,15:55:00,21:40:00,16:55:00,21:40:00,20:55:00,02:40:00,NO,763,OUT,TOUCH,01:00:00,FP,05:45:00,null,SI,NO,02:10:00,2,3,1,null,1,14:55:00,15:55:00,17 oct 2026,17 oct 2026,14:55:00,22:10:00,17 oct 2026,22:10:00,17 oct 2026,22:10:00,17 oct 2026,07:15:00,13:00:00,null,3525,1,1,0,0,0,-80.28,-77.12,Este,A,0,0,0,05:45:00,INT,3.888,00:00:00,00:00:00,17 oct 2026,J,INT
97,null,null,LIM,11 oct 2026,23:15:00,13 oct 2026,22:10:00,null,1,13 oct 2026,Oct-2026,2026Q3,LA,2481,MIA,LIM,MIALIM,15:55:00,21:40:00,16:55:00,21:40:00,20:55:00,02:40:00,NO,763,OUT,TOUCH,01:00:00,FP,05:45:00,null,SI,NO,02:10:00,2,3,1,null,1,14:55:00,15:55:00,13 oct 2026,13 oct 2026,14:55:00,22:10:00,13 oct 2026,22:10:00,13 oct 2026,22:10:00,13 oct 2026,07:15:00,13:00:00,null,3525,1,1,0,0,0,-80.28,-77.12,Este,A,0,0,0,05:45:00,INT,3.888,00:00:00,00:00:00,13 oct 2026,J,INT
141,null,null,LIM,17 oct 2026,23:15:00,19 oct 2026,22:10:00,null,1,19 oct 2026,Oct-2026,2026Q3,LA,2481,MIA,LIM,MIALIM,15:55:00,21:40:00,16:55:00,21:40:00,20:55:00,02:40:00,NO,763,OUT,TOUCH,01:00:00,FP,05:45:00,null,SI,NO,02:10:00,2,3,1,null,1,14:55:00,15:55:00,19 oct 2026,19 oct 2026,14:55:00,22:10:00,19 oct 2026,22:10:00,19 oct 2026,22:10:00,19 oct 2026,07:15:00,13:00:00,null,3525,1,1,0,0,0,-80.28,-77.12,Este,A,0,0,0,05:45:00,INT,3.888,00:00:00,00:00:00,19 oct 2026,J,INT
186,null,null,LIM,16 oct 2026,23:15:00,18 oct 2026,22:10:00,null,1,18 oct 2026,Oct-2026,2026Q3,LA,2481,MIA,LIM,MIALIM,15:55:00,21:40:00,16:55:00,21:40:00,20:55:00,02:40:00,NO,763,OUT,TOUCH,01:00:00,FP,05:45:00,null,SI,NO,02:10:00,2,3,1,null,1,14:55:00,15:55:00,18 oct 2026,18 oct 2026,14:55:00,22:10:00,18 oct 2026,22:10:00,18 oct 2026,22:10:00,18 oct 2026,07:15:00,13:00:00,null,3525,0,0,1,0,3,-80.28,-77.12,Este," ",0,0,0,05:45:00,INT,3.888,00:00:00,00:00:00,18 oct 2026,J,INT
133,null,null,LIM,16 oct 2026,23:15:00,18 oct 2026,22:10:00,null,1,18 oct 2026,Oct-2026,2026Q3,LA,2481,MIA,LIM,MIALIM,15:55:00,21:40:00,16:55:00,21:40:00,20:55:00,02:40:00,NO,763,OUT,TOUCH,01:00:00,FP,05:45:00,null,SI,NO,02:10:00,2,3,1,null,1,14:55:00,15:55:00,18 oct 2026,18 oct 2026,14:55:00,22:10:00,18 oct 2026,22:10:00,18 oct 2026,22:10:00,18 oct 2026,07:15:00,13:00:00,null,3525,1,1,0,0,0,-80.28,-77.12,Este,A,0,0,0,05:45:00,INT,3.888,00:00:00,00:00:00,18 oct 2026,J,INT
53,null,null,LIM,3 oct 2026,23:15:00,5 oct 2026,22:10:00,null,1,5 oct 2026,Oct-2026,2026Q3,LA,2481,MIA,LIM,MIALIM,15:55:00,21:40:00,16:55:00,21:40:00,20:55:00,02:40:00,NO,763,OUT,TOUCH,01:00:00,FP,05:45:00,null,SI,NO,02:10:00,2,3,1,null,1,14:55:00,15:55:00,5 oct 2026,5 oct 2026,14:55:00,22:10:00,5 oct 2026,22:10:00,5 oct 2026,22:10:00,5 oct 2026,07:15:00,13:00:00,null,3525,0,0,1,0,3,-80.28,-77.12,Este," ",0,0,0,05:45:00,INT,3.888,00:00:00,00:00:00,5 oct 2026,J,INT
62,null,null,LIM,4 oct 2026,23:15:00,6 oct 2026,22:10:00,null,1,6 oct 2026,Oct-2026,2026Q3,LA,2481,MIA,LIM,MIALIM,15:55:00,21:40:00,16:55:00,21:40:00,20:55:00,02:40:00,NO,763,OUT,TOUCH,01:00:00,FP,05:45:00,null,SI,NO,02:10:00,2,3,1,null,1,14:55:00,15:55:00,6 oct 2026,6 oct 2026,14:55:00,22:10:00,6 oct 2026,22:10:00,6 oct 2026,22:10:00,6 oct 2026,07:15:00,13:00:00,null,3525,0,0,1,0,3,-80.28,-77.12,Este," ",0,0,0,05:45:00,INT,3.888,00:00:00,00:00:00,6 oct 2026,J,INT
176,null,null,LIM,22 oct 2026,23:15:00,24 oct 2026,22:10:00,null,1,24 oct 2026,Oct-2026,2026Q3,LA,2481,MIA,LIM,MIALIM,15:55:00,21:40:00,16:55:00,21:40:00,20:55:00,02:40:00,NO,763,OUT,TOUCH,01:00:00,FP,05:45:00,null,SI,NO,02:10:00,2,3,1,null,1,14:55:00,15:55:00,24 oct 2026,24 oct 2026,14:55:00,22:10:00,24 oct 2026,22:10:00,24 oct 2026,22:10:00,24 oct 2026,07:15:00,13:00:00,null,3525,1,1,0,0,0,-80.28,-77.12,Este,A,0,0,0,05:45:00,INT,3.888,00:00:00,00:00:00,24 oct 2026,J,INT
237,null,null,LIM,21 oct 2026,23:15:00,23 oct 2026,22:10:00,null,1,23 oct 2026,Oct-2026,2026Q3,LA,2481,MIA,LIM,MIALIM,15:55:00,21:40:00,16:55:00,21:40:00,20:55:00,02:40:00,NO,763,OUT,TOUCH,01:00:00,FP,05:45:00,null,SI,NO,02:10:00,2,3,1,null,1,14:55:00,15:55:00,23 oct 2026,23 oct 2026,14:55:00,22:10:00,23 oct 2026,22:10:00,23 oct 2026,22:10:00,23 oct 2026,07:15:00,13:00:00,null,3525,0,0,1,0,3,-80.28,-77.12,Este," ",0,0,0,05:45:00,INT,3.888,00:00:00,00:00:00,23 oct 2026,J,INT
39,null,null,LIM,3 oct 2026,23:15:00,5 oct 2026,22:10:00,null,1,5 oct 2026,Oct-2026,2026Q3,LA,2481,MIA,LIM,MIALIM,15:55:00,21:40:00,16:55:00,21:40:00,20:55:00,02:40:00,NO,763,OUT,TOUCH,01:00:00,FP,05:45:00,null,SI,NO,02:10:00,2,3,1,null,1,14:55:00,15:55:00,5 oct 2026,5 oct 2026,14:55:00,22:10:00,5 oct 2026,22:10:00,5 oct 2026,22:10:00,5 oct 2026,07:15:00,13:00:00,null,3525,1,1,0,0,0,-80.28,-77.12,Este,A,0,0,0,05:45:00,INT,3.888,00:00:00,00:00:00,5 oct 2026,J,INT
217,null,null,LIM,19 oct 2026,23:15:00,21 oct 2026,22:10:00,null,1,21 oct 2026,Oct-2026,2026Q3,LA,2481,MIA,LIM,MIALIM,15:55:00,21:40:00,16:55:00,21:40:00,20:55:00,02:40:00,NO,763,OUT,TOUCH,01:00:00,FP,05:45:00,null,SI,NO,02:10:00,2,3,1,null,1,14:55:00,15:55:00,21 oct 2026,21 oct 2026,14:55:00,22:10:00,21 oct 2026,22:10:00,21 oct 2026,22:10:00,21 oct 2026,07:15:00,13:00:00,null,3525,0,0,1,0,3,-80.28,-77.12,Este," ",0,0,0,05:45:00,INT,3.888,00:00:00,00:00:00,21 oct 2026,J,INT
91,null,null,LIM,10 oct 2026,23:15:00,12 oct 2026,22:10:00,null,1,12 oct 2026,Oct-2026,2026Q3,LA,2481,MIA,LIM,MIALIM,15:55:00,21:40:00,16:55:00,21:40:00,20:55:00,02:40:00,NO,763,OUT,TOUCH,01:00:00,FP,05:45:00,null,SI,NO,02:10:00,2,3,1,null,1,14:55:00,15:55:00,12 oct 2026,12 oct 2026,14:55:00,22:10:00,12 oct 2026,22:10:00,12 oct 2026,22:10:00,12 oct 2026,07:15:00,13:00:00,null,3525,1,1,0,0,0,-80.28,-77.12,Este,A,0,0,0,05:45:00,INT,3.888,00:00:00,00:00:00,12 oct 2026,J,INT
147,null,null,LIM,18 oct 2026,23:15:00,20 oct 2026,22:10:00,null,1,20 oct 2026,Oct-2026,2026Q3,LA,2481,MIA,LIM,MIALIM,15:55:00,21:40:00,16:55:00,21:40:00,20:55:00,02:40:00,NO,763,OUT,TOUCH,01:00:00,FP,05:45:00,null,SI,NO,02:10:00,2,3,1,null,1,14:55:00,15:55:00,20 oct 2026,20 oct 2026,14:55:00,22:10:00,20 oct 2026,22:10:00,20 oct 2026,22:10:00,20 oct 2026,07:15:00,13:00:00,null,3525,1,1,0,0,0,-80.28,-77.12,Este,A,0,0,0,05:45:00,INT,3.888,00:00:00,00:00:00,20 oct 2026,J,INT
82,null,null,LIM,9 oct 2026,23:15:00,11 oct 2026,22:10:00,null,1,11 oct 2026,Oct-2026,2026Q3,LA,2481,MIA,LIM,MIALIM,15:55:00,21:40:00,16:55:00,21:40:00,20:55:00,02:40:00,NO,763,OUT,TOUCH,01:00:00,FP,05:45:00,null,SI,NO,02:10:00,2,3,1,null,1,14:55:00,15:55:00,11 oct 2026,11 oct 2026,14:55:00,22:10:00,11 oct 2026,22:10:00,11 oct 2026,22:10:00,11 oct 2026,07:15:00,13:00:00,null,3525,1,1,0,0,0,-80.28,-77.12,Este,A,0,0,0,05:45:00,INT,3.888,00:00:00,00:00:00,11 oct 2026,J,INT
164,null,null,LIM,14 oct 2026,23:15:00,16 oct 2026,22:10:00,null,1,16 oct 2026,Oct-2026,2026Q3,LA,2481,MIA,LIM,MIALIM,15:55:00,21:40:00,16:55:00,21:40:00,20:55:00,02:40:00,NO,763,OUT,TOUCH,01:00:00,FP,05:45:00,null,SI,NO,02:10:00,2,3,1,null,1,14:55:00,15:55:00,16 oct 2026,16 oct 2026,14:55:00,22:10:00,16 oct 2026,22:10:00,16 oct 2026,22:10:00,16 oct 2026,07:15:00,13:00:00,null,3525,0,0,1,0,3,-80.28,-77.12,Este," ",0,0,0,05:45:00,INT,3.888,00:00:00,00:00:00,16 oct 2026,J,INT
126,null,null,LIM,10 oct 2026,23:15:00,12 oct 2026,22:10:00,null,1,12 oct 2026,Oct-2026,2026Q3,LA,2481,MIA,LIM,MIALIM,15:55:00,21:40:00,16:55:00,21:40:00,20:55:00,02:40:00,NO,763,OUT,TOUCH,01:00:00,FP,05:45:00,null,SI,NO,02:10:00,2,3,1,null,1,14:55:00,15:55:00,12 oct 2026,12 oct 2026,14:55:00,22:10:00,12 oct 2026,22:10:00,12 oct 2026,22:10:00,12 oct 2026,07:15:00,13:00:00,null,3525,0,0,1,0,3,-80.28,-77.12,Este," ",0,0,0,05:45:00,INT,3.888,00:00:00,00:00:00,12 oct 2026,J,INT
74,null,null,LIM,8 oct 2026,23:15:00,10 oct 2026,22:10:00,null,1,10 oct 2026,Oct-2026,2026Q3,LA,2481,MIA,LIM,MIALIM,15:55:00,21:40:00,16:55:00,21:40:00,20:55:00,02:40:00,NO,763,OUT,TOUCH,01:00:00,FP,05:45:00,null,SI,NO,02:10:00,2,3,1,null,1,14:55:00,15:55:00,10 oct 2026,10 oct 2026,14:55:00,22:10:00,10 oct 2026,22:10:00,10 oct 2026,22:10:00,10 oct 2026,07:15:00,13:00:00,null,3525,1,1,0,0,0,-80.28,-77.12,Este,A,0,0,0,05:45:00,INT,3.888,00:00:00,00:00:00,10 oct 2026,J,INT
45,null,null,LIM,4 oct 2026,23:15:00,6 oct 2026,22:10:00,null,1,6 oct 2026,Oct-2026,2026Q3,LA,2481,MIA,LIM,MIALIM,15:55:00,21:40:00,16:55:00,21:40:00,20:55:00,02:40:00,NO,763,OUT,TOUCH,01:00:00,FP,05:45:00,null,SI,NO,02:10:00,2,3,1,null,1,14:55:00,15:55:00,6 oct 2026,6 oct 2026,14:55:00,22:10:00,6 oct 2026,22:10:00,6 oct 2026,22:10:00,6 oct 2026,07:15:00,13:00:00,null,3525,1,1,0,0,0,-80.28,-77.12,Este,A,0,0,0,05:45:00,INT,3.888,00:00:00,00:00:00,6 oct 2026,J,INT
169,null,null,LIM,21 oct 2026,23:15:00,23 oct 2026,22:10:00,null,1,23 oct 2026,Oct-2026,2026Q3,LA,2481,MIA,LIM,MIALIM,15:55:00,21:40:00,16:55:00,21:40:00,20:55:00,02:40:00,NO,763,OUT,TOUCH,01:00:00,FP,05:45:00,null,SI,NO,02:10:00,2,3,1,null,1,14:55:00,15:55:00,23 oct 2026,23 oct 2026,14:55:00,22:10:00,23 oct 2026,22:10:00,23 oct 2026,22:10:00,23 oct 2026,07:15:00,13:00:00,null,3525,1,1,0,0,0,-80.28,-77.12,Este,A,0,0,0,05:45:00,INT,3.888,00:00:00,00:00:00,23 oct 2026,J,INT
206,null,null,LIM,18 oct 2026,23:15:00,20 oct 2026,22:10:00,null,1,20 oct 2026,Oct-2026,2026Q3,LA,2481,MIA,LIM,MIALIM,15:55:00,21:40:00,16:55:00,21:40:00,20:55:00,02:40:00,NO,763,OUT,TOUCH,01:00:00,FP,05:45:00,null,SI,NO,02:10:00,2,3,1,null,1,14:55:00,15:55:00,20 oct 2026,20 oct 2026,14:55:00,22:10:00,20 oct 2026,22:10:00,20 oct 2026,22:10:00,20 oct 2026,07:15:00,13:00:00,null,3525,0,0,1,0,3,-80.28,-77.12,Este," ",0,0,0,05:45:00,INT,3.888,00:00:00,00:00:00,20 oct 2026,J,INT
155,null,null,LIM,19 oct 2026,23:15:00,21 oct 2026,22:10:00,null,1,21 oct 2026,Oct-2026,2026Q3,LA,2481,MIA,LIM,MIALIM,15:55:00,21:40:00,16:55:00,21:40:00,20:55:00,02:40:00,NO,763,OUT,TOUCH,01:00:00,FP,05:45:00,null,SI,NO,02:10:00,2,3,1,null,1,14:55:00,15:55:00,21 oct 2026,21 oct 2026,14:55:00,22:10:00,21 oct 2026,22:10:00,21 oct 2026,22:10:00,21 oct 2026,07:15:00,13:00:00,null,3525,1,1,0,0,0,-80.28,-77.12,Este,A,0,0,0,05:45:00,INT,3.888,00:00:00,00:00:00,21 oct 2026,J,INT
92,null,null,LIM,7 oct 2026,23:15:00,9 oct 2026,22:10:00,null,1,9 oct 2026,Oct-2026,2026Q3,LA,2481,MIA,LIM,MIALIM,15:55:00,21:40:00,16:55:00,21:40:00,20:55:00,02:40:00,NO,763,OUT,TOUCH,01:00:00,FP,05:45:00,null,SI,NO,02:10:00,2,3,1,null,1,14:55:00,15:55:00,9 oct 2026,9 oct 2026,14:55:00,22:10:00,9 oct 2026,22:10:00,9 oct 2026,22:10:00,9 oct 2026,07:15:00,13:00:00,null,3525,0,0,1,0,3,-80.28,-77.12,Este," ",0,0,0,05:45:00,INT,3.888,00:00:00,00:00:00,9 oct 2026,J,INT
175,null,null,LIM,15 oct 2026,23:15:00,17 oct 2026,22:10:00,null,1,17 oct 2026,Oct-2026,2026Q3,LA,2481,MIA,LIM,MIALIM,15:55:00,21:40:00,16:55:00,21:40:00,20:55:00,02:40:00,NO,763,OUT,TOUCH,01:00:00,FP,05:45:00,null,SI,NO,02:10:00,2,3,1,null,1,14:55:00,15:55:00,17 oct 2026,17 oct 2026,14:55:00,22:10:00,17 oct 2026,22:10:00,17 oct 2026,22:10:00,17 oct 2026,07:15:00,13:00:00,null,3525,0,0,1,0,3,-80.28,-77.12,Este," ",0,0,0,05:45:00,INT,3.888,00:00:00,00:00:00,17 oct 2026,J,INT
88,4,null,LIM,10 oct 2026,19:35:00,13 oct 2026,07:00:00,1,null,10 oct 2026,Oct-2026,2026Q3,LA,2490,LIM,MAD,LIMMAD,20:35:00,08:30:00,20:35:00,15:30:00,01:35:00,13:30:00,NO,763,BASE,NO,01:00:00,FP,11:55:00,null,SI,SI,03:00:00,1,1,1,null,1,19:35:00,19:35:00,10 oct 2026,10 oct 2026,19:35:00,16:00:00,11 oct 2026,09:00:00,11 oct 2026,09:00:00,11 oct 2026,13:25:00,13:00:00,32:45:00,3425,2,2,0,0,0,-77.12,-3.57,Este,C,0,0,0,11:55:00,INT,2.979,00:00:00,00:00:00,11 oct 2026,J,INT
80,4,null,LIM,6 oct 2026,19:35:00,9 oct 2026,07:00:00,1,null,6 oct 2026,Oct-2026,2026Q3,LA,2490,LIM,MAD,LIMMAD,20:35:00,08:30:00,20:35:00,15:30:00,01:35:00,13:30:00,NO,763,BASE,NO,01:00:00,FP,11:55:00,null,SI,SI,03:00:00,1,1,1,null,1,19:35:00,19:35:00,6 oct 2026,6 oct 2026,19:35:00,16:00:00,7 oct 2026,09:00:00,7 oct 2026,09:00:00,7 oct 2026,13:25:00,13:00:00,32:45:00,3425,0,0,1,0,6,-77.12,-3.57,Este," ",0,0,0,11:55:00,INT,2.979,00:00:00,00:00:00,7 oct 2026,J,INT
58,4,null,LIM,6 oct 2026,19:35:00,9 oct 2026,07:00:00,1,null,6 oct 2026,Oct-2026,2026Q3,LA,2490,LIM,MAD,LIMMAD,20:35:00,08:30:00,20:35:00,15:30:00,01:35:00,13:30:00,NO,763,BASE,NO,01:00:00,FP,11:55:00,null,SI,SI,03:00:00,1,1,1,null,1,19:35:00,19:35:00,6 oct 2026,6 oct 2026,19:35:00,16:00:00,7 oct 2026,09:00:00,7 oct 2026,09:00:00,7 oct 2026,13:25:00,13:00:00,32:45:00,3425,2,2,0,0,0,-77.12,-3.57,Este,C,0,0,0,11:55:00,INT,2.979,00:00:00,00:00:00,7 oct 2026,J,INT
109,4,null,LIM,13 oct 2026,19:35:00,16 oct 2026,07:00:00,1,null,13 oct 2026,Oct-2026,2026Q3,LA,2490,LIM,MAD,LIMMAD,20:35:00,08:30:00,20:35:00,15:30:00,01:35:00,13:30:00,NO,763,BASE,NO,01:00:00,FP,11:55:00,null,SI,SI,03:00:00,1,1,1,null,1,19:35:00,19:35:00,13 oct 2026,13 oct 2026,19:35:00,16:00:00,14 oct 2026,09:00:00,14 oct 2026,09:00:00,14 oct 2026,13:25:00,13:00:00,32:45:00,3425,2,2,0,0,0,-77.12,-3.57,Este,C,0,0,0,11:55:00,INT,2.979,00:00:00,00:00:00,14 oct 2026,J,INT
95,4,null,LIM,11 oct 2026,19:35:00,14 oct 2026,23:15:00,1,null,11 oct 2026,Oct-2026,2026Q3,LA,2490,LIM,MAD,LIMMAD,20:35:00,08:30:00,20:35:00,15:30:00,01:35:00,13:30:00,NO,763,BASE,NO,01:00:00,FP,11:55:00,null,SI,NO,03:00:00,1,1,1,null,1,19:35:00,19:35:00,11 oct 2026,11 oct 2026,19:35:00,16:00:00,12 oct 2026,09:00:00,12 oct 2026,09:00:00,12 oct 2026,13:25:00,13:00:00,48:35:00,3425,2,2,0,0,0,-77.12,-3.57,Este,C,0,0,0,11:55:00,INT,6.02,00:00:00,00:00:00,12 oct 2026,J,INT
194,4,null,LIM,17 oct 2026,19:35:00,20 oct 2026,07:00:00,1,null,17 oct 2026,Oct-2026,2026Q3,LA,2490,LIM,MAD,LIMMAD,20:35:00,08:30:00,20:35:00,15:30:00,01:35:00,13:30:00,NO,763,BASE,NO,01:00:00,FP,11:55:00,null,SI,SI,03:00:00,1,1,1,null,1,19:35:00,19:35:00,17 oct 2026,17 oct 2026,19:35:00,16:00:00,18 oct 2026,09:00:00,18 oct 2026,09:00:00,18 oct 2026,13:25:00,13:00:00,32:45:00,3425,0,0,1,0,6,-77.12,-3.57,Este," ",0,0,0,11:55:00,INT,2.979,00:00:00,00:00:00,18 oct 2026,J,INT
139,4,null,LIM,17 oct 2026,19:35:00,20 oct 2026,07:00:00,1,null,17 oct 2026,Oct-2026,2026Q3,LA,2490,LIM,MAD,LIMMAD,20:35:00,08:30:00,20:35:00,15:30:00,01:35:00,13:30:00,NO,763,BASE,NO,01:00:00,FP,11:55:00,null,SI,SI,03:00:00,1,1,1,null,1,19:35:00,19:35:00,17 oct 2026,17 oct 2026,19:35:00,16:00:00,18 oct 2026,09:00:00,18 oct 2026,09:00:00,18 oct 2026,13:25:00,13:00:00,32:45:00,3425,2,2,0,0,0,-77.12,-3.57,Este,C,0,0,0,11:55:00,INT,2.979,00:00:00,00:00:00,18 oct 2026,J,INT
122,4,null,LIM,10 oct 2026,19:35:00,13 oct 2026,07:00:00,1,null,10 oct 2026,Oct-2026,2026Q3,LA,2490,LIM,MAD,LIMMAD,20:35:00,08:30:00,20:35:00,15:30:00,01:35:00,13:30:00,NO,763,BASE,NO,01:00:00,FP,11:55:00,null,SI,SI,03:00:00,1,1,1,null,1,19:35:00,19:35:00,10 oct 2026,10 oct 2026,19:35:00,16:00:00,11 oct 2026,09:00:00,11 oct 2026,09:00:00,11 oct 2026,13:25:00,13:00:00,32:45:00,3425,0,0,1,0,6,-77.12,-3.57,Este," ",0,0,0,11:55:00,INT,2.979,00:00:00,00:00:00,11 oct 2026,J,INT
152,4,null,LIM,13 oct 2026,19:35:00,16 oct 2026,07:00:00,1,null,13 oct 2026,Oct-2026,2026Q3,LA,2490,LIM,MAD,LIMMAD,20:35:00,08:30:00,20:35:00,15:30:00,01:35:00,13:30:00,NO,763,BASE,NO,01:00:00,FP,11:55:00,null,SI,SI,03:00:00,1,1,1,null,1,19:35:00,19:35:00,13 oct 2026,13 oct 2026,19:35:00,16:00:00,14 oct 2026,09:00:00,14 oct 2026,09:00:00,14 oct 2026,13:25:00,13:00:00,32:45:00,3425,0,0,1,0,6,-77.12,-3.57,Este," ",0,0,0,11:55:00,INT,2.979,00:00:00,00:00:00,14 oct 2026,J,INT
132,4,null,LIM,11 oct 2026,19:35:00,14 oct 2026,23:15:00,1,null,11 oct 2026,Oct-2026,2026Q3,LA,2490,LIM,MAD,LIMMAD,20:35:00,08:30:00,20:35:00,15:30:00,01:35:00,13:30:00,NO,763,BASE,NO,01:00:00,FP,11:55:00,null,SI,NO,03:00:00,1,1,1,null,1,19:35:00,19:35:00,11 oct 2026,11 oct 2026,19:35:00,16:00:00,12 oct 2026,09:00:00,12 oct 2026,09:00:00,12 oct 2026,13:25:00,13:00:00,48:35:00,3425,0,0,1,0,6,-77.12,-3.57,Este," ",0,0,0,11:55:00,INT,6.02,00:00:00,00:00:00,12 oct 2026,J,INT
244,null,null,LIM,31 oct 2026,23:15:00,2 nov 2026,22:25:00,null,1,2 nov 2026,Nov-2026,2026Q3,LA,2481,MIA,LIM,MIALIM,16:05:00,21:55:00,16:05:00,21:55:00,21:05:00,02:55:00,NO,763,OUT,TOUCH,01:00:00,FP,05:50:00,null,SI,NO,02:10:00,2,3,1,null,1,15:05:00,15:05:00,2 nov 2026,2 nov 2026,15:05:00,22:25:00,2 nov 2026,22:25:00,2 nov 2026,22:25:00,2 nov 2026,07:20:00,13:00:00,null,3415,1,1,0,0,0,-80.28,-77.12,Este,A,0,0,0,05:50:00,INT,3.916,00:00:00,00:00:00,2 nov 2026,J,INT
342,null,null,LIM,31 oct 2026,23:15:00,2 nov 2026,22:25:00,null,1,2 nov 2026,Nov-2026,2026Q3,LA,2481,MIA,LIM,MIALIM,16:05:00,21:55:00,16:05:00,21:55:00,21:05:00,02:55:00,NO,763,OUT,TOUCH,01:00:00,FP,05:50:00,null,SI,NO,02:10:00,2,3,1,null,1,15:05:00,15:05:00,2 nov 2026,2 nov 2026,15:05:00,22:25:00,2 nov 2026,22:25:00,2 nov 2026,22:25:00,2 nov 2026,07:20:00,13:00:00,null,3415,0,0,1,0,3,-80.28,-77.12,Este," ",0,0,0,05:50:00,INT,3.916,00:00:00,00:00:00,2 nov 2026,J,INT
311,null,null,LIM,28 oct 2026,23:15:00,30 oct 2026,22:25:00,null,1,30 oct 2026,Oct-2026,2026Q3,LA,2481,MIA,LIM,MIALIM,16:05:00,21:55:00,17:05:00,21:55:00,21:05:00,02:55:00,NO,763,OUT,TOUCH,01:00:00,FP,05:50:00,null,SI,NO,02:10:00,2,3,1,null,1,15:05:00,16:05:00,30 oct 2026,30 oct 2026,15:05:00,22:25:00,30 oct 2026,22:25:00,30 oct 2026,22:25:00,30 oct 2026,07:20:00,13:00:00,null,3390,0,0,1,0,3,-80.28,-77.12,Este," ",0,0,0,05:50:00,INT,3.916,00:00:00,00:00:00,30 oct 2026,J,INT
222,null,null,LIM,28 oct 2026,23:15:00,30 oct 2026,22:25:00,null,1,30 oct 2026,Oct-2026,2026Q3,LA,2481,MIA,LIM,MIALIM,16:05:00,21:55:00,17:05:00,21:55:00,21:05:00,02:55:00,NO,763,OUT,TOUCH,01:00:00,FP,05:50:00,null,SI,NO,02:10:00,2,3,1,null,1,15:05:00,16:05:00,30 oct 2026,30 oct 2026,15:05:00,22:25:00,30 oct 2026,22:25:00,30 oct 2026,22:25:00,30 oct 2026,07:20:00,13:00:00,null,3390,1,1,0,0,0,-80.28,-77.12,Este,A,0,0,0,05:50:00,INT,3.916,00:00:00,00:00:00,30 oct 2026,J,INT
280,null,null,LIM,25 oct 2026,23:15:00,27 oct 2026,22:25:00,null,1,27 oct 2026,Oct-2026,2026Q3,LA,2481,MIA,LIM,MIALIM,16:05:00,21:55:00,17:05:00,21:55:00,21:05:00,02:55:00,NO,763,OUT,TOUCH,01:00:00,FP,05:50:00,null,SI,NO,02:10:00,2,3,1,null,1,15:05:00,16:05:00,27 oct 2026,27 oct 2026,15:05:00,22:25:00,27 oct 2026,22:25:00,27 oct 2026,22:25:00,27 oct 2026,07:20:00,13:00:00,null,3390,0,0,1,0,3,-80.28,-77.12,Este," ",0,0,0,05:50:00,INT,3.916,00:00:00,00:00:00,27 oct 2026,J,INT
258,null,null,LIM,23 oct 2026,23:15:00,25 oct 2026,22:25:00,null,1,25 oct 2026,Oct-2026,2026Q3,LA,2481,MIA,LIM,MIALIM,16:05:00,21:55:00,17:05:00,21:55:00,21:05:00,02:55:00,NO,763,OUT,TOUCH,01:00:00,FP,05:50:00,null,SI,NO,02:10:00,2,3,1,null,1,15:05:00,16:05:00,25 oct 2026,25 oct 2026,15:05:00,22:25:00,25 oct 2026,22:25:00,25 oct 2026,22:25:00,25 oct 2026,07:20:00,13:00:00,null,3390,0,0,1,0,3,-80.28,-77.12,Este," ",0,0,0,05:50:00,INT,3.916,00:00:00,00:00:00,25 oct 2026,J,INT
184,null,null,LIM,23 oct 2026,23:15:00,25 oct 2026,22:25:00,null,1,25 oct 2026,Oct-2026,2026Q3,LA,2481,MIA,LIM,MIALIM,16:05:00,21:55:00,17:05:00,21:55:00,21:05:00,02:55:00,NO,763,OUT,TOUCH,01:00:00,FP,05:50:00,null,SI,NO,02:10:00,2,3,1,null,1,15:05:00,16:05:00,25 oct 2026,25 oct 2026,15:05:00,22:25:00,25 oct 2026,22:25:00,25 oct 2026,22:25:00,25 oct 2026,07:20:00,13:00:00,null,3390,1,1,0,0,0,-80.28,-77.12,Este,A,0,0,0,05:50:00,INT,3.916,00:00:00,00:00:00,25 oct 2026,J,INT
229,null,null,LIM,29 oct 2026,23:15:00,31 oct 2026,22:25:00,null,1,31 oct 2026,Oct-2026,2026Q3,LA,2481,MIA,LIM,MIALIM,16:05:00,21:55:00,17:05:00,21:55:00,21:05:00,02:55:00,NO,763,OUT,TOUCH,01:00:00,FP,05:50:00,null,SI,NO,02:10:00,2,3,1,null,1,15:05:00,16:05:00,31 oct 2026,31 oct 2026,15:05:00,22:25:00,31 oct 2026,22:25:00,31 oct 2026,22:25:00,31 oct 2026,07:20:00,13:00:00,null,3390,1,1,0,0,0,-80.28,-77.12,Este,A,0,0,0,05:50:00,INT,3.916,00:00:00,00:00:00,31 oct 2026,J,INT
208,null,null,LIM,26 oct 2026,23:15:00,28 oct 2026,22:25:00,null,1,28 oct 2026,Oct-2026,2026Q3,LA,2481,MIA,LIM,MIALIM,16:05:00,21:55:00,17:05:00,21:55:00,21:05:00,02:55:00,NO,763,OUT,TOUCH,01:00:00,FP,05:50:00,null,SI,NO,02:10:00,2,3,1,null,1,15:05:00,16:05:00,28 oct 2026,28 oct 2026,15:05:00,22:25:00,28 oct 2026,22:25:00,28 oct 2026,22:25:00,28 oct 2026,07:20:00,13:00:00,null,3390,1,1,0,0,0,-80.28,-77.12,Este,A,0,0,0,05:50:00,INT,3.916,00:00:00,00:00:00,28 oct 2026,J,INT
291,null,null,LIM,26 oct 2026,23:15:00,28 oct 2026,22:25:00,null,1,28 oct 2026,Oct-2026,2026Q3,LA,2481,MIA,LIM,MIALIM,16:05:00,21:55:00,17:05:00,21:55:00,21:05:00,02:55:00,NO,763,OUT,TOUCH,01:00:00,FP,05:50:00,null,SI,NO,02:10:00,2,3,1,null,1,15:05:00,16:05:00,28 oct 2026,28 oct 2026,15:05:00,22:25:00,28 oct 2026,22:25:00,28 oct 2026,22:25:00,28 oct 2026,07:20:00,13:00:00,null,3390,0,0,1,0,3,-80.28,-77.12,Este," ",0,0,0,05:50:00,INT,3.916,00:00:00,00:00:00,28 oct 2026,J,INT
321,null,null,LIM,29 oct 2026,23:15:00,31 oct 2026,22:25:00,null,1,31 oct 2026,Oct-2026,2026Q3,LA,2481,MIA,LIM,MIALIM,16:05:00,21:55:00,17:05:00,21:55:00,21:05:00,02:55:00,NO,763,OUT,TOUCH,01:00:00,FP,05:50:00,null,SI,NO,02:10:00,2,3,1,null,1,15:05:00,16:05:00,31 oct 2026,31 oct 2026,15:05:00,22:25:00,31 oct 2026,22:25:00,31 oct 2026,22:25:00,31 oct 2026,07:20:00,13:00:00,null,3390,0,0,1,0,3,-80.28,-77.12,Este," ",0,0,0,05:50:00,INT,3.916,00:00:00,00:00:00,31 oct 2026,J,INT
269,null,null,LIM,24 oct 2026,23:15:00,26 oct 2026,22:25:00,null,1,26 oct 2026,Oct-2026,2026Q3,LA,2481,MIA,LIM,MIALIM,16:05:00,21:55:00,17:05:00,21:55:00,21:05:00,02:55:00,NO,763,OUT,TOUCH,01:00:00,FP,05:50:00,null,SI,NO,02:10:00,2,3,1,null,1,15:05:00,16:05:00,26 oct 2026,26 oct 2026,15:05:00,22:25:00,26 oct 2026,22:25:00,26 oct 2026,22:25:00,26 oct 2026,07:20:00,13:00:00,null,3390,0,0,1,0,3,-80.28,-77.12,Este," ",0,0,0,05:50:00,INT,3.916,00:00:00,00:00:00,26 oct 2026,J,INT
331,null,null,LIM,30 oct 2026,23:15:00,1 nov 2026,22:25:00,null,1,1 nov 2026,Nov-2026,2026Q3,LA,2481,MIA,LIM,MIALIM,16:05:00,21:55:00,16:05:00,21:55:00,21:05:00,02:55:00,NO,763,OUT,TOUCH,01:00:00,FP,05:50:00,null,SI,NO,02:10:00,2,3,1,null,1,15:05:00,15:05:00,1 nov 2026,1 nov 2026,15:05:00,22:25:00,1 nov 2026,22:25:00,1 nov 2026,22:25:00,1 nov 2026,07:20:00,13:00:00,null,3390,0,0,1,0,3,-80.28,-77.12,Este," ",0,0,0,05:50:00,INT,3.916,00:00:00,00:00:00,1 nov 2026,J,INT
192,null,null,LIM,24 oct 2026,23:15:00,26 oct 2026,22:25:00,null,1,26 oct 2026,Oct-2026,2026Q3,LA,2481,MIA,LIM,MIALIM,16:05:00,21:55:00,17:05:00,21:55:00,21:05:00,02:55:00,NO,763,OUT,TOUCH,01:00:00,FP,05:50:00,null,SI,NO,02:10:00,2,3,1,null,1,15:05:00,16:05:00,26 oct 2026,26 oct 2026,15:05:00,22:25:00,26 oct 2026,22:25:00,26 oct 2026,22:25:00,26 oct 2026,07:20:00,13:00:00,null,3390,1,1,0,0,0,-80.28,-77.12,Este,A,0,0,0,05:50:00,INT,3.916,00:00:00,00:00:00,26 oct 2026,J,INT
236,null,null,LIM,30 oct 2026,23:15:00,1 nov 2026,22:25:00,null,1,1 nov 2026,Nov-2026,2026Q3,LA,2481,MIA,LIM,MIALIM,16:05:00,21:55:00,16:05:00,21:55:00,21:05:00,02:55:00,NO,763,OUT,TOUCH,01:00:00,FP,05:50:00,null,SI,NO,02:10:00,2,3,1,null,1,15:05:00,15:05:00,1 nov 2026,1 nov 2026,15:05:00,22:25:00,1 nov 2026,22:25:00,1 nov 2026,22:25:00,1 nov 2026,07:20:00,13:00:00,null,3390,1,1,0,0,0,-80.28,-77.12,Este,A,0,0,0,05:50:00,INT,3.916,00:00:00,00:00:00,1 nov 2026,J,INT
200,null,null,LIM,25 oct 2026,23:15:00,27 oct 2026,22:25:00,null,1,27 oct 2026,Oct-2026,2026Q3,LA,2481,MIA,LIM,MIALIM,16:05:00,21:55:00,17:05:00,21:55:00,21:05:00,02:55:00,NO,763,OUT,TOUCH,01:00:00,FP,05:50:00,null,SI,NO,02:10:00,2,3,1,null,1,15:05:00,16:05:00,27 oct 2026,27 oct 2026,15:05:00,22:25:00,27 oct 2026,22:25:00,27 oct 2026,22:25:00,27 oct 2026,07:20:00,13:00:00,null,3390,1,1,0,0,0,-80.28,-77.12,Este,A,0,0,0,05:50:00,INT,3.916,00:00:00,00:00:00,27 oct 2026,J,INT
167,null,null,LIM,21 oct 2026,12:30:00,23 oct 2026,07:00:00,null,1,23 oct 2026,Oct-2026,2026Q3,LA,2693,MIA,LIM,MIALIM,00:45:00,06:30:00,01:45:00,06:30:00,05:45:00,11:30:00,NO,763,OUT,TOUCH,01:00:00,FP,05:45:00,null,SI,NO,02:55:00,2,3,1,null,1,23:45:00,00:45:00,23 oct 2026,22 oct 2026,23:45:00,07:00:00,23 oct 2026,07:00:00,23 oct 2026,07:00:00,23 oct 2026,07:15:00,13:00:00,null,3379,1,1,0,0,0,-80.28,-77.12,Este,A,0,0,0,05:45:00,INT,3.888,00:00:00,00:00:00,23 oct 2026,J,INT
234,null,null,LIM,21 oct 2026,12:30:00,23 oct 2026,07:00:00,null,1,23 oct 2026,Oct-2026,2026Q3,LA,2693,MIA,LIM,MIALIM,00:45:00,06:30:00,01:45:00,06:30:00,05:45:00,11:30:00,NO,763,OUT,TOUCH,01:00:00,FP,05:45:00,null,SI,NO,02:55:00,2,3,1,null,1,23:45:00,00:45:00,23 oct 2026,22 oct 2026,23:45:00,07:00:00,23 oct 2026,07:00:00,23 oct 2026,07:00:00,23 oct 2026,07:15:00,13:00:00,null,3379,0,0,1,0,4,-80.28,-77.12,Este," ",0,0,0,05:45:00,INT,3.888,00:00:00,00:00:00,23 oct 2026,J,INT
162,null,null,LIM,20 oct 2026,23:15:00,22 oct 2026,22:30:00,null,1,22 oct 2026,Oct-2026,2026Q3,LA,2695,MIA,LIM,MIALIM,16:10:00,22:00:00,17:10:00,22:00:00,21:10:00,03:00:00,NO,763,OUT,TOUCH,01:00:00,FP,05:50:00,null,SI,NO,03:00:00,2,3,1,null,1,15:10:00,16:10:00,22 oct 2026,22 oct 2026,15:10:00,22:30:00,22 oct 2026,22:30:00,22 oct 2026,22:30:00,22 oct 2026,07:20:00,13:00:00,null,3349,1,1,0,0,0,-80.28,-77.12,Este,A,0,0,0,05:50:00,INT,3.916,00:00:00,00:00:00,22 oct 2026,J,INT
83,null,null,LIM,6 oct 2026,23:15:00,8 oct 2026,22:30:00,null,1,8 oct 2026,Oct-2026,2026Q3,LA,2695,MIA,LIM,MIALIM,16:10:00,22:00:00,17:10:00,22:00:00,21:10:00,03:00:00,NO,763,OUT,TOUCH,01:00:00,FP,05:50:00,null,SI,NO,03:00:00,2,3,1,null,1,15:10:00,16:10:00,8 oct 2026,8 oct 2026,15:10:00,22:30:00,8 oct 2026,22:30:00,8 oct 2026,22:30:00,8 oct 2026,07:20:00,13:00:00,null,3349,0,0,1,0,3,-80.28,-77.12,Este," ",0,0,0,05:50:00,INT,3.916,00:00:00,00:00:00,8 oct 2026,J,INT
11,null,LA2480290926,LIM,29 sept 2026,23:15:00,1 oct 2026,22:30:00,null,1,1 oct 2026,Oct-2026,2026Q3,LA,2695,MIA,LIM,MIALIM,16:10:00,22:00:00,17:10:00,22:00:00,21:10:00,03:00:00,NO,763,OUT,TOUCH,01:00:00,FP,05:50:00,null,SI,NO,03:00:00,2,3,1,null,1,15:10:00,16:10:00,1 oct 2026,1 oct 2026,15:10:00,22:30:00,1 oct 2026,22:30:00,1 oct 2026,22:30:00,1 oct 2026,07:20:00,13:00:00,null,3349,0,0,1,0,3,-80.28,-77.12,Este," ",0,0,0,05:50:00,INT,3.972,00:00:00,00:00:00,1 oct 2026,J,INT
227,null,null,LIM,20 oct 2026,23:15:00,22 oct 2026,22:30:00,null,1,22 oct 2026,Oct-2026,2026Q3,LA,2695,MIA,LIM,MIALIM,16:10:00,22:00:00,17:10:00,22:00:00,21:10:00,03:00:00,NO,763,OUT,TOUCH,01:00:00,FP,05:50:00,null,SI,NO,03:00:00,2,3,1,null,1,15:10:00,16:10:00,22 oct 2026,22 oct 2026,15:10:00,22:30:00,22 oct 2026,22:30:00,22 oct 2026,22:30:00,22 oct 2026,07:20:00,13:00:00,null,3349,0,0,1,0,3,-80.28,-77.12,Este," ",0,0,0,05:50:00,INT,3.916,00:00:00,00:00:00,22 oct 2026,J,INT
155,null,null,LIM,13 oct 2026,23:15:00,15 oct 2026,22:30:00,null,1,15 oct 2026,Oct-2026,2026Q3,LA,2695,MIA,LIM,MIALIM,16:10:00,22:00:00,17:10:00,22:00:00,21:10:00,03:00:00,NO,763,OUT,TOUCH,01:00:00,FP,05:50:00,null,SI,NO,03:00:00,2,3,1,null,1,15:10:00,16:10:00,15 oct 2026,15 oct 2026,15:10:00,22:30:00,15 oct 2026,22:30:00,15 oct 2026,22:30:00,15 oct 2026,07:20:00,13:00:00,null,3349,0,0,1,0,3,-80.28,-77.12,Este," ",0,0,0,05:50:00,INT,3.916,00:00:00,00:00:00,15 oct 2026,J,INT
105,null,null,LIM,13 oct 2026,07:15:00,16 oct 2026,07:00:00,null,1,16 oct 2026,Oct-2026,2026Q3,LA,2693,MIA,LIM,MIALIM,00:45:00,06:30:00,01:45:00,06:30:00,05:45:00,11:30:00,NO,763,OUT,TOUCH,01:00:00,FP,05:45:00,null,SI,NO,02:55:00,2,4,1,null,1,23:45:00,00:45:00,16 oct 2026,15 oct 2026,23:45:00,07:00:00,16 oct 2026,07:00:00,16 oct 2026,07:00:00,16 oct 2026,07:15:00,13:00:00,null,3346,1,1,0,0,0,-80.28,-77.12,Este,A,0,0,0,05:45:00,INT,2.916,00:00:00,00:00:00,16 oct 2026,J,INT
55,null,null,LIM,6 oct 2026,07:15:00,9 oct 2026,07:00:00,null,1,9 oct 2026,Oct-2026,2026Q3,LA,2693,MIA,LIM,MIALIM,00:45:00,06:30:00,01:45:00,06:30:00,05:45:00,11:30:00,NO,763,OUT,TOUCH,01:00:00,FP,05:45:00,null,SI,NO,02:55:00,2,4,1,null,1,23:45:00,00:45:00,9 oct 2026,8 oct 2026,23:45:00,07:00:00,9 oct 2026,07:00:00,9 oct 2026,07:00:00,9 oct 2026,07:15:00,13:00:00,null,3346,1,1,0,0,0,-80.28,-77.12,Este,A,0,0,0,05:45:00,INT,2.916,00:00:00,00:00:00,9 oct 2026,J,INT
76,null,null,LIM,6 oct 2026,07:15:00,9 oct 2026,07:00:00,null,1,9 oct 2026,Oct-2026,2026Q3,LA,2693,MIA,LIM,MIALIM,00:45:00,06:30:00,01:45:00,06:30:00,05:45:00,11:30:00,NO,763,OUT,TOUCH,01:00:00,FP,05:45:00,null,SI,NO,02:55:00,2,4,1,null,1,23:45:00,00:45:00,9 oct 2026,8 oct 2026,23:45:00,07:00:00,9 oct 2026,07:00:00,9 oct 2026,07:00:00,9 oct 2026,07:15:00,13:00:00,null,3346,0,0,1,0,4,-80.28,-77.12,Este," ",0,0,0,05:45:00,INT,2.916,00:00:00,00:00:00,9 oct 2026,J,INT
147,null,null,LIM,13 oct 2026,07:15:00,16 oct 2026,07:00:00,null,1,16 oct 2026,Oct-2026,2026Q3,LA,2693,MIA,LIM,MIALIM,00:45:00,06:30:00,01:45:00,06:30:00,05:45:00,11:30:00,NO,763,OUT,TOUCH,01:00:00,FP,05:45:00,null,SI,NO,02:55:00,2,4,1,null,1,23:45:00,00:45:00,16 oct 2026,15 oct 2026,23:45:00,07:00:00,16 oct 2026,07:00:00,16 oct 2026,07:00:00,16 oct 2026,07:15:00,13:00:00,null,3346,0,0,1,0,4,-80.28,-77.12,Este," ",0,0,0,05:45:00,INT,2.916,00:00:00,00:00:00,16 oct 2026,J,INT
8,null,LA2694290926,LIM,29 sept 2026,12:30:00,2 oct 2026,07:00:00,null,1,2 oct 2026,Oct-2026,2026Q3,LA,2693,MIA,LIM,MIALIM,00:45:00,06:30:00,01:45:00,06:30:00,05:45:00,11:30:00,NO,763,OUT,TOUCH,01:00:00,FP,05:45:00,null,SI,NO,02:55:00,2,4,1,null,1,23:45:00,00:45:00,2 oct 2026,1 oct 2026,23:45:00,07:00:00,2 oct 2026,07:00:00,2 oct 2026,07:00:00,2 oct 2026,07:15:00,13:00:00,null,3345,0,0,1,0,4,-80.28,-77.12,Este," ",0,0,0,05:45:00,INT,2.958,00:00:00,00:00:00,2 oct 2026,J,INT
6,null,LA2694290926,LIM,29 sept 2026,12:30:00,2 oct 2026,07:00:00,null,1,2 oct 2026,Oct-2026,2026Q3,LA,2693,MIA,LIM,MIALIM,00:45:00,06:30:00,01:45:00,06:30:00,05:45:00,11:30:00,NO,763,OUT,TOUCH,01:00:00,FP,05:45:00,null,SI,NO,02:55:00,2,4,1,null,1,23:45:00,00:45:00,2 oct 2026,1 oct 2026,23:45:00,07:00:00,2 oct 2026,07:00:00,2 oct 2026,07:00:00,2 oct 2026,07:15:00,13:00:00,null,3345,1,1,0,0,0,-80.28,-77.12,Este,A,0,0,0,05:45:00,INT,2.958,00:00:00,00:00:00,2 oct 2026,J,INT
158,null,null,LIM,14 oct 2026,08:25:00,16 oct 2026,23:00:00,null,1,16 oct 2026,Oct-2026,2026Q3,LA,2425,GRU,LIM,GRULIM,17:10:00,22:30:00,19:10:00,22:30:00,22:10:00,03:30:00,NO,763,OUT,TOUCH,01:00:00,FP,05:20:00,null,SI,NO,03:00:00,2,3,1,null,1,16:10:00,18:10:00,16 oct 2026,16 oct 2026,16:10:00,23:00:00,16 oct 2026,23:00:00,16 oct 2026,23:00:00,16 oct 2026,06:50:00,13:00:00,null,3334,0,0,1,0,4,-46.47,-77.12,Oeste," ",0,0,0,05:20:00,INT,3.388,00:00:00,00:00:00,16 oct 2026,J,REG
113,null,null,LIM,14 oct 2026,08:25:00,16 oct 2026,23:00:00,null,1,16 oct 2026,Oct-2026,2026Q3,LA,2425,GRU,LIM,GRULIM,17:10:00,22:30:00,19:10:00,22:30:00,22:10:00,03:30:00,NO,763,OUT,TOUCH,01:00:00,FP,05:20:00,null,SI,NO,03:00:00,2,3,1,null,1,16:10:00,18:10:00,16 oct 2026,16 oct 2026,16:10:00,23:00:00,16 oct 2026,23:00:00,16 oct 2026,23:00:00,16 oct 2026,06:50:00,13:00:00,null,3334,1,1,0,0,0,-46.47,-77.12,Oeste,A,0,0,0,05:20:00,INT,3.388,00:00:00,00:00:00,16 oct 2026,J,REG
138,null,null,LIM,12 oct 2026,07:15:00,13 oct 2026,22:30:00,null,1,13 oct 2026,Oct-2026,2026Q3,LA,2695,MIA,LIM,MIALIM,16:10:00,22:00:00,17:10:00,22:00:00,21:10:00,03:00:00,NO,763,OUT,TOUCH,01:00:00,FP,05:50:00,null,SI,NO,03:00:00,2,2,1,null,1,15:10:00,16:10:00,13 oct 2026,13 oct 2026,15:10:00,22:30:00,13 oct 2026,22:30:00,13 oct 2026,22:30:00,13 oct 2026,07:20:00,13:00:00,null,3332,0,0,1,0,4,-80.28,-77.12,Este," ",0,0,0,05:50:00,INT,5.875,00:00:00,00:00:00,13 oct 2026,J,INT
65,null,null,LIM,5 oct 2026,07:15:00,6 oct 2026,22:30:00,null,1,6 oct 2026,Oct-2026,2026Q3,LA,2695,MIA,LIM,MIALIM,16:10:00,22:00:00,17:10:00,22:00:00,21:10:00,03:00:00,NO,763,OUT,TOUCH,01:00:00,FP,05:50:00,null,SI,NO,03:00:00,2,2,1,null,1,15:10:00,16:10:00,6 oct 2026,6 oct 2026,15:10:00,22:30:00,6 oct 2026,22:30:00,6 oct 2026,22:30:00,6 oct 2026,07:20:00,13:00:00,null,3332,0,0,1,0,4,-80.28,-77.12,Este," ",0,0,0,05:50:00,INT,5.875,00:00:00,00:00:00,6 oct 2026,J,INT
99,null,null,LIM,12 oct 2026,07:15:00,13 oct 2026,22:30:00,null,1,13 oct 2026,Oct-2026,2026Q3,LA,2695,MIA,LIM,MIALIM,16:10:00,22:00:00,17:10:00,22:00:00,21:10:00,03:00:00,NO,763,OUT,TOUCH,01:00:00,FP,05:50:00,null,SI,NO,03:00:00,2,2,1,null,1,15:10:00,16:10:00,13 oct 2026,13 oct 2026,15:10:00,22:30:00,13 oct 2026,22:30:00,13 oct 2026,22:30:00,13 oct 2026,07:20:00,13:00:00,null,3332,1,1,0,0,0,-80.28,-77.12,Este,A,0,0,0,05:50:00,INT,5.875,00:00:00,00:00:00,13 oct 2026,J,INT
47,null,null,LIM,5 oct 2026,07:15:00,6 oct 2026,22:30:00,null,1,6 oct 2026,Oct-2026,2026Q3,LA,2695,MIA,LIM,MIALIM,16:10:00,22:00:00,17:10:00,22:00:00,21:10:00,03:00:00,NO,763,OUT,TOUCH,01:00:00,FP,05:50:00,null,SI,NO,03:00:00,2,2,1,null,1,15:10:00,16:10:00,6 oct 2026,6 oct 2026,15:10:00,22:30:00,6 oct 2026,22:30:00,6 oct 2026,22:30:00,6 oct 2026,07:20:00,13:00:00,null,3332,1,1,0,0,0,-80.28,-77.12,Este,A,0,0,0,05:50:00,INT,5.875,00:00:00,00:00:00,6 oct 2026,J,INT
89,null,null,LIM,7 oct 2026,12:30:00,9 oct 2026,23:00:00,null,1,9 oct 2026,Oct-2026,2026Q3,LA,2425,GRU,LIM,GRULIM,17:10:00,22:30:00,19:10:00,22:30:00,22:10:00,03:30:00,NO,763,OUT,TOUCH,01:00:00,FP,05:20:00,null,SI,NO,03:00:00,2,3,1,null,1,16:10:00,18:10:00,9 oct 2026,9 oct 2026,16:10:00,23:00:00,9 oct 2026,23:00:00,9 oct 2026,23:00:00,9 oct 2026,06:50:00,13:00:00,null,3315,0,0,1,0,4,-46.47,-77.12,Oeste," ",0,0,0,05:20:00,INT,3.333,00:00:00,00:00:00,9 oct 2026,J,REG
28,null,null,LIM,2 oct 2026,12:30:00,4 oct 2026,23:00:00,null,1,4 oct 2026,Oct-2026,2026Q3,LA,2425,GRU,LIM,GRULIM,17:10:00,22:30:00,19:10:00,22:30:00,22:10:00,03:30:00,NO,763,OUT,TOUCH,01:00:00,FP,05:20:00,null,SI,NO,03:00:00,2,3,1,null,1,16:10:00,18:10:00,4 oct 2026,4 oct 2026,16:10:00,23:00:00,4 oct 2026,23:00:00,4 oct 2026,23:00:00,4 oct 2026,06:50:00,13:00:00,null,3315,1,1,0,0,0,-46.47,-77.12,Oeste,A,0,0,0,05:20:00,INT,3.333,00:00:00,00:00:00,4 oct 2026,J,REG
38,null,null,LIM,2 oct 2026,12:30:00,4 oct 2026,23:00:00,null,1,4 oct 2026,Oct-2026,2026Q3,LA,2425,GRU,LIM,GRULIM,17:10:00,22:30:00,19:10:00,22:30:00,22:10:00,03:30:00,NO,763,OUT,TOUCH,01:00:00,FP,05:20:00,null,SI,NO,03:00:00,2,3,1,null,1,16:10:00,18:10:00,4 oct 2026,4 oct 2026,16:10:00,23:00:00,4 oct 2026,23:00:00,4 oct 2026,23:00:00,4 oct 2026,06:50:00,13:00:00,null,3315,0,0,1,0,4,-46.47,-77.12,Oeste," ",0,0,0,05:20:00,INT,3.333,00:00:00,00:00:00,4 oct 2026,J,REG
64,null,null,LIM,7 oct 2026,12:30:00,9 oct 2026,23:00:00,null,1,9 oct 2026,Oct-2026,2026Q3,LA,2425,GRU,LIM,GRULIM,17:10:00,22:30:00,19:10:00,22:30:00,22:10:00,03:30:00,NO,763,OUT,TOUCH,01:00:00,FP,05:20:00,null,SI,NO,03:00:00,2,3,1,null,1,16:10:00,18:10:00,9 oct 2026,9 oct 2026,16:10:00,23:00:00,9 oct 2026,23:00:00,9 oct 2026,23:00:00,9 oct 2026,06:50:00,13:00:00,null,3315,1,1,0,0,0,-46.47,-77.12,Oeste,A,0,0,0,05:20:00,INT,3.333,00:00:00,00:00:00,9 oct 2026,J,REG
213,null,null,LIM,19 oct 2026,12:30:00,20 oct 2026,22:30:00,null,1,20 oct 2026,Oct-2026,2026Q3,LA,2695,MIA,LIM,MIALIM,16:10:00,22:00:00,17:10:00,22:00:00,21:10:00,03:00:00,NO,763,OUT,TOUCH,01:00:00,FP,05:50:00,null,SI,NO,03:00:00,2,2,1,null,1,15:10:00,16:10:00,20 oct 2026,20 oct 2026,15:10:00,22:30:00,20 oct 2026,22:30:00,20 oct 2026,22:30:00,20 oct 2026,07:20:00,13:00:00,null,3314,0,0,1,0,4,-80.28,-77.12,Este," ",0,0,0,05:50:00,INT,5.875,00:00:00,00:00:00,20 oct 2026,J,INT
182,null,null,LIM,23 oct 2026,12:30:00,24 oct 2026,22:30:00,null,1,24 oct 2026,Oct-2026,2026Q3,LA,2695,MIA,LIM,MIALIM,16:10:00,22:00:00,17:10:00,22:00:00,21:10:00,03:00:00,NO,763,OUT,TOUCH,01:00:00,FP,05:50:00,null,SI,NO,03:00:00,2,2,1,null,1,15:10:00,16:10:00,24 oct 2026,24 oct 2026,15:10:00,22:30:00,24 oct 2026,22:30:00,24 oct 2026,22:30:00,24 oct 2026,07:20:00,13:00:00,null,3314,1,1,0,0,0,-80.28,-77.12,Este,A,0,0,0,05:50:00,INT,5.875,00:00:00,00:00:00,24 oct 2026,J,INT
37,null,null,LIM,2 oct 2026,12:30:00,3 oct 2026,22:30:00,null,1,3 oct 2026,Oct-2026,2026Q3,LA,2695,MIA,LIM,MIALIM,16:10:00,22:00:00,17:10:00,22:00:00,21:10:00,03:00:00,NO,763,OUT,TOUCH,01:00:00,FP,05:50:00,null,SI,NO,03:00:00,2,2,1,null,1,15:10:00,16:10:00,3 oct 2026,3 oct 2026,15:10:00,22:30:00,3 oct 2026,22:30:00,3 oct 2026,22:30:00,3 oct 2026,07:20:00,13:00:00,null,3314,0,0,1,0,4,-80.28,-77.12,Este," ",0,0,0,05:50:00,INT,5.875,00:00:00,00:00:00,3 oct 2026,J,INT
27,null,null,LIM,2 oct 2026,12:30:00,3 oct 2026,22:30:00,null,1,3 oct 2026,Oct-2026,2026Q3,LA,2695,MIA,LIM,MIALIM,16:10:00,22:00:00,17:10:00,22:00:00,21:10:00,03:00:00,NO,763,OUT,TOUCH,01:00:00,FP,05:50:00,null,SI,NO,03:00:00,2,2,1,null,1,15:10:00,16:10:00,3 oct 2026,3 oct 2026,15:10:00,22:30:00,3 oct 2026,22:30:00,3 oct 2026,22:30:00,3 oct 2026,07:20:00,13:00:00,null,3314,1,1,0,0,0,-80.28,-77.12,Este,A,0,0,0,05:50:00,INT,5.875,00:00:00,00:00:00,3 oct 2026,J,INT
152,null,null,LIM,19 oct 2026,12:30:00,20 oct 2026,22:30:00,null,1,20 oct 2026,Oct-2026,2026Q3,LA,2695,MIA,LIM,MIALIM,16:10:00,22:00:00,17:10:00,22:00:00,21:10:00,03:00:00,NO,763,OUT,TOUCH,01:00:00,FP,05:50:00,null,SI,NO,03:00:00,2,2,1,null,1,15:10:00,16:10:00,20 oct 2026,20 oct 2026,15:10:00,22:30:00,20 oct 2026,22:30:00,20 oct 2026,22:30:00,20 oct 2026,07:20:00,13:00:00,null,3314,1,1,0,0,0,-80.28,-77.12,Este,A,0,0,0,05:50:00,INT,5.875,00:00:00,00:00:00,20 oct 2026,J,INT
255,null,null,LIM,23 oct 2026,12:30:00,24 oct 2026,22:30:00,null,1,24 oct 2026,Oct-2026,2026Q3,LA,2695,MIA,LIM,MIALIM,16:10:00,22:00:00,17:10:00,22:00:00,21:10:00,03:00:00,NO,763,OUT,TOUCH,01:00:00,FP,05:50:00,null,SI,NO,03:00:00,2,2,1,null,1,15:10:00,16:10:00,24 oct 2026,24 oct 2026,15:10:00,22:30:00,24 oct 2026,22:30:00,24 oct 2026,22:30:00,24 oct 2026,07:20:00,13:00:00,null,3314,0,0,1,0,4,-80.28,-77.12,Este," ",0,0,0,05:50:00,INT,5.875,00:00:00,00:00:00,24 oct 2026,J,INT
36,3,null,LIM,3 oct 2026,12:30:00,5 oct 2026,22:30:00,1,null,3 oct 2026,Oct-2026,2026Q3,LA,2694,LIM,MIA,LIMMIA,13:30:00,19:25:00,13:30:00,20:25:00,18:30:00,00:25:00,NO,763,BASE,NO,01:00:00,FP,05:55:00,null,SI,NO,03:00:00,1,1,1,null,1,12:30:00,12:30:00,3 oct 2026,3 oct 2026,12:30:00,20:55:00,3 oct 2026,19:55:00,3 oct 2026,19:55:00,3 oct 2026,07:25:00,13:00:00,43:15:00,3280,1,1,0,0,0,-77.12,-80.28,Oeste,A,0,0,0,05:55:00,INT,3.916,00:00:00,00:00:00,3 oct 2026,J,INT
224,3,null,LIM,20 oct 2026,12:30:00,22 oct 2026,05:30:00,1,null,20 oct 2026,Oct-2026,2026Q3,LA,2694,LIM,MIA,LIMMIA,13:30:00,19:25:00,13:30:00,20:25:00,18:30:00,00:25:00,NO,763,BASE,NO,01:00:00,FP,05:55:00,null,SI,NO,03:00:00,1,1,1,null,1,12:30:00,12:30:00,20 oct 2026,20 oct 2026,12:30:00,20:55:00,20 oct 2026,19:55:00,20 oct 2026,19:55:00,20 oct 2026,07:25:00,13:00:00,26:20:00,3280,0,0,1,0,4,-77.12,-80.28,Oeste," ",0,0,0,05:55:00,INT,3.888,00:00:00,00:00:00,20 oct 2026,J,INT
37,2,null,LIM,2 oct 2026,12:30:00,3 oct 2026,22:30:00,1,null,2 oct 2026,Oct-2026,2026Q3,LA,2694,LIM,MIA,LIMMIA,13:30:00,19:25:00,13:30:00,20:25:00,18:30:00,00:25:00,NO,763,BASE,NO,01:00:00,FP,05:55:00,null,SI,NO,03:00:00,1,1,1,null,1,12:30:00,12:30:00,2 oct 2026,2 oct 2026,12:30:00,20:55:00,2 oct 2026,19:55:00,2 oct 2026,19:55:00,2 oct 2026,07:25:00,13:00:00,19:15:00,3280,0,0,1,0,4,-77.12,-80.28,Oeste," ",0,0,0,05:55:00,INT,5.875,00:00:00,00:00:00,2 oct 2026,J,INT
152,2,null,LIM,19 oct 2026,12:30:00,20 oct 2026,22:30:00,1,null,19 oct 2026,Oct-2026,2026Q3,LA,2694,LIM,MIA,LIMMIA,13:30:00,19:25:00,13:30:00,20:25:00,18:30:00,00:25:00,NO,763,BASE,NO,01:00:00,FP,05:55:00,null,SI,NO,03:00:00,1,1,1,null,1,12:30:00,12:30:00,19 oct 2026,19 oct 2026,12:30:00,20:55:00,19 oct 2026,19:55:00,19 oct 2026,19:55:00,19 oct 2026,07:25:00,13:00:00,19:15:00,3280,1,1,0,0,0,-77.12,-80.28,Oeste,A,0,0,0,05:55:00,INT,5.875,00:00:00,00:00:00,19 oct 2026,J,INT
308,2,null,LIM,28 oct 2026,12:30:00,29 oct 2026,23:00:00,1,null,28 oct 2026,Oct-2026,2026Q3,LA,2694,LIM,MIA,LIMMIA,13:30:00,19:25:00,13:30:00,20:25:00,18:30:00,00:25:00,NO,763,BASE,NO,01:00:00,FP,05:55:00,null,SI,NO,03:00:00,1,1,1,null,1,12:30:00,12:30:00,28 oct 2026,28 oct 2026,12:30:00,20:55:00,28 oct 2026,19:55:00,28 oct 2026,19:55:00,28 oct 2026,07:25:00,13:00:00,19:50:00,3280,0,0,1,0,4,-77.12,-80.28,Oeste," ",0,0,0,05:55:00,INT,2.958,00:00:00,00:00:00,28 oct 2026,J,INT
87,4,null,LIM,10 oct 2026,12:30:00,13 oct 2026,05:30:00,1,null,10 oct 2026,Oct-2026,2026Q3,LA,2694,LIM,MIA,LIMMIA,13:30:00,19:25:00,13:30:00,20:25:00,18:30:00,00:25:00,NO,763,BASE,NO,01:00:00,FP,05:55:00,null,SI,NO,03:00:00,1,1,1,null,1,12:30:00,12:30:00,10 oct 2026,10 oct 2026,12:30:00,20:55:00,10 oct 2026,19:55:00,10 oct 2026,19:55:00,10 oct 2026,07:25:00,13:00:00,50:20:00,3280,1,1,0,0,0,-77.12,-80.28,Oeste,A,0,0,0,05:55:00,INT,2.916,00:00:00,00:00:00,10 oct 2026,J,INT
172,3,null,LIM,15 oct 2026,12:30:00,17 oct 2026,22:30:00,1,null,15 oct 2026,Oct-2026,2026Q3,LA,2694,LIM,MIA,LIMMIA,13:30:00,19:25:00,13:30:00,20:25:00,18:30:00,00:25:00,NO,763,BASE,NO,01:00:00,FP,05:55:00,null,SI,NO,03:00:00,1,1,1,null,1,12:30:00,12:30:00,15 oct 2026,15 oct 2026,12:30:00,20:55:00,15 oct 2026,19:55:00,15 oct 2026,19:55:00,15 oct 2026,07:25:00,13:00:00,43:15:00,3280,0,0,1,0,4,-77.12,-80.28,Oeste," ",0,0,0,05:55:00,INT,3.916,00:00:00,00:00:00,15 oct 2026,J,INT
339,3,null,LIM,31 oct 2026,12:30:00,2 nov 2026,05:30:00,1,null,31 oct 2026,Oct-2026,2026Q3,LA,2694,LIM,MIA,LIMMIA,13:30:00,19:25:00,13:30:00,20:25:00,18:30:00,00:25:00,NO,763,BASE,NO,01:00:00,FP,05:55:00,null,SI,NO,03:00:00,1,1,1,null,1,12:30:00,12:30:00,31 oct 2026,31 oct 2026,12:30:00,20:55:00,31 oct 2026,19:55:00,31 oct 2026,19:55:00,31 oct 2026,07:25:00,13:00:00,26:15:00,3280,0,0,1,0,4,-77.12,-80.28,Oeste," ",0,0,0,05:55:00,INT,3.916,00:00:00,00:00:00,31 oct 2026,J,INT
138,3,null,LIM,17 oct 2026,12:30:00,19 oct 2026,22:30:00,1,null,17 oct 2026,Oct-2026,2026Q3,LA,2694,LIM,MIA,LIMMIA,13:30:00,19:25:00,13:30:00,20:25:00,18:30:00,00:25:00,NO,763,BASE,NO,01:00:00,FP,05:55:00,null,SI,NO,03:00:00,1,1,1,null,1,12:30:00,12:30:00,17 oct 2026,17 oct 2026,12:30:00,20:55:00,17 oct 2026,19:55:00,17 oct 2026,19:55:00,17 oct 2026,07:25:00,13:00:00,43:15:00,3280,1,1,0,0,0,-77.12,-80.28,Oeste,A,0,0,0,05:55:00,INT,3.916,00:00:00,00:00:00,17 oct 2026,J,INT
150,4,null,LIM,13 oct 2026,12:30:00,16 oct 2026,05:30:00,1,null,13 oct 2026,Oct-2026,2026Q3,LA,2694,LIM,MIA,LIMMIA,13:30:00,19:25:00,13:30:00,20:25:00,18:30:00,00:25:00,NO,763,BASE,NO,01:00:00,FP,05:55:00,null,SI,NO,03:00:00,1,1,1,null,1,12:30:00,12:30:00,13 oct 2026,13 oct 2026,12:30:00,20:55:00,13 oct 2026,19:55:00,13 oct 2026,19:55:00,13 oct 2026,07:25:00,13:00:00,50:20:00,3280,0,0,1,0,4,-77.12,-80.28,Oeste," ",0,0,0,05:55:00,INT,2.916,00:00:00,00:00:00,13 oct 2026,J,INT
277,4,null,LIM,25 oct 2026,12:30:00,28 oct 2026,05:30:00,1,null,25 oct 2026,Oct-2026,2026Q3,LA,2694,LIM,MIA,LIMMIA,13:30:00,19:25:00,13:30:00,20:25:00,18:30:00,00:25:00,NO,763,BASE,NO,01:00:00,FP,05:55:00,null,SI,NO,03:00:00,1,1,1,null,1,12:30:00,12:30:00,25 oct 2026,25 oct 2026,12:30:00,20:55:00,25 oct 2026,19:55:00,25 oct 2026,19:55:00,25 oct 2026,07:25:00,13:00:00,50:15:00,3280,0,0,1,0,4,-77.12,-80.28,Oeste," ",0,0,0,05:55:00,INT,2.937,00:00:00,00:00:00,25 oct 2026,J,INT
69,3,null,LIM,5 oct 2026,12:30:00,7 oct 2026,05:30:00,1,null,5 oct 2026,Oct-2026,2026Q3,LA,2694,LIM,MIA,LIMMIA,13:30:00,19:25:00,13:30:00,20:25:00,18:30:00,00:25:00,NO,763,BASE,NO,01:00:00,FP,05:55:00,null,SI,NO,03:00:00,1,1,1,null,1,12:30:00,12:30:00,5 oct 2026,5 oct 2026,12:30:00,20:55:00,5 oct 2026,19:55:00,5 oct 2026,19:55:00,5 oct 2026,07:25:00,13:00:00,26:20:00,3280,0,0,1,0,4,-77.12,-80.28,Oeste," ",0,0,0,05:55:00,INT,3.888,00:00:00,00:00:00,5 oct 2026,J,INT
27,2,null,LIM,2 oct 2026,12:30:00,3 oct 2026,22:30:00,1,null,2 oct 2026,Oct-2026,2026Q3,LA,2694,LIM,MIA,LIMMIA,13:30:00,19:25:00,13:30:00,20:25:00,18:30:00,00:25:00,NO,763,BASE,NO,01:00:00,FP,05:55:00,null,SI,NO,03:00:00,1,1,1,null,1,12:30:00,12:30:00,2 oct 2026,2 oct 2026,12:30:00,20:55:00,2 oct 2026,19:55:00,2 oct 2026,19:55:00,2 oct 2026,07:25:00,13:00:00,19:15:00,3280,1,1,0,0,0,-77.12,-80.28,Oeste,A,0,0,0,05:55:00,INT,5.875,00:00:00,00:00:00,2 oct 2026,J,INT
79,4,null,LIM,6 oct 2026,12:30:00,9 oct 2026,05:30:00,1,null,6 oct 2026,Oct-2026,2026Q3,LA,2694,LIM,MIA,LIMMIA,13:30:00,19:25:00,13:30:00,20:25:00,18:30:00,00:25:00,NO,763,BASE,NO,01:00:00,FP,05:55:00,null,SI,NO,03:00:00,1,1,1,null,1,12:30:00,12:30:00,6 oct 2026,6 oct 2026,12:30:00,20:55:00,6 oct 2026,19:55:00,6 oct 2026,19:55:00,6 oct 2026,07:25:00,13:00:00,50:20:00,3280,0,0,1,0,4,-77.12,-80.28,Oeste," ",0,0,0,05:55:00,INT,2.916,00:00:00,00:00:00,6 oct 2026,J,INT
206,4,null,LIM,26 oct 2026,12:30:00,29 oct 2026,05:30:00,1,null,26 oct 2026,Oct-2026,2026Q3,LA,2694,LIM,MIA,LIMMIA,13:30:00,19:25:00,13:30:00,20:25:00,18:30:00,00:25:00,NO,763,BASE,NO,01:00:00,FP,05:55:00,null,SI,NO,03:00:00,1,1,1,null,1,12:30:00,12:30:00,26 oct 2026,26 oct 2026,12:30:00,20:55:00,26 oct 2026,19:55:00,26 oct 2026,19:55:00,26 oct 2026,07:25:00,13:00:00,50:15:00,3280,1,1,0,0,0,-77.12,-80.28,Oeste,A,0,0,0,05:55:00,INT,2.937,00:00:00,00:00:00,26 oct 2026,J,INT
121,4,null,LIM,10 oct 2026,12:30:00,13 oct 2026,05:30:00,1,null,10 oct 2026,Oct-2026,2026Q3,LA,2694,LIM,MIA,LIMMIA,13:30:00,19:25:00,13:30:00,20:25:00,18:30:00,00:25:00,NO,763,BASE,NO,01:00:00,FP,05:55:00,null,SI,NO,03:00:00,1,1,1,null,1,12:30:00,12:30:00,10 oct 2026,10 oct 2026,12:30:00,20:55:00,10 oct 2026,19:55:00,10 oct 2026,19:55:00,10 oct 2026,07:25:00,13:00:00,50:20:00,3280,0,0,1,0,4,-77.12,-80.28,Oeste," ",0,0,0,05:55:00,INT,2.916,00:00:00,00:00:00,10 oct 2026,J,INT
160,3,null,LIM,20 oct 2026,12:30:00,22 oct 2026,05:30:00,1,null,20 oct 2026,Oct-2026,2026Q3,LA,2694,LIM,MIA,LIMMIA,13:30:00,19:25:00,13:30:00,20:25:00,18:30:00,00:25:00,NO,763,BASE,NO,01:00:00,FP,05:55:00,null,SI,NO,03:00:00,1,1,1,null,1,12:30:00,12:30:00,20 oct 2026,20 oct 2026,12:30:00,20:55:00,20 oct 2026,19:55:00,20 oct 2026,19:55:00,20 oct 2026,07:25:00,13:00:00,26:20:00,3280,1,1,0,0,0,-77.12,-80.28,Oeste,A,0,0,0,05:55:00,INT,3.888,00:00:00,00:00:00,20 oct 2026,J,INT
242,3,null,LIM,31 oct 2026,12:30:00,2 nov 2026,05:30:00,1,null,31 oct 2026,Oct-2026,2026Q3,LA,2694,LIM,MIA,LIMMIA,13:30:00,19:25:00,13:30:00,20:25:00,18:30:00,00:25:00,NO,763,BASE,NO,01:00:00,FP,05:55:00,null,SI,NO,03:00:00,1,1,1,null,1,12:30:00,12:30:00,31 oct 2026,31 oct 2026,12:30:00,20:55:00,31 oct 2026,19:55:00,31 oct 2026,19:55:00,31 oct 2026,07:25:00,13:00:00,26:15:00,3280,1,1,0,0,0,-77.12,-80.28,Oeste,A,0,0,0,05:55:00,INT,3.916,00:00:00,00:00:00,31 oct 2026,J,INT
72,3,null,LIM,8 oct 2026,12:30:00,10 oct 2026,22:30:00,1,null,8 oct 2026,Oct-2026,2026Q3,LA,2694,LIM,MIA,LIMMIA,13:30:00,19:25:00,13:30:00,20:25:00,18:30:00,00:25:00,NO,763,BASE,NO,01:00:00,FP,05:55:00,null,SI,NO,03:00:00,1,1,1,null,1,12:30:00,12:30:00,8 oct 2026,8 oct 2026,12:30:00,20:55:00,8 oct 2026,19:55:00,8 oct 2026,19:55:00,8 oct 2026,07:25:00,13:00:00,43:15:00,3280,1,1,0,0,0,-77.12,-80.28,Oeste,A,0,0,0,05:55:00,INT,3.916,00:00:00,00:00:00,8 oct 2026,J,INT
50,3,null,LIM,5 oct 2026,12:30:00,7 oct 2026,05:30:00,1,null,5 oct 2026,Oct-2026,2026Q3,LA,2694,LIM,MIA,LIMMIA,13:30:00,19:25:00,13:30:00,20:25:00,18:30:00,00:25:00,NO,763,BASE,NO,01:00:00,FP,05:55:00,null,SI,NO,03:00:00,1,1,1,null,1,12:30:00,12:30:00,5 oct 2026,5 oct 2026,12:30:00,20:55:00,5 oct 2026,19:55:00,5 oct 2026,19:55:00,5 oct 2026,07:25:00,13:00:00,26:20:00,3280,1,1,0,0,0,-77.12,-80.28,Oeste,A,0,0,0,05:55:00,INT,3.888,00:00:00,00:00:00,5 oct 2026,J,INT
100,3,null,LIM,8 oct 2026,12:30:00,10 oct 2026,22:30:00,1,null,8 oct 2026,Oct-2026,2026Q3,LA,2694,LIM,MIA,LIMMIA,13:30:00,19:25:00,13:30:00,20:25:00,18:30:00,00:25:00,NO,763,BASE,NO,01:00:00,FP,05:55:00,null,SI,NO,03:00:00,1,1,1,null,1,12:30:00,12:30:00,8 oct 2026,8 oct 2026,12:30:00,20:55:00,8 oct 2026,19:55:00,8 oct 2026,19:55:00,8 oct 2026,07:25:00,13:00:00,43:15:00,3280,0,0,1,0,4,-77.12,-80.28,Oeste," ",0,0,0,05:55:00,INT,3.916,00:00:00,00:00:00,8 oct 2026,J,INT
20,4,null,LIM,1 oct 2026,12:30:00,4 oct 2026,05:30:00,1,null,1 oct 2026,Oct-2026,2026Q3,LA,2694,LIM,MIA,LIMMIA,13:30:00,19:25:00,13:30:00,20:25:00,18:30:00,00:25:00,NO,763,BASE,NO,01:00:00,FP,05:55:00,null,SI,NO,03:00:00,1,1,1,null,1,12:30:00,12:30:00,1 oct 2026,1 oct 2026,12:30:00,20:55:00,1 oct 2026,19:55:00,1 oct 2026,19:55:00,1 oct 2026,07:25:00,13:00:00,50:20:00,3280,1,1,0,0,0,-77.12,-80.28,Oeste,A,0,0,0,05:55:00,INT,2.916,00:00:00,00:00:00,1 oct 2026,J,INT
182,2,null,LIM,23 oct 2026,12:30:00,24 oct 2026,22:30:00,1,null,23 oct 2026,Oct-2026,2026Q3,LA,2694,LIM,MIA,LIMMIA,13:30:00,19:25:00,13:30:00,20:25:00,18:30:00,00:25:00,NO,763,BASE,NO,01:00:00,FP,05:55:00,null,SI,NO,03:00:00,1,1,1,null,1,12:30:00,12:30:00,23 oct 2026,23 oct 2026,12:30:00,20:55:00,23 oct 2026,19:55:00,23 oct 2026,19:55:00,23 oct 2026,07:25:00,13:00:00,19:15:00,3280,1,1,0,0,0,-77.12,-80.28,Oeste,A,0,0,0,05:55:00,INT,5.875,00:00:00,00:00:00,23 oct 2026,J,INT
255,2,null,LIM,23 oct 2026,12:30:00,24 oct 2026,22:30:00,1,null,23 oct 2026,Oct-2026,2026Q3,LA,2694,LIM,MIA,LIMMIA,13:30:00,19:25:00,13:30:00,20:25:00,18:30:00,00:25:00,NO,763,BASE,NO,01:00:00,FP,05:55:00,null,SI,NO,03:00:00,1,1,1,null,1,12:30:00,12:30:00,23 oct 2026,23 oct 2026,12:30:00,20:55:00,23 oct 2026,19:55:00,23 oct 2026,19:55:00,23 oct 2026,07:25:00,13:00:00,19:15:00,3280,0,0,1,0,4,-77.12,-80.28,Oeste," ",0,0,0,05:55:00,INT,5.875,00:00:00,00:00:00,23 oct 2026,J,INT
49,3,null,LIM,3 oct 2026,12:30:00,5 oct 2026,22:30:00,1,null,3 oct 2026,Oct-2026,2026Q3,LA,2694,LIM,MIA,LIMMIA,13:30:00,19:25:00,13:30:00,20:25:00,18:30:00,00:25:00,NO,763,BASE,NO,01:00:00,FP,05:55:00,null,SI,NO,03:00:00,1,1,1,null,1,12:30:00,12:30:00,3 oct 2026,3 oct 2026,12:30:00,20:55:00,3 oct 2026,19:55:00,3 oct 2026,19:55:00,3 oct 2026,07:25:00,13:00:00,43:15:00,3280,0,0,1,0,4,-77.12,-80.28,Oeste," ",0,0,0,05:55:00,INT,3.916,00:00:00,00:00:00,3 oct 2026,J,INT
167,3,null,LIM,21 oct 2026,12:30:00,23 oct 2026,07:00:00,1,null,21 oct 2026,Oct-2026,2026Q3,LA,2694,LIM,MIA,LIMMIA,13:30:00,19:25:00,13:30:00,20:25:00,18:30:00,00:25:00,NO,763,BASE,NO,01:00:00,FP,05:55:00,null,SI,NO,03:00:00,1,1,1,null,1,12:30:00,12:30:00,21 oct 2026,21 oct 2026,12:30:00,20:55:00,21 oct 2026,19:55:00,21 oct 2026,19:55:00,21 oct 2026,07:25:00,13:00:00,27:50:00,3280,1,1,0,0,0,-77.12,-80.28,Oeste,A,0,0,0,05:55:00,INT,3.888,00:00:00,00:00:00,21 oct 2026,J,INT
101,3,null,LIM,12 oct 2026,12:30:00,14 oct 2026,05:30:00,1,null,12 oct 2026,Oct-2026,2026Q3,LA,2694,LIM,MIA,LIMMIA,13:30:00,19:25:00,13:30:00,20:25:00,18:30:00,00:25:00,NO,763,BASE,NO,01:00:00,FP,05:55:00,null,SI,NO,03:00:00,1,1,1,null,1,12:30:00,12:30:00,12 oct 2026,12 oct 2026,12:30:00,20:55:00,12 oct 2026,19:55:00,12 oct 2026,19:55:00,12 oct 2026,07:25:00,13:00:00,26:20:00,3280,1,1,0,0,0,-77.12,-80.28,Oeste,A,0,0,0,05:55:00,INT,3.888,00:00:00,00:00:00,12 oct 2026,J,INT
27,4,null,LIM,1 oct 2026,12:30:00,4 oct 2026,05:30:00,1,null,1 oct 2026,Oct-2026,2026Q3,LA,2694,LIM,MIA,LIMMIA,13:30:00,19:25:00,13:30:00,20:25:00,18:30:00,00:25:00,NO,763,BASE,NO,01:00:00,FP,05:55:00,null,SI,NO,03:00:00,1,1,1,null,1,12:30:00,12:30:00,1 oct 2026,1 oct 2026,12:30:00,20:55:00,1 oct 2026,19:55:00,1 oct 2026,19:55:00,1 oct 2026,07:25:00,13:00:00,50:20:00,3280,0,0,1,0,4,-77.12,-80.28,Oeste," ",0,0,0,05:55:00,INT,2.916,00:00:00,00:00:00,1 oct 2026,J,INT
234,3,null,LIM,21 oct 2026,12:30:00,23 oct 2026,07:00:00,1,null,21 oct 2026,Oct-2026,2026Q3,LA,2694,LIM,MIA,LIMMIA,13:30:00,19:25:00,13:30:00,20:25:00,18:30:00,00:25:00,NO,763,BASE,NO,01:00:00,FP,05:55:00,null,SI,NO,03:00:00,1,1,1,null,1,12:30:00,12:30:00,21 oct 2026,21 oct 2026,12:30:00,20:55:00,21 oct 2026,19:55:00,21 oct 2026,19:55:00,21 oct 2026,07:25:00,13:00:00,27:50:00,3280,0,0,1,0,4,-77.12,-80.28,Oeste," ",0,0,0,05:55:00,INT,3.888,00:00:00,00:00:00,21 oct 2026,J,INT
220,2,null,LIM,28 oct 2026,12:30:00,29 oct 2026,23:00:00,1,null,28 oct 2026,Oct-2026,2026Q3,LA,2694,LIM,MIA,LIMMIA,13:30:00,19:25:00,13:30:00,20:25:00,18:30:00,00:25:00,NO,763,BASE,NO,01:00:00,FP,05:55:00,null,SI,NO,03:00:00,1,1,1,null,1,12:30:00,12:30:00,28 oct 2026,28 oct 2026,12:30:00,20:55:00,28 oct 2026,19:55:00,28 oct 2026,19:55:00,28 oct 2026,07:25:00,13:00:00,19:50:00,3280,1,1,0,0,0,-77.12,-80.28,Oeste,A,0,0,0,05:55:00,INT,5.833,00:00:00,00:00:00,28 oct 2026,J,INT
288,4,null,LIM,26 oct 2026,12:30:00,29 oct 2026,05:30:00,1,null,26 oct 2026,Oct-2026,2026Q3,LA,2694,LIM,MIA,LIMMIA,13:30:00,19:25:00,13:30:00,20:25:00,18:30:00,00:25:00,NO,763,BASE,NO,01:00:00,FP,05:55:00,null,SI,NO,03:00:00,1,1,1,null,1,12:30:00,12:30:00,26 oct 2026,26 oct 2026,12:30:00,20:55:00,26 oct 2026,19:55:00,26 oct 2026,19:55:00,26 oct 2026,07:25:00,13:00:00,50:15:00,3280,0,0,1,0,4,-77.12,-80.28,Oeste," ",0,0,0,05:55:00,INT,2.937,00:00:00,00:00:00,26 oct 2026,J,INT
141,3,null,LIM,12 oct 2026,12:30:00,14 oct 2026,05:30:00,1,null,12 oct 2026,Oct-2026,2026Q3,LA,2694,LIM,MIA,LIMMIA,13:30:00,19:25:00,13:30:00,20:25:00,18:30:00,00:25:00,NO,763,BASE,NO,01:00:00,FP,05:55:00,null,SI,NO,03:00:00,1,1,1,null,1,12:30:00,12:30:00,12 oct 2026,12 oct 2026,12:30:00,20:55:00,12 oct 2026,19:55:00,12 oct 2026,19:55:00,12 oct 2026,07:25:00,13:00:00,26:20:00,3280,0,0,1,0,4,-77.12,-80.28,Oeste," ",0,0,0,05:55:00,INT,3.888,00:00:00,00:00:00,12 oct 2026,J,INT
213,4,null,LIM,27 oct 2026,12:30:00,30 oct 2026,06:35:00,1,null,27 oct 2026,Oct-2026,2026Q3,LA,2694,LIM,MIA,LIMMIA,13:30:00,19:25:00,13:30:00,20:25:00,18:30:00,00:25:00,NO,763,BASE,NO,01:00:00,FP,05:55:00,null,SI,NO,03:00:00,1,1,1,null,1,12:30:00,12:30:00,27 oct 2026,27 oct 2026,12:30:00,20:55:00,27 oct 2026,19:55:00,27 oct 2026,19:55:00,27 oct 2026,07:25:00,13:00:00,51:20:00,3280,1,1,0,0,0,-77.12,-80.28,Oeste,A,0,0,0,05:55:00,INT,2.937,00:00:00,00:00:00,27 oct 2026,J,INT
234,3,null,LIM,30 oct 2026,12:30:00,1 nov 2026,05:30:00,1,null,30 oct 2026,Oct-2026,2026Q3,LA,2694,LIM,MIA,LIMMIA,13:30:00,19:25:00,13:30:00,20:25:00,18:30:00,00:25:00,NO,763,BASE,NO,01:00:00,FP,05:55:00,null,SI,NO,03:00:00,1,1,1,null,1,12:30:00,12:30:00,30 oct 2026,30 oct 2026,12:30:00,20:55:00,30 oct 2026,19:55:00,30 oct 2026,19:55:00,30 oct 2026,07:25:00,13:00:00,26:15:00,3280,1,1,0,0,0,-77.12,-80.28,Oeste,A,0,0,0,05:55:00,INT,3.916,00:00:00,00:00:00,30 oct 2026,J,INT
266,3,null,LIM,24 oct 2026,12:30:00,26 oct 2026,05:30:00,1,null,24 oct 2026,Oct-2026,2026Q3,LA,2694,LIM,MIA,LIMMIA,13:30:00,19:25:00,13:30:00,20:25:00,18:30:00,00:25:00,NO,763,BASE,NO,01:00:00,FP,05:55:00,null,SI,NO,03:00:00,1,1,1,null,1,12:30:00,12:30:00,24 oct 2026,24 oct 2026,12:30:00,20:55:00,24 oct 2026,19:55:00,24 oct 2026,19:55:00,24 oct 2026,07:25:00,13:00:00,26:15:00,3280,0,0,1,0,4,-77.12,-80.28,Oeste," ",0,0,0,05:55:00,INT,3.916,00:00:00,00:00:00,24 oct 2026,J,INT
328,3,null,LIM,30 oct 2026,12:30:00,1 nov 2026,05:30:00,1,null,30 oct 2026,Oct-2026,2026Q3,LA,2694,LIM,MIA,LIMMIA,13:30:00,19:25:00,13:30:00,20:25:00,18:30:00,00:25:00,NO,763,BASE,NO,01:00:00,FP,05:55:00,null,SI,NO,03:00:00,1,1,1,null,1,12:30:00,12:30:00,30 oct 2026,30 oct 2026,12:30:00,20:55:00,30 oct 2026,19:55:00,30 oct 2026,19:55:00,30 oct 2026,07:25:00,13:00:00,26:15:00,3280,0,0,1,0,4,-77.12,-80.28,Oeste," ",0,0,0,05:55:00,INT,3.916,00:00:00,00:00:00,30 oct 2026,J,INT
193,3,null,LIM,17 oct 2026,12:30:00,19 oct 2026,22:30:00,1,null,17 oct 2026,Oct-2026,2026Q3,LA,2694,LIM,MIA,LIMMIA,13:30:00,19:25:00,13:30:00,20:25:00,18:30:00,00:25:00,NO,763,BASE,NO,01:00:00,FP,05:55:00,null,SI,NO,03:00:00,1,1,1,null,1,12:30:00,12:30:00,17 oct 2026,17 oct 2026,12:30:00,20:55:00,17 oct 2026,19:55:00,17 oct 2026,19:55:00,17 oct 2026,07:25:00,13:00:00,43:15:00,3280,0,0,1,0,4,-77.12,-80.28,Oeste," ",0,0,0,05:55:00,INT,3.916,00:00:00,00:00:00,17 oct 2026,J,INT
298,4,null,LIM,27 oct 2026,12:30:00,30 oct 2026,06:35:00,1,null,27 oct 2026,Oct-2026,2026Q3,LA,2694,LIM,MIA,LIMMIA,13:30:00,19:25:00,13:30:00,20:25:00,18:30:00,00:25:00,NO,763,BASE,NO,01:00:00,FP,05:55:00,null,SI,NO,03:00:00,1,1,1,null,1,12:30:00,12:30:00,27 oct 2026,27 oct 2026,12:30:00,20:55:00,27 oct 2026,19:55:00,27 oct 2026,19:55:00,27 oct 2026,07:25:00,13:00:00,51:20:00,3280,0,0,1,0,4,-77.12,-80.28,Oeste," ",0,0,0,05:55:00,INT,2.937,00:00:00,00:00:00,27 oct 2026,J,INT
213,2,null,LIM,19 oct 2026,12:30:00,20 oct 2026,22:30:00,1,null,19 oct 2026,Oct-2026,2026Q3,LA,2694,LIM,MIA,LIMMIA,13:30:00,19:25:00,13:30:00,20:25:00,18:30:00,00:25:00,NO,763,BASE,NO,01:00:00,FP,05:55:00,null,SI,NO,03:00:00,1,1,1,null,1,12:30:00,12:30:00,19 oct 2026,19 oct 2026,12:30:00,20:55:00,19 oct 2026,19:55:00,19 oct 2026,19:55:00,19 oct 2026,07:25:00,13:00:00,19:15:00,3280,0,0,1,0,4,-77.12,-80.28,Oeste," ",0,0,0,05:55:00,INT,5.875,00:00:00,00:00:00,19 oct 2026,J,INT
244,4,null,LIM,22 oct 2026,12:30:00,25 oct 2026,04:30:00,1,null,22 oct 2026,Oct-2026,2026Q3,LA,2694,LIM,MIA,LIMMIA,13:30:00,19:25:00,13:30:00,20:25:00,18:30:00,00:25:00,NO,763,BASE,NO,01:00:00,FP,05:55:00,null,SI,NO,03:00:00,1,1,1,null,1,12:30:00,12:30:00,22 oct 2026,22 oct 2026,12:30:00,20:55:00,22 oct 2026,19:55:00,22 oct 2026,19:55:00,22 oct 2026,07:25:00,13:00:00,49:20:00,3280,0,0,1,0,4,-77.12,-80.28,Oeste," ",0,0,0,05:55:00,INT,2.916,00:00:00,00:00:00,22 oct 2026,J,INT
57,3,null,LIM,6 oct 2026,12:30:00,8 oct 2026,22:30:00,1,null,6 oct 2026,Oct-2026,2026Q3,LA,2694,LIM,MIA,LIMMIA,13:30:00,19:25:00,13:30:00,20:25:00,18:30:00,00:25:00,NO,763,BASE,NO,01:00:00,FP,05:55:00,null,SI,NO,03:00:00,1,1,1,null,1,12:30:00,12:30:00,6 oct 2026,6 oct 2026,12:30:00,20:55:00,6 oct 2026,19:55:00,6 oct 2026,19:55:00,6 oct 2026,07:25:00,13:00:00,43:15:00,3280,1,1,0,0,0,-77.12,-80.28,Oeste,A,0,0,0,05:55:00,INT,3.916,00:00:00,00:00:00,6 oct 2026,J,INT
123,3,null,LIM,15 oct 2026,12:30:00,17 oct 2026,22:30:00,1,null,15 oct 2026,Oct-2026,2026Q3,LA,2694,LIM,MIA,LIMMIA,13:30:00,19:25:00,13:30:00,20:25:00,18:30:00,00:25:00,NO,763,BASE,NO,01:00:00,FP,05:55:00,null,SI,NO,03:00:00,1,1,1,null,1,12:30:00,12:30:00,15 oct 2026,15 oct 2026,12:30:00,20:55:00,15 oct 2026,19:55:00,15 oct 2026,19:55:00,15 oct 2026,07:25:00,13:00:00,43:15:00,3280,1,1,0,0,0,-77.12,-80.28,Oeste,A,0,0,0,05:55:00,INT,3.916,00:00:00,00:00:00,15 oct 2026,J,INT
174,4,null,LIM,22 oct 2026,12:30:00,25 oct 2026,04:30:00,1,null,22 oct 2026,Oct-2026,2026Q3,LA,2694,LIM,MIA,LIMMIA,13:30:00,19:25:00,13:30:00,20:25:00,18:30:00,00:25:00,NO,763,BASE,NO,01:00:00,FP,05:55:00,null,SI,NO,03:00:00,1,1,1,null,1,12:30:00,12:30:00,22 oct 2026,22 oct 2026,12:30:00,20:55:00,22 oct 2026,19:55:00,22 oct 2026,19:55:00,22 oct 2026,07:25:00,13:00:00,49:20:00,3280,1,1,0,0,0,-77.12,-80.28,Oeste,A,0,0,0,05:55:00,INT,2.916,00:00:00,00:00:00,22 oct 2026,J,INT
107,3,null,LIM,13 oct 2026,12:30:00,15 oct 2026,22:30:00,1,null,13 oct 2026,Oct-2026,2026Q3,LA,2694,LIM,MIA,LIMMIA,13:30:00,19:25:00,13:30:00,20:25:00,18:30:00,00:25:00,NO,763,BASE,NO,01:00:00,FP,05:55:00,null,SI,NO,03:00:00,1,1,1,null,1,12:30:00,12:30:00,13 oct 2026,13 oct 2026,12:30:00,20:55:00,13 oct 2026,19:55:00,13 oct 2026,19:55:00,13 oct 2026,07:25:00,13:00:00,43:15:00,3280,1,1,0,0,0,-77.12,-80.28,Oeste,A,0,0,0,05:55:00,INT,3.916,00:00:00,00:00:00,13 oct 2026,J,INT
198,4,null,LIM,25 oct 2026,12:30:00,28 oct 2026,05:30:00,1,null,25 oct 2026,Oct-2026,2026Q3,LA,2694,LIM,MIA,LIMMIA,13:30:00,19:25:00,13:30:00,20:25:00,18:30:00,00:25:00,NO,763,BASE,NO,01:00:00,FP,05:55:00,null,SI,NO,03:00:00,1,1,1,null,1,12:30:00,12:30:00,25 oct 2026,25 oct 2026,12:30:00,20:55:00,25 oct 2026,19:55:00,25 oct 2026,19:55:00,25 oct 2026,07:25:00,13:00:00,50:15:00,3280,1,1,0,0,0,-77.12,-80.28,Oeste,A,0,0,0,05:55:00,INT,2.937,00:00:00,00:00:00,25 oct 2026,J,INT
190,3,null,LIM,24 oct 2026,12:30:00,26 oct 2026,05:30:00,1,null,24 oct 2026,Oct-2026,2026Q3,LA,2694,LIM,MIA,LIMMIA,13:30:00,19:25:00,13:30:00,20:25:00,18:30:00,00:25:00,NO,763,BASE,NO,01:00:00,FP,05:55:00,null,SI,NO,03:00:00,1,1,1,null,1,12:30:00,12:30:00,24 oct 2026,24 oct 2026,12:30:00,20:55:00,24 oct 2026,19:55:00,24 oct 2026,19:55:00,24 oct 2026,07:25:00,13:00:00,26:15:00,3280,1,1,0,0,0,-77.12,-80.28,Oeste,A,0,0,0,05:55:00,INT,3.916,00:00:00,00:00:00,24 oct 2026,J,INT
50,3,null,LIM,3 oct 2026,18:55:00,5 oct 2026,01:40:00,1,null,3 oct 2026,Oct-2026,2026Q3,LA,2394,LIM,GRU,LIMGRU,19:55:00,00:35:00,19:55:00,02:35:00,00:55:00,05:35:00,PAX,320,BASE,NO,01:00:00,FP,00:00:00,null,SI,SI,02:10:00,1,1,1,null,1,18:55:00,18:55:00,3 oct 2026,3 oct 2026,18:55:00,03:05:00,4 oct 2026,01:05:00,4 oct 2026,01:05:00,4 oct 2026,06:10:00,13:00:00,17:35:00,3277,0,0,1,0,4,-77.12,-46.47,Este," ",0,0,0,00:00:00,INT,1.833,00:00:00,00:00:00,4 oct 2026,J,REG
108,2,null,LIM,13 oct 2026,18:55:00,14 oct 2026,23:00:00,1,null,13 oct 2026,Oct-2026,2026Q3,LA,2394,LIM,GRU,LIMGRU,19:55:00,00:35:00,19:55:00,02:35:00,00:55:00,05:35:00,PAX,320,BASE,NO,01:00:00,FP,00:00:00,null,SI,SI,02:10:00,1,1,1,null,1,18:55:00,18:55:00,13 oct 2026,13 oct 2026,18:55:00,03:05:00,14 oct 2026,01:05:00,14 oct 2026,01:05:00,14 oct 2026,06:10:00,13:00:00,15:05:00,3277,1,1,0,0,0,-77.12,-46.47,Este," ",0,0,0,00:00:00,INT,2.666,00:00:00,00:00:00,14 oct 2026,J,REG
151,2,null,LIM,13 oct 2026,18:55:00,14 oct 2026,23:00:00,1,null,13 oct 2026,Oct-2026,2026Q3,LA,2394,LIM,GRU,LIMGRU,19:55:00,00:35:00,19:55:00,02:35:00,00:55:00,05:35:00,PAX,320,BASE,NO,01:00:00,FP,00:00:00,null,SI,SI,02:10:00,1,1,1,null,1,18:55:00,18:55:00,13 oct 2026,13 oct 2026,18:55:00,03:05:00,14 oct 2026,01:05:00,14 oct 2026,01:05:00,14 oct 2026,06:10:00,13:00:00,15:05:00,3277,0,0,1,0,4,-77.12,-46.47,Este," ",0,0,0,00:00:00,INT,2.666,00:00:00,00:00:00,14 oct 2026,J,REG
37,3,null,LIM,3 oct 2026,18:55:00,5 oct 2026,01:40:00,1,null,3 oct 2026,Oct-2026,2026Q3,LA,2394,LIM,GRU,LIMGRU,19:55:00,00:35:00,19:55:00,02:35:00,00:55:00,05:35:00,PAX,320,BASE,NO,01:00:00,FP,00:00:00,null,SI,SI,02:10:00,1,1,1,null,1,18:55:00,18:55:00,3 oct 2026,3 oct 2026,18:55:00,03:05:00,4 oct 2026,01:05:00,4 oct 2026,01:05:00,4 oct 2026,06:10:00,13:00:00,17:35:00,3277,1,1,0,0,0,-77.12,-46.47,Este," ",0,0,0,00:00:00,INT,1.833,00:00:00,00:00:00,4 oct 2026,J,REG
2,4,LA2694280926,LIM,28 sept 2026,12:30:00,1 oct 2026,22:30:00,1,null,28 sept 2026,Sep-2026,2026Q3,LA,2694,LIM,MIA,LIMMIA,13:30:00,19:35:00,13:30:00,20:35:00,18:30:00,00:35:00,NO,763,BASE,NO,01:00:00,FP,06:05:00,null,SI,NO,03:00:00,1,1,1,null,1,12:30:00,12:30:00,28 sept 2026,28 sept 2026,12:30:00,21:05:00,28 sept 2026,20:05:00,28 sept 2026,20:05:00,28 sept 2026,07:35:00,13:00:00,67:05:00,3166,1,1,0,0,0,-77.12,-80.28,Oeste,A,0,0,0,06:05:00,INT,2.979,00:00:00,00:00:00,28 sept 2026,J,INT
6,4,LA2694290926,LIM,29 sept 2026,12:30:00,2 oct 2026,07:00:00,1,null,29 sept 2026,Sep-2026,2026Q3,LA,2694,LIM,MIA,LIMMIA,13:30:00,19:35:00,13:30:00,20:35:00,18:30:00,00:35:00,NO,763,BASE,NO,01:00:00,FP,06:05:00,null,SI,NO,03:00:00,1,1,1,null,1,12:30:00,12:30:00,29 sept 2026,29 sept 2026,12:30:00,21:05:00,29 sept 2026,20:05:00,29 sept 2026,20:05:00,29 sept 2026,07:35:00,13:00:00,51:40:00,3166,1,1,0,0,0,-77.12,-80.28,Oeste,A,0,0,0,06:05:00,INT,2.958,00:00:00,00:00:00,29 sept 2026,J,INT
8,4,LA2694290926,LIM,29 sept 2026,12:30:00,2 oct 2026,07:00:00,1,null,29 sept 2026,Sep-2026,2026Q3,LA,2694,LIM,MIA,LIMMIA,13:30:00,19:35:00,13:30:00,20:35:00,18:30:00,00:35:00,NO,763,BASE,NO,01:00:00,FP,06:05:00,null,SI,NO,03:00:00,1,1,1,null,1,12:30:00,12:30:00,29 sept 2026,29 sept 2026,12:30:00,21:05:00,29 sept 2026,20:05:00,29 sept 2026,20:05:00,29 sept 2026,07:35:00,13:00:00,51:40:00,3166,0,0,1,0,4,-77.12,-80.28,Oeste," ",0,0,0,06:05:00,INT,2.958,00:00:00,00:00:00,29 sept 2026,J,INT
2,5,LA2694280926,LIM,28 sept 2026,12:30:00,2 oct 2026,05:30:00,1,null,28 sept 2026,Sep-2026,2026Q3,LA,2694,LIM,MIA,LIMMIA,13:30:00,19:35:00,13:30:00,20:35:00,18:30:00,00:35:00,NO,763,BASE,NO,01:00:00,FP,06:05:00,null,SI,NO,03:00:00,1,1,1,null,1,12:30:00,12:30:00,28 sept 2026,28 sept 2026,12:30:00,21:05:00,28 sept 2026,20:05:00,28 sept 2026,20:05:00,28 sept 2026,07:35:00,13:00:00,74:10:00,3166,0,0,1,0,4,-77.12,-80.28,Oeste," ",0,0,0,06:05:00,INT,2.366,00:00:00,00:00:00,28 sept 2026,J,INT
301,null,null,LIM,27 oct 2026,23:15:00,29 oct 2026,23:00:00,null,1,29 oct 2026,Oct-2026,2026Q3,LA,2695,MIA,LIM,MIALIM,16:45:00,22:30:00,17:45:00,22:30:00,21:45:00,03:30:00,NO,763,OUT,TOUCH,01:00:00,FP,05:45:00,null,SI,NO,03:00:00,2,3,1,null,1,15:45:00,16:45:00,29 oct 2026,29 oct 2026,15:45:00,23:00:00,29 oct 2026,23:00:00,29 oct 2026,23:00:00,29 oct 2026,07:15:00,13:00:00,null,3133,0,0,1,0,3,-80.28,-77.12,Este," ",0,0,0,05:45:00,INT,3.888,00:00:00,00:00:00,29 oct 2026,J,INT
308,null,null,LIM,28 oct 2026,12:30:00,29 oct 2026,23:00:00,null,1,29 oct 2026,Oct-2026,2026Q3,LA,2695,MIA,LIM,MIALIM,16:45:00,22:30:00,17:45:00,22:30:00,21:45:00,03:30:00,PAX,763,OUT,TOUCH,01:00:00,FP,00:00:00,null,SI,NO,03:00:00,2,2,1,null,1,15:45:00,16:45:00,29 oct 2026,29 oct 2026,15:45:00,23:00:00,29 oct 2026,23:00:00,29 oct 2026,23:00:00,29 oct 2026,07:15:00,13:00:00,null,3119,0,0,1,0,4,-80.28,-77.12,Este," ",0,0,0,00:00:00,INT,2.958,00:00:00,00:00:00,29 oct 2026,J,INT
40,null,null,LIM,2 oct 2026,23:05:00,4 oct 2026,21:30:00,null,1,4 oct 2026,Oct-2026,2026Q3,LA,2691,JFK,LIM,JFKLIM,13:00:00,21:00:00,14:00:00,21:00:00,18:00:00,02:00:00,PAX,763,OUT,TOUCH,01:00:00,FP,00:00:00,null,SI,NO,02:10:00,2,3,1,null,1,12:00:00,13:00:00,4 oct 2026,4 oct 2026,12:00:00,21:30:00,4 oct 2026,21:30:00,4 oct 2026,21:30:00,4 oct 2026,09:30:00,13:00:00,null,3103,0,0,1,0,6,-73.78,-77.12,Oeste," ",0,0,0,00:00:00,INT,2.694,00:00:00,00:00:00,4 oct 2026,J,INT
29,null,null,LIM,2 oct 2026,23:05:00,4 oct 2026,21:30:00,null,1,4 oct 2026,Oct-2026,2026Q3,LA,2691,JFK,LIM,JFKLIM,13:00:00,21:00:00,14:00:00,21:00:00,18:00:00,02:00:00,PAX,763,OUT,TOUCH,01:00:00,FP,00:00:00,null,SI,NO,02:10:00,2,3,1,null,1,12:00:00,13:00:00,4 oct 2026,4 oct 2026,12:00:00,21:30:00,4 oct 2026,21:30:00,4 oct 2026,21:30:00,4 oct 2026,09:30:00,13:00:00,null,3103,2,1,0,0,0,-73.78,-77.12,Oeste,B,0,0,0,00:00:00,INT,2.694,00:00:00,00:00:00,4 oct 2026,J,INT
220,null,null,LIM,28 oct 2026,12:30:00,29 oct 2026,23:00:00,null,1,29 oct 2026,Oct-2026,2026Q3,LA,2695,MIA,LIM,MIALIM,16:45:00,22:30:00,17:45:00,22:30:00,21:45:00,03:30:00,NO,763,OUT,TOUCH,01:00:00,FP,05:45:00,null,SI,NO,03:00:00,2,2,1,null,1,15:45:00,16:45:00,29 oct 2026,29 oct 2026,15:45:00,23:00:00,29 oct 2026,23:00:00,29 oct 2026,23:00:00,29 oct 2026,07:15:00,13:00:00,null,3094,1,1,0,0,0,-80.28,-77.12,Este,A,0,0,0,05:45:00,INT,5.833,00:00:00,00:00:00,29 oct 2026,J,INT
143,null,null,LIM,12 oct 2026,23:05:00,14 oct 2026,21:30:00,null,1,14 oct 2026,Oct-2026,2026Q3,LA,2691,JFK,LIM,JFKLIM,13:00:00,21:00:00,14:00:00,21:00:00,18:00:00,02:00:00,NO,763,OUT,TOUCH,01:00:00,FP,08:00:00,null,SI,NO,02:10:00,2,3,1,null,1,12:00:00,13:00:00,14 oct 2026,14 oct 2026,12:00:00,21:30:00,14 oct 2026,21:30:00,14 oct 2026,21:30:00,14 oct 2026,09:30:00,13:00:00,null,3077,0,0,1,0,6,-73.78,-77.12,Oeste," ",0,0,0,08:00:00,INT,5.361,00:00:00,00:00:00,14 oct 2026,J,INT
81,null,null,LIM,9 oct 2026,23:05:00,11 oct 2026,21:30:00,null,1,11 oct 2026,Oct-2026,2026Q3,LA,2691,JFK,LIM,JFKLIM,13:00:00,21:00:00,14:00:00,21:00:00,18:00:00,02:00:00,NO,763,OUT,TOUCH,01:00:00,FP,08:00:00,null,SI,NO,02:10:00,2,3,1,null,1,12:00:00,13:00:00,11 oct 2026,11 oct 2026,12:00:00,21:30:00,11 oct 2026,21:30:00,11 oct 2026,21:30:00,11 oct 2026,09:30:00,13:00:00,null,3077,2,1,0,0,0,-73.78,-77.12,Oeste,B,0,0,0,08:00:00,INT,5.361,00:00:00,00:00:00,11 oct 2026,J,INT
72,null,null,LIM,5 oct 2026,23:05:00,7 oct 2026,21:30:00,null,1,7 oct 2026,Oct-2026,2026Q3,LA,2691,JFK,LIM,JFKLIM,13:00:00,21:00:00,14:00:00,21:00:00,18:00:00,02:00:00,NO,763,OUT,TOUCH,01:00:00,FP,08:00:00,null,SI,NO,02:10:00,2,3,1,null,1,12:00:00,13:00:00,7 oct 2026,7 oct 2026,12:00:00,21:30:00,7 oct 2026,21:30:00,7 oct 2026,21:30:00,7 oct 2026,09:30:00,13:00:00,null,3077,0,0,1,0,6,-73.78,-77.12,Oeste," ",0,0,0,08:00:00,INT,5.361,00:00:00,00:00:00,7 oct 2026,J,INT
185,null,null,LIM,16 oct 2026,23:05:00,18 oct 2026,21:30:00,null,1,18 oct 2026,Oct-2026,2026Q3,LA,2691,JFK,LIM,JFKLIM,13:00:00,21:00:00,14:00:00,21:00:00,18:00:00,02:00:00,NO,763,OUT,TOUCH,01:00:00,FP,08:00:00,null,SI,NO,02:10:00,2,3,1,null,1,12:00:00,13:00:00,18 oct 2026,18 oct 2026,12:00:00,21:30:00,18 oct 2026,21:30:00,18 oct 2026,21:30:00,18 oct 2026,09:30:00,13:00:00,null,3077,0,0,1,0,6,-73.78,-77.12,Oeste," ",0,0,0,08:00:00,INT,5.361,00:00:00,00:00:00,18 oct 2026,J,INT
215,null,null,LIM,19 oct 2026,23:05:00,21 oct 2026,21:30:00,null,1,21 oct 2026,Oct-2026,2026Q3,LA,2691,JFK,LIM,JFKLIM,13:00:00,21:00:00,14:00:00,21:00:00,18:00:00,02:00:00,NO,763,OUT,TOUCH,01:00:00,FP,08:00:00,null,SI,NO,02:10:00,2,3,1,null,1,12:00:00,13:00:00,21 oct 2026,21 oct 2026,12:00:00,21:30:00,21 oct 2026,21:30:00,21 oct 2026,21:30:00,21 oct 2026,09:30:00,13:00:00,null,3077,0,0,1,0,6,-73.78,-77.12,Oeste," ",0,0,0,08:00:00,INT,2.666,00:00:00,00:00:00,21 oct 2026,J,INT
132,null,null,LIM,16 oct 2026,23:05:00,18 oct 2026,21:30:00,null,1,18 oct 2026,Oct-2026,2026Q3,LA,2691,JFK,LIM,JFKLIM,13:00:00,21:00:00,14:00:00,21:00:00,18:00:00,02:00:00,NO,763,OUT,TOUCH,01:00:00,FP,08:00:00,null,SI,NO,02:10:00,2,3,1,null,1,12:00:00,13:00:00,18 oct 2026,18 oct 2026,12:00:00,21:30:00,18 oct 2026,21:30:00,18 oct 2026,21:30:00,18 oct 2026,09:30:00,13:00:00,null,3077,2,1,0,0,0,-73.78,-77.12,Oeste,B,0,0,0,08:00:00,INT,5.361,00:00:00,00:00:00,18 oct 2026,J,INT
102,null,null,LIM,12 oct 2026,23:05:00,14 oct 2026,21:30:00,null,1,14 oct 2026,Oct-2026,2026Q3,LA,2691,JFK,LIM,JFKLIM,13:00:00,21:00:00,14:00:00,21:00:00,18:00:00,02:00:00,NO,763,OUT,TOUCH,01:00:00,FP,08:00:00,null,SI,NO,02:10:00,2,3,1,null,1,12:00:00,13:00:00,14 oct 2026,14 oct 2026,12:00:00,21:30:00,14 oct 2026,21:30:00,14 oct 2026,21:30:00,14 oct 2026,09:30:00,13:00:00,null,3077,2,1,0,0,0,-73.78,-77.12,Oeste,B,0,0,0,08:00:00,INT,5.361,00:00:00,00:00:00,14 oct 2026,J,INT
52,null,null,LIM,5 oct 2026,23:05:00,7 oct 2026,21:30:00,null,1,7 oct 2026,Oct-2026,2026Q3,LA,2691,JFK,LIM,JFKLIM,13:00:00,21:00:00,14:00:00,21:00:00,18:00:00,02:00:00,NO,763,OUT,TOUCH,01:00:00,FP,08:00:00,null,SI,NO,02:10:00,2,3,1,null,1,12:00:00,13:00:00,7 oct 2026,7 oct 2026,12:00:00,21:30:00,7 oct 2026,21:30:00,7 oct 2026,21:30:00,7 oct 2026,09:30:00,13:00:00,null,3077,2,1,0,0,0,-73.78,-77.12,Oeste,B,0,0,0,08:00:00,INT,5.361,00:00:00,00:00:00,7 oct 2026,J,INT
153,null,null,LIM,19 oct 2026,23:05:00,21 oct 2026,21:30:00,null,1,21 oct 2026,Oct-2026,2026Q3,LA,2691,JFK,LIM,JFKLIM,13:00:00,21:00:00,14:00:00,21:00:00,18:00:00,02:00:00,NO,763,OUT,TOUCH,01:00:00,FP,08:00:00,null,SI,NO,02:10:00,2,3,1,null,1,12:00:00,13:00:00,21 oct 2026,21 oct 2026,12:00:00,21:30:00,21 oct 2026,21:30:00,21 oct 2026,21:30:00,21 oct 2026,09:30:00,13:00:00,null,3077,2,1,0,0,0,-73.78,-77.12,Oeste,B,0,0,0,08:00:00,INT,2.666,00:00:00,00:00:00,21 oct 2026,J,INT
113,null,null,LIM,9 oct 2026,23:05:00,11 oct 2026,21:30:00,null,1,11 oct 2026,Oct-2026,2026Q3,LA,2691,JFK,LIM,JFKLIM,13:00:00,21:00:00,14:00:00,21:00:00,18:00:00,02:00:00,NO,763,OUT,TOUCH,01:00:00,FP,08:00:00,null,SI,NO,02:10:00,2,3,1,null,1,12:00:00,13:00:00,11 oct 2026,11 oct 2026,12:00:00,21:30:00,11 oct 2026,21:30:00,11 oct 2026,21:30:00,11 oct 2026,09:30:00,13:00:00,null,3077,0,0,1,0,6,-73.78,-77.12,Oeste," ",0,0,0,08:00:00,INT,5.361,00:00:00,00:00:00,11 oct 2026,J,INT
152,null,null,LIM,13 oct 2026,19:35:00,16 oct 2026,07:00:00,null,1,16 oct 2026,Oct-2026,2026Q3,LA,2485,MAD,LIM,MADLIM,18:45:00,06:30:00,01:45:00,06:30:00,23:45:00,11:30:00,PAX,788,OUT,TOUCH,01:00:00,FP,00:00:00,null,SI,NO,02:55:00,2,3,1,null,1,17:45:00,00:45:00,16 oct 2026,15 oct 2026,17:45:00,07:00:00,16 oct 2026,07:00:00,16 oct 2026,07:00:00,16 oct 2026,13:15:00,13:00:00,null,3071,0,0,1,0,6,-3.57,-77.12,Oeste," ",0,0,0,00:00:00,INT,2.979,00:00:00,00:00:00,15 oct 2026,J,INT
122,null,null,LIM,10 oct 2026,19:35:00,13 oct 2026,07:00:00,null,1,13 oct 2026,Oct-2026,2026Q3,LA,2485,MAD,LIM,MADLIM,18:45:00,06:30:00,01:45:00,06:30:00,23:45:00,11:30:00,PAX,789,OUT,TOUCH,01:00:00,FP,00:00:00,null,SI,NO,02:55:00,2,3,1,null,1,17:45:00,00:45:00,13 oct 2026,12 oct 2026,17:45:00,07:00:00,13 oct 2026,07:00:00,13 oct 2026,07:00:00,13 oct 2026,13:15:00,13:00:00,null,3071,0,0,1,0,6,-3.57,-77.12,Oeste," ",0,0,0,00:00:00,INT,2.979,00:00:00,00:00:00,12 oct 2026,J,INT
88,null,null,LIM,10 oct 2026,19:35:00,13 oct 2026,07:00:00,null,1,13 oct 2026,Oct-2026,2026Q3,LA,2485,MAD,LIM,MADLIM,18:45:00,06:30:00,01:45:00,06:30:00,23:45:00,11:30:00,PAX,789,OUT,TOUCH,01:00:00,FP,00:00:00,null,SI,NO,02:55:00,2,3,1,null,1,17:45:00,00:45:00,13 oct 2026,12 oct 2026,17:45:00,07:00:00,13 oct 2026,07:00:00,13 oct 2026,07:00:00,13 oct 2026,13:15:00,13:00:00,null,3071,2,2,0,0,0,-3.57,-77.12,Oeste," ",0,0,0,00:00:00,INT,2.979,00:00:00,00:00:00,12 oct 2026,J,INT
194,null,null,LIM,17 oct 2026,19:35:00,20 oct 2026,07:00:00,null,1,20 oct 2026,Oct-2026,2026Q3,LA,2485,MAD,LIM,MADLIM,18:45:00,06:30:00,01:45:00,06:30:00,23:45:00,11:30:00,PAX,789,OUT,TOUCH,01:00:00,FP,00:00:00,null,SI,NO,02:55:00,2,3,1,null,1,17:45:00,00:45:00,20 oct 2026,19 oct 2026,17:45:00,07:00:00,20 oct 2026,07:00:00,20 oct 2026,07:00:00,20 oct 2026,13:15:00,13:00:00,null,3071,0,0,1,0,6,-3.57,-77.12,Oeste," ",0,0,0,00:00:00,INT,2.979,00:00:00,00:00:00,19 oct 2026,J,INT
109,null,null,LIM,13 oct 2026,19:35:00,16 oct 2026,07:00:00,null,1,16 oct 2026,Oct-2026,2026Q3,LA,2485,MAD,LIM,MADLIM,18:45:00,06:30:00,01:45:00,06:30:00,23:45:00,11:30:00,PAX,788,OUT,TOUCH,01:00:00,FP,00:00:00,null,SI,NO,02:55:00,2,3,1,null,1,17:45:00,00:45:00,16 oct 2026,15 oct 2026,17:45:00,07:00:00,16 oct 2026,07:00:00,16 oct 2026,07:00:00,16 oct 2026,13:15:00,13:00:00,null,3071,2,2,0,0,0,-3.57,-77.12,Oeste," ",0,0,0,00:00:00,INT,2.979,00:00:00,00:00:00,15 oct 2026,J,INT
139,null,null,LIM,17 oct 2026,19:35:00,20 oct 2026,07:00:00,null,1,20 oct 2026,Oct-2026,2026Q3,LA,2485,MAD,LIM,MADLIM,18:45:00,06:30:00,01:45:00,06:30:00,23:45:00,11:30:00,PAX,789,OUT,TOUCH,01:00:00,FP,00:00:00,null,SI,NO,02:55:00,2,3,1,null,1,17:45:00,00:45:00,20 oct 2026,19 oct 2026,17:45:00,07:00:00,20 oct 2026,07:00:00,20 oct 2026,07:00:00,20 oct 2026,13:15:00,13:00:00,null,3071,2,2,0,0,0,-3.57,-77.12,Oeste," ",0,0,0,00:00:00,INT,2.979,00:00:00,00:00:00,19 oct 2026,J,INT
80,null,null,LIM,6 oct 2026,19:35:00,9 oct 2026,07:00:00,null,1,9 oct 2026,Oct-2026,2026Q3,LA,2485,MAD,LIM,MADLIM,18:45:00,06:30:00,01:45:00,06:30:00,23:45:00,11:30:00,PAX,788,OUT,TOUCH,01:00:00,FP,00:00:00,null,SI,NO,02:55:00,2,3,1,null,1,17:45:00,00:45:00,9 oct 2026,8 oct 2026,17:45:00,07:00:00,9 oct 2026,07:00:00,9 oct 2026,07:00:00,9 oct 2026,13:15:00,13:00:00,null,3071,0,0,1,0,6,-3.57,-77.12,Oeste," ",0,0,0,00:00:00,INT,2.979,00:00:00,00:00:00,8 oct 2026,J,INT
58,null,null,LIM,6 oct 2026,19:35:00,9 oct 2026,07:00:00,null,1,9 oct 2026,Oct-2026,2026Q3,LA,2485,MAD,LIM,MADLIM,18:45:00,06:30:00,01:45:00,06:30:00,23:45:00,11:30:00,PAX,788,OUT,TOUCH,01:00:00,FP,00:00:00,null,SI,NO,02:55:00,2,3,1,null,1,17:45:00,00:45:00,9 oct 2026,8 oct 2026,17:45:00,07:00:00,9 oct 2026,07:00:00,9 oct 2026,07:00:00,9 oct 2026,13:15:00,13:00:00,null,3071,2,2,0,0,0,-3.57,-77.12,Oeste," ",0,0,0,00:00:00,INT,2.979,00:00:00,00:00:00,8 oct 2026,J,INT
163,null,null,LIM,14 oct 2026,23:05:00,16 oct 2026,21:30:00,null,1,16 oct 2026,Oct-2026,2026Q3,LA,2691,JFK,LIM,JFKLIM,12:55:00,21:00:00,13:55:00,21:00:00,17:55:00,02:00:00,NO,763,OUT,TOUCH,01:00:00,FP,08:05:00,null,SI,NO,02:10:00,2,3,1,null,1,11:55:00,12:55:00,16 oct 2026,16 oct 2026,11:55:00,21:30:00,16 oct 2026,21:30:00,16 oct 2026,21:30:00,16 oct 2026,09:35:00,13:00:00,null,3069,0,0,1,0,6,-73.78,-77.12,Oeste," ",0,0,0,08:05:00,INT,5.388,00:00:00,00:00:00,16 oct 2026,J,INT
65,null,null,LIM,7 oct 2026,23:05:00,9 oct 2026,21:30:00,null,1,9 oct 2026,Oct-2026,2026Q3,LA,2691,JFK,LIM,JFKLIM,12:55:00,21:00:00,13:55:00,21:00:00,17:55:00,02:00:00,NO,763,OUT,TOUCH,01:00:00,FP,08:05:00,null,SI,NO,02:10:00,2,3,1,null,1,11:55:00,12:55:00,9 oct 2026,9 oct 2026,11:55:00,21:30:00,9 oct 2026,21:30:00,9 oct 2026,21:30:00,9 oct 2026,09:35:00,13:00:00,null,3069,2,1,0,0,0,-73.78,-77.12,Oeste,B,0,0,0,08:05:00,INT,5.388,00:00:00,00:00:00,9 oct 2026,J,INT
116,null,null,LIM,14 oct 2026,23:05:00,16 oct 2026,21:30:00,null,1,16 oct 2026,Oct-2026,2026Q3,LA,2691,JFK,LIM,JFKLIM,12:55:00,21:00:00,13:55:00,21:00:00,17:55:00,02:00:00,NO,763,OUT,TOUCH,01:00:00,FP,08:05:00,null,SI,NO,02:10:00,2,3,1,null,1,11:55:00,12:55:00,16 oct 2026,16 oct 2026,11:55:00,21:30:00,16 oct 2026,21:30:00,16 oct 2026,21:30:00,16 oct 2026,09:35:00,13:00:00,null,3069,2,1,0,0,0,-73.78,-77.12,Oeste,B,0,0,0,08:05:00,INT,5.388,00:00:00,00:00:00,16 oct 2026,J,INT
91,null,null,LIM,7 oct 2026,23:05:00,9 oct 2026,21:30:00,null,1,9 oct 2026,Oct-2026,2026Q3,LA,2691,JFK,LIM,JFKLIM,12:55:00,21:00:00,13:55:00,21:00:00,17:55:00,02:00:00,NO,763,OUT,TOUCH,01:00:00,FP,08:05:00,null,SI,NO,02:10:00,2,3,1,null,1,11:55:00,12:55:00,9 oct 2026,9 oct 2026,11:55:00,21:30:00,9 oct 2026,21:30:00,9 oct 2026,21:30:00,9 oct 2026,09:35:00,13:00:00,null,3069,0,0,1,0,6,-73.78,-77.12,Oeste," ",0,0,0,08:05:00,INT,5.388,00:00:00,00:00:00,9 oct 2026,J,INT
2,null,LA2484290926,LIM,29 sept 2026,22:00:00,2 oct 2026,07:00:00,null,1,2 oct 2026,Oct-2026,2026Q3,LA,2485,MAD,LIM,MADLIM,18:45:00,06:30:00,01:45:00,06:30:00,23:45:00,11:30:00,NO,789,OUT,TOUCH,01:00:00,FP,11:45:00,null,SI,NO,02:55:00,2,3,1,null,1,17:45:00,00:45:00,2 oct 2026,1 oct 2026,17:45:00,07:00:00,2 oct 2026,07:00:00,2 oct 2026,07:00:00,2 oct 2026,13:15:00,13:00:00,null,3068,2,2,0,0,0,-3.57,-77.12,Oeste,C,0,0,0,11:45:00,INT,5.77,00:00:00,00:00:00,1 oct 2026,J,INT
71,null,null,LIM,5 oct 2026,22:00:00,8 oct 2026,07:00:00,null,1,8 oct 2026,Oct-2026,2026Q3,LA,2485,MAD,LIM,MADLIM,18:45:00,06:30:00,01:45:00,06:30:00,23:45:00,11:30:00,NO,789,OUT,TOUCH,01:00:00,FP,11:45:00,null,SI,NO,02:55:00,2,3,1,null,1,17:45:00,00:45:00,8 oct 2026,7 oct 2026,17:45:00,07:00:00,8 oct 2026,07:00:00,8 oct 2026,07:00:00,8 oct 2026,13:15:00,13:00:00,null,3068,0,0,1,0,8,-3.57,-77.12,Oeste," ",0,0,0,11:45:00,INT,5.77,00:00:00,00:00:00,7 oct 2026,J,INT
124,null,null,LIM,10 oct 2026,22:00:00,13 oct 2026,07:00:00,null,1,13 oct 2026,Oct-2026,2026Q3,LA,2485,MAD,LIM,MADLIM,18:45:00,06:30:00,01:45:00,06:30:00,23:45:00,11:30:00,NO,789,OUT,TOUCH,01:00:00,FP,11:45:00,null,SI,NO,02:55:00,2,3,1,null,1,17:45:00,00:45:00,13 oct 2026,12 oct 2026,17:45:00,07:00:00,13 oct 2026,07:00:00,13 oct 2026,07:00:00,13 oct 2026,13:15:00,13:00:00,null,3068,0,0,1,0,8,-3.57,-77.12,Oeste," ",0,0,0,11:45:00,INT,5.77,00:00:00,00:00:00,12 oct 2026,J,INT
25,null,null,LIM,11 oct 2026,22:00:00,14 oct 2026,07:00:00,null,1,14 oct 2026,Oct-2026,2026Q3,LA,2485,MAD,LIM,MADLIM,18:45:00,06:30:00,01:45:00,06:30:00,23:45:00,11:30:00,NO,789,OUT,TOUCH,01:00:00,FP,11:45:00,null,SI,NO,02:55:00,2,3,1,null,1,17:45:00,00:45:00,14 oct 2026,13 oct 2026,17:45:00,07:00:00,14 oct 2026,07:00:00,14 oct 2026,07:00:00,14 oct 2026,13:15:00,13:00:00,null,3068,2,2,0,0,0,-3.57,-77.12,Oeste,C,0,0,0,11:45:00,INT,5.77,00:00:00,00:00:00,13 oct 2026,J,INT
23,null,null,LIM,10 oct 2026,22:00:00,13 oct 2026,07:00:00,null,1,13 oct 2026,Oct-2026,2026Q3,LA,2485,MAD,LIM,MADLIM,18:45:00,06:30:00,01:45:00,06:30:00,23:45:00,11:30:00,NO,789,OUT,TOUCH,01:00:00,FP,11:45:00,null,SI,NO,02:55:00,2,3,1,null,1,17:45:00,00:45:00,13 oct 2026,12 oct 2026,17:45:00,07:00:00,13 oct 2026,07:00:00,13 oct 2026,07:00:00,13 oct 2026,13:15:00,13:00:00,null,3068,2,2,0,0,0,-3.57,-77.12,Oeste,C,0,0,0,11:45:00,INT,5.77,00:00:00,00:00:00,12 oct 2026,J,INT
225,null,null,LIM,20 oct 2026,22:00:00,23 oct 2026,07:00:00,null,1,23 oct 2026,Oct-2026,2026Q3,LA,2485,MAD,LIM,MADLIM,18:45:00,06:30:00,01:45:00,06:30:00,23:45:00,11:30:00,NO,789,OUT,TOUCH,01:00:00,FP,11:45:00,null,SI,NO,02:55:00,2,3,1,null,1,17:45:00,00:45:00,23 oct 2026,22 oct 2026,17:45:00,07:00:00,23 oct 2026,07:00:00,23 oct 2026,07:00:00,23 oct 2026,13:15:00,13:00:00,null,3068,0,0,1,0,8,-3.57,-77.12,Oeste," ",0,0,0,11:45:00,INT,5.77,00:00:00,00:00:00,22 oct 2026,J,INT
142,null,null,LIM,12 oct 2026,22:00:00,15 oct 2026,07:00:00,null,1,15 oct 2026,Oct-2026,2026Q3,LA,2485,MAD,LIM,MADLIM,18:45:00,06:30:00,01:45:00,06:30:00,23:45:00,11:30:00,NO,789,OUT,TOUCH,01:00:00,FP,11:45:00,null,SI,NO,02:55:00,2,3,1,null,1,17:45:00,00:45:00,15 oct 2026,14 oct 2026,17:45:00,07:00:00,15 oct 2026,07:00:00,15 oct 2026,07:00:00,15 oct 2026,13:15:00,13:00:00,null,3068,0,0,1,0,8,-3.57,-77.12,Oeste," ",0,0,0,11:45:00,INT,5.77,00:00:00,00:00:00,14 oct 2026,J,INT
3,null,LA2484280926,LIM,28 sept 2026,22:00:00,1 oct 2026,07:00:00,null,1,1 oct 2026,Sep-2026,2026Q3,LA,2485,MAD,LIM,MADLIM,18:45:00,06:30:00,01:45:00,06:30:00,23:45:00,11:30:00,NO,788,OUT,TOUCH,01:00:00,FP,11:45:00,null,SI,NO,02:55:00,2,3,1,null,1,17:45:00,00:45:00,1 oct 2026,30 sept 2026,17:45:00,07:00:00,1 oct 2026,07:00:00,1 oct 2026,07:00:00,1 oct 2026,13:15:00,13:00:00,null,3068,0,0,1,0,8,-3.57,-77.12,Oeste," ",0,0,0,11:45:00,INT,5.77,00:00:00,00:00:00,30 sept 2026,J,INT
162,null,null,LIM,14 oct 2026,22:00:00,17 oct 2026,07:00:00,null,1,17 oct 2026,Oct-2026,2026Q3,LA,2485,MAD,LIM,MADLIM,18:45:00,06:30:00,01:45:00,06:30:00,23:45:00,11:30:00,NO,789,OUT,TOUCH,01:00:00,FP,11:45:00,null,SI,NO,02:55:00,2,3,1,null,1,17:45:00,00:45:00,17 oct 2026,16 oct 2026,17:45:00,07:00:00,17 oct 2026,07:00:00,17 oct 2026,07:00:00,17 oct 2026,13:15:00,13:00:00,null,3068,0,0,1,0,8,-3.57,-77.12,Oeste," ",0,0,0,11:45:00,INT,5.77,00:00:00,00:00:00,16 oct 2026,J,INT
28,null,null,LIM,1 oct 2026,22:00:00,4 oct 2026,07:00:00,null,1,4 oct 2026,Oct-2026,2026Q3,LA,2485,MAD,LIM,MADLIM,18:45:00,06:30:00,01:45:00,06:30:00,23:45:00,11:30:00,NO,789,OUT,TOUCH,01:00:00,FP,11:45:00,null,SI,NO,02:55:00,2,3,1,null,1,17:45:00,00:45:00,4 oct 2026,3 oct 2026,17:45:00,07:00:00,4 oct 2026,07:00:00,4 oct 2026,07:00:00,4 oct 2026,13:15:00,13:00:00,null,3068,0,0,1,0,8,-3.57,-77.12,Oeste," ",0,0,0,11:45:00,INT,5.77,00:00:00,00:00:00,3 oct 2026,J,INT
31,null,null,LIM,14 oct 2026,22:00:00,17 oct 2026,07:00:00,null,1,17 oct 2026,Oct-2026,2026Q3,LA,2485,MAD,LIM,MADLIM,18:45:00,06:30:00,01:45:00,06:30:00,23:45:00,11:30:00,NO,789,OUT,TOUCH,01:00:00,FP,11:45:00,null,SI,NO,02:55:00,2,3,1,null,1,17:45:00,00:45:00,17 oct 2026,16 oct 2026,17:45:00,07:00:00,17 oct 2026,07:00:00,17 oct 2026,07:00:00,17 oct 2026,13:15:00,13:00:00,null,3068,2,2,0,0,0,-3.57,-77.12,Oeste,C,0,0,0,11:45:00,INT,5.77,00:00:00,00:00:00,16 oct 2026,J,INT
5,null,null,LIM,1 oct 2026,22:00:00,4 oct 2026,07:00:00,null,1,4 oct 2026,Oct-2026,2026Q3,LA,2485,MAD,LIM,MADLIM,18:45:00,06:30:00,01:45:00,06:30:00,23:45:00,11:30:00,NO,789,OUT,TOUCH,01:00:00,FP,11:45:00,null,SI,NO,02:55:00,2,3,1,null,1,17:45:00,00:45:00,4 oct 2026,3 oct 2026,17:45:00,07:00:00,4 oct 2026,07:00:00,4 oct 2026,07:00:00,4 oct 2026,13:15:00,13:00:00,null,3068,2,2,0,0,0,-3.57,-77.12,Oeste,C,0,0,0,11:45:00,INT,5.77,00:00:00,00:00:00,3 oct 2026,J,INT
35,null,null,LIM,16 oct 2026,22:00:00,19 oct 2026,07:00:00,null,1,19 oct 2026,Oct-2026,2026Q3,LA,2485,MAD,LIM,MADLIM,18:45:00,06:30:00,01:45:00,06:30:00,23:45:00,11:30:00,NO,789,OUT,TOUCH,01:00:00,FP,11:45:00,null,SI,NO,02:55:00,2,3,1,null,1,17:45:00,00:45:00,19 oct 2026,18 oct 2026,17:45:00,07:00:00,19 oct 2026,07:00:00,19 oct 2026,07:00:00,19 oct 2026,13:15:00,13:00:00,null,3068,2,2,0,0,0,-3.57,-77.12,Oeste,C,0,0,0,11:45:00,INT,5.77,00:00:00,00:00:00,18 oct 2026,J,INT
60,null,null,LIM,4 oct 2026,22:00:00,7 oct 2026,07:00:00,null,1,7 oct 2026,Oct-2026,2026Q3,LA,2485,MAD,LIM,MADLIM,18:45:00,06:30:00,01:45:00,06:30:00,23:45:00,11:30:00,NO,789,OUT,TOUCH,01:00:00,FP,11:45:00,null,SI,NO,02:55:00,2,3,1,null,1,17:45:00,00:45:00,7 oct 2026,6 oct 2026,17:45:00,07:00:00,7 oct 2026,07:00:00,7 oct 2026,07:00:00,7 oct 2026,13:15:00,13:00:00,null,3068,0,0,1,0,8,-3.57,-77.12,Oeste," ",0,0,0,11:45:00,INT,5.77,00:00:00,00:00:00,6 oct 2026,J,INT
39,null,null,LIM,18 oct 2026,22:00:00,21 oct 2026,07:00:00,null,1,21 oct 2026,Oct-2026,2026Q3,LA,2485,MAD,LIM,MADLIM,18:45:00,06:30:00,01:45:00,06:30:00,23:45:00,11:30:00,NO,789,OUT,TOUCH,01:00:00,FP,11:45:00,null,SI,NO,02:55:00,2,3,1,null,1,17:45:00,00:45:00,21 oct 2026,20 oct 2026,17:45:00,07:00:00,21 oct 2026,07:00:00,21 oct 2026,07:00:00,21 oct 2026,13:15:00,13:00:00,null,3068,2,2,0,0,0,-3.57,-77.12,Oeste,C,0,0,0,11:45:00,INT,5.77,00:00:00,00:00:00,20 oct 2026,J,INT
41,null,null,LIM,19 oct 2026,22:00:00,22 oct 2026,07:00:00,null,1,22 oct 2026,Oct-2026,2026Q3,LA,2485,MAD,LIM,MADLIM,18:45:00,06:30:00,01:45:00,06:30:00,23:45:00,11:30:00,NO,789,OUT,TOUCH,01:00:00,FP,11:45:00,null,SI,NO,02:55:00,2,3,1,null,1,17:45:00,00:45:00,22 oct 2026,21 oct 2026,17:45:00,07:00:00,22 oct 2026,07:00:00,22 oct 2026,07:00:00,22 oct 2026,13:15:00,13:00:00,null,3068,2,2,0,0,0,-3.57,-77.12,Oeste,C,0,0,0,11:45:00,INT,5.77,00:00:00,00:00:00,21 oct 2026,J,INT
15,null,null,LIM,6 oct 2026,22:00:00,9 oct 2026,07:00:00,null,1,9 oct 2026,Oct-2026,2026Q3,LA,2485,MAD,LIM,MADLIM,18:45:00,06:30:00,01:45:00,06:30:00,23:45:00,11:30:00,NO,788,OUT,TOUCH,01:00:00,FP,11:45:00,null,SI,NO,02:55:00,2,3,1,null,1,17:45:00,00:45:00,9 oct 2026,8 oct 2026,17:45:00,07:00:00,9 oct 2026,07:00:00,9 oct 2026,07:00:00,9 oct 2026,13:15:00,13:00:00,null,3068,2,2,0,0,0,-3.57,-77.12,Oeste,C,0,0,0,11:45:00,INT,5.77,00:00:00,00:00:00,8 oct 2026,J,INT
18,null,LA2484300926,LIM,30 sept 2026,22:00:00,3 oct 2026,07:00:00,null,1,3 oct 2026,Oct-2026,2026Q3,LA,2485,MAD,LIM,MADLIM,18:45:00,06:30:00,01:45:00,06:30:00,23:45:00,11:30:00,NO,789,OUT,TOUCH,01:00:00,FP,11:45:00,null,SI,NO,02:55:00,2,3,1,null,1,17:45:00,00:45:00,3 oct 2026,2 oct 2026,17:45:00,07:00:00,3 oct 2026,07:00:00,3 oct 2026,07:00:00,3 oct 2026,13:15:00,13:00:00,null,3068,0,0,1,0,8,-3.57,-77.12,Oeste," ",0,0,0,11:45:00,INT,5.77,00:00:00,00:00:00,2 oct 2026,J,INT
27,null,null,LIM,12 oct 2026,22:00:00,15 oct 2026,07:00:00,null,1,15 oct 2026,Oct-2026,2026Q3,LA,2485,MAD,LIM,MADLIM,18:45:00,06:30:00,01:45:00,06:30:00,23:45:00,11:30:00,NO,789,OUT,TOUCH,01:00:00,FP,11:45:00,null,SI,NO,02:55:00,2,3,1,null,1,17:45:00,00:45:00,15 oct 2026,14 oct 2026,17:45:00,07:00:00,15 oct 2026,07:00:00,15 oct 2026,07:00:00,15 oct 2026,13:15:00,13:00:00,null,3068,2,2,0,0,0,-3.57,-77.12,Oeste,C,0,0,0,11:45:00,INT,5.77,00:00:00,00:00:00,14 oct 2026,J,INT
9,null,LA2484290926,LIM,29 sept 2026,22:00:00,2 oct 2026,07:00:00,null,1,2 oct 2026,Oct-2026,2026Q3,LA,2485,MAD,LIM,MADLIM,18:45:00,06:30:00,01:45:00,06:30:00,23:45:00,11:30:00,NO,789,OUT,TOUCH,01:00:00,FP,11:45:00,null,SI,NO,02:55:00,2,3,1,null,1,17:45:00,00:45:00,2 oct 2026,1 oct 2026,17:45:00,07:00:00,2 oct 2026,07:00:00,2 oct 2026,07:00:00,2 oct 2026,13:15:00,13:00:00,null,3068,0,0,1,0,8,-3.57,-77.12,Oeste," ",0,0,0,11:45:00,INT,5.77,00:00:00,00:00:00,1 oct 2026,J,INT
204,null,null,LIM,18 oct 2026,22:00:00,21 oct 2026,07:00:00,null,1,21 oct 2026,Oct-2026,2026Q3,LA,2485,MAD,LIM,MADLIM,18:45:00,06:30:00,01:45:00,06:30:00,23:45:00,11:30:00,NO,789,OUT,TOUCH,01:00:00,FP,11:45:00,null,SI,NO,02:55:00,2,3,1,null,1,17:45:00,00:45:00,21 oct 2026,20 oct 2026,17:45:00,07:00:00,21 oct 2026,07:00:00,21 oct 2026,07:00:00,21 oct 2026,13:15:00,13:00:00,null,3068,0,0,1,0,8,-3.57,-77.12,Oeste," ",0,0,0,11:45:00,INT,5.77,00:00:00,00:00:00,20 oct 2026,J,INT
214,null,null,LIM,19 oct 2026,22:00:00,22 oct 2026,07:00:00,null,1,22 oct 2026,Oct-2026,2026Q3,LA,2485,MAD,LIM,MADLIM,18:45:00,06:30:00,01:45:00,06:30:00,23:45:00,11:30:00,NO,789,OUT,TOUCH,01:00:00,FP,11:45:00,null,SI,NO,02:55:00,2,3,1,null,1,17:45:00,00:45:00,22 oct 2026,21 oct 2026,17:45:00,07:00:00,22 oct 2026,07:00:00,22 oct 2026,07:00:00,22 oct 2026,13:15:00,13:00:00,null,3068,0,0,1,0,8,-3.57,-77.12,Oeste," ",0,0,0,11:45:00,INT,5.77,00:00:00,00:00:00,21 oct 2026,J,INT
7,null,null,LIM,2 oct 2026,22:00:00,5 oct 2026,07:00:00,null,1,5 oct 2026,Oct-2026,2026Q3,LA,2485,MAD,LIM,MADLIM,18:45:00,06:30:00,01:45:00,06:30:00,23:45:00,11:30:00,NO,789,OUT,TOUCH,01:00:00,FP,11:45:00,null,SI,NO,02:55:00,2,3,1,null,1,17:45:00,00:45:00,5 oct 2026,4 oct 2026,17:45:00,07:00:00,5 oct 2026,07:00:00,5 oct 2026,07:00:00,5 oct 2026,13:15:00,13:00:00,null,3068,2,2,0,0,0,-3.57,-77.12,Oeste,C,0,0,0,11:45:00,INT,5.77,00:00:00,00:00:00,4 oct 2026,J,INT
45,null,null,LIM,21 oct 2026,22:00:00,24 oct 2026,07:00:00,null,1,24 oct 2026,Oct-2026,2026Q3,LA,2485,MAD,LIM,MADLIM,18:45:00,06:30:00,01:45:00,06:30:00,23:45:00,11:30:00,NO,789,OUT,TOUCH,01:00:00,FP,11:45:00,null,SI,NO,02:55:00,2,3,1,null,1,17:45:00,00:45:00,24 oct 2026,23 oct 2026,17:45:00,07:00:00,24 oct 2026,07:00:00,24 oct 2026,07:00:00,24 oct 2026,13:15:00,13:00:00,null,3068,2,2,0,0,0,-3.57,-77.12,Oeste,C,0,0,0,11:45:00,INT,5.77,00:00:00,00:00:00,23 oct 2026,J,INT
90,null,null,LIM,7 oct 2026,22:00:00,10 oct 2026,07:00:00,null,1,10 oct 2026,Oct-2026,2026Q3,LA,2485,MAD,LIM,MADLIM,18:45:00,06:30:00,01:45:00,06:30:00,23:45:00,11:30:00,NO,789,OUT,TOUCH,01:00:00,FP,11:45:00,null,SI,NO,02:55:00,2,3,1,null,1,17:45:00,00:45:00,10 oct 2026,9 oct 2026,17:45:00,07:00:00,10 oct 2026,07:00:00,10 oct 2026,07:00:00,10 oct 2026,13:15:00,13:00:00,null,3068,0,0,1,0,8,-3.57,-77.12,Oeste," ",0,0,0,11:45:00,INT,5.77,00:00:00,00:00:00,9 oct 2026,J,INT
37,null,null,LIM,17 oct 2026,22:00:00,20 oct 2026,07:00:00,null,1,20 oct 2026,Oct-2026,2026Q3,LA,2485,MAD,LIM,MADLIM,18:45:00,06:30:00,01:45:00,06:30:00,23:45:00,11:30:00,NO,789,OUT,TOUCH,01:00:00,FP,11:45:00,null,SI,NO,02:55:00,2,3,1,null,1,17:45:00,00:45:00,20 oct 2026,19 oct 2026,17:45:00,07:00:00,20 oct 2026,07:00:00,20 oct 2026,07:00:00,20 oct 2026,13:15:00,13:00:00,null,3068,2,2,0,0,0,-3.57,-77.12,Oeste,C,0,0,0,11:45:00,INT,5.77,00:00:00,00:00:00,19 oct 2026,J,INT
9,null,null,LIM,3 oct 2026,22:00:00,6 oct 2026,07:00:00,null,1,6 oct 2026,Oct-2026,2026Q3,LA,2485,MAD,LIM,MADLIM,18:45:00,06:30:00,01:45:00,06:30:00,23:45:00,11:30:00,NO,789,OUT,TOUCH,01:00:00,FP,11:45:00,null,SI,NO,02:55:00,2,3,1,null,1,17:45:00,00:45:00,6 oct 2026,5 oct 2026,17:45:00,07:00:00,6 oct 2026,07:00:00,6 oct 2026,07:00:00,6 oct 2026,13:15:00,13:00:00,null,3068,2,2,0,0,0,-3.57,-77.12,Oeste,C,0,0,0,11:45:00,INT,5.77,00:00:00,00:00:00,5 oct 2026,J,INT
51,null,null,LIM,3 oct 2026,22:00:00,6 oct 2026,07:00:00,null,1,6 oct 2026,Oct-2026,2026Q3,LA,2485,MAD,LIM,MADLIM,18:45:00,06:30:00,01:45:00,06:30:00,23:45:00,11:30:00,NO,789,OUT,TOUCH,01:00:00,FP,11:45:00,null,SI,NO,02:55:00,2,3,1,null,1,17:45:00,00:45:00,6 oct 2026,5 oct 2026,17:45:00,07:00:00,6 oct 2026,07:00:00,6 oct 2026,07:00:00,6 oct 2026,13:15:00,13:00:00,null,3068,0,0,1,0,8,-3.57,-77.12,Oeste," ",0,0,0,11:45:00,INT,5.77,00:00:00,00:00:00,5 oct 2026,J,INT
11,null,null,LIM,4 oct 2026,22:00:00,7 oct 2026,07:00:00,null,1,7 oct 2026,Oct-2026,2026Q3,LA,2485,MAD,LIM,MADLIM,18:45:00,06:30:00,01:45:00,06:30:00,23:45:00,11:30:00,NO,789,OUT,TOUCH,01:00:00,FP,11:45:00,null,SI,NO,02:55:00,2,3,1,null,1,17:45:00,00:45:00,7 oct 2026,6 oct 2026,17:45:00,07:00:00,7 oct 2026,07:00:00,7 oct 2026,07:00:00,7 oct 2026,13:15:00,13:00:00,null,3068,2,2,0,0,0,-3.57,-77.12,Oeste,C,0,0,0,11:45:00,INT,5.77,00:00:00,00:00:00,6 oct 2026,J,INT
13,null,null,LIM,5 oct 2026,22:00:00,8 oct 2026,07:00:00,null,1,8 oct 2026,Oct-2026,2026Q3,LA,2485,MAD,LIM,MADLIM,18:45:00,06:30:00,01:45:00,06:30:00,23:45:00,11:30:00,NO,789,OUT,TOUCH,01:00:00,FP,11:45:00,null,SI,NO,02:55:00,2,3,1,null,1,17:45:00,00:45:00,8 oct 2026,7 oct 2026,17:45:00,07:00:00,8 oct 2026,07:00:00,8 oct 2026,07:00:00,8 oct 2026,13:15:00,13:00:00,null,3068,2,2,0,0,0,-3.57,-77.12,Oeste,C,0,0,0,11:45:00,INT,5.77,00:00:00,00:00:00,7 oct 2026,J,INT
112,null,null,LIM,9 oct 2026,22:00:00,12 oct 2026,07:00:00,null,1,12 oct 2026,Oct-2026,2026Q3,LA,2485,MAD,LIM,MADLIM,18:45:00,06:30:00,01:45:00,06:30:00,23:45:00,11:30:00,NO,789,OUT,TOUCH,01:00:00,FP,11:45:00,null,SI,NO,02:55:00,2,3,1,null,1,17:45:00,00:45:00,12 oct 2026,11 oct 2026,17:45:00,07:00:00,12 oct 2026,07:00:00,12 oct 2026,07:00:00,12 oct 2026,13:15:00,13:00:00,null,3068,0,0,1,0,8,-3.57,-77.12,Oeste," ",0,0,0,11:45:00,INT,5.77,00:00:00,00:00:00,11 oct 2026,J,INT
81,null,null,LIM,6 oct 2026,22:00:00,9 oct 2026,07:00:00,null,1,9 oct 2026,Oct-2026,2026Q3,LA,2485,MAD,LIM,MADLIM,18:45:00,06:30:00,01:45:00,06:30:00,23:45:00,11:30:00,NO,788,OUT,TOUCH,01:00:00,FP,11:45:00,null,SI,NO,02:55:00,2,3,1,null,1,17:45:00,00:45:00,9 oct 2026,8 oct 2026,17:45:00,07:00:00,9 oct 2026,07:00:00,9 oct 2026,07:00:00,9 oct 2026,13:15:00,13:00:00,null,3068,0,0,1,0,8,-3.57,-77.12,Oeste," ",0,0,0,11:45:00,INT,5.77,00:00:00,00:00:00,8 oct 2026,J,INT
195,null,null,LIM,17 oct 2026,22:00:00,20 oct 2026,07:00:00,null,1,20 oct 2026,Oct-2026,2026Q3,LA,2485,MAD,LIM,MADLIM,18:45:00,06:30:00,01:45:00,06:30:00,23:45:00,11:30:00,NO,789,OUT,TOUCH,01:00:00,FP,11:45:00,null,SI,NO,02:55:00,2,3,1,null,1,17:45:00,00:45:00,20 oct 2026,19 oct 2026,17:45:00,07:00:00,20 oct 2026,07:00:00,20 oct 2026,07:00:00,20 oct 2026,13:15:00,13:00:00,null,3068,0,0,1,0,8,-3.57,-77.12,Oeste," ",0,0,0,11:45:00,INT,5.77,00:00:00,00:00:00,19 oct 2026,J,INT
19,null,null,LIM,8 oct 2026,22:00:00,11 oct 2026,07:00:00,null,1,11 oct 2026,Oct-2026,2026Q3,LA,2485,MAD,LIM,MADLIM,18:45:00,06:30:00,01:45:00,06:30:00,23:45:00,11:30:00,NO,788,OUT,TOUCH,01:00:00,FP,11:45:00,null,SI,NO,02:55:00,2,3,1,null,1,17:45:00,00:45:00,11 oct 2026,10 oct 2026,17:45:00,07:00:00,11 oct 2026,07:00:00,11 oct 2026,07:00:00,11 oct 2026,13:15:00,13:00:00,null,3068,2,2,0,0,0,-3.57,-77.12,Oeste,C,0,0,0,11:45:00,INT,5.77,00:00:00,00:00:00,10 oct 2026,J,INT
173,null,null,LIM,15 oct 2026,22:00:00,18 oct 2026,07:00:00,null,1,18 oct 2026,Oct-2026,2026Q3,LA,2485,MAD,LIM,MADLIM,18:45:00,06:30:00,01:45:00,06:30:00,23:45:00,11:30:00,NO,789,OUT,TOUCH,01:00:00,FP,11:45:00,null,SI,NO,02:55:00,2,3,1,null,1,17:45:00,00:45:00,18 oct 2026,17 oct 2026,17:45:00,07:00:00,18 oct 2026,07:00:00,18 oct 2026,07:00:00,18 oct 2026,13:15:00,13:00:00,null,3068,0,0,1,0,8,-3.57,-77.12,Oeste," ",0,0,0,11:45:00,INT,5.77,00:00:00,00:00:00,17 oct 2026,J,INT
43,null,null,LIM,20 oct 2026,22:00:00,23 oct 2026,07:00:00,null,1,23 oct 2026,Oct-2026,2026Q3,LA,2485,MAD,LIM,MADLIM,18:45:00,06:30:00,01:45:00,06:30:00,23:45:00,11:30:00,NO,789,OUT,TOUCH,01:00:00,FP,11:45:00,null,SI,NO,02:55:00,2,3,1,null,1,17:45:00,00:45:00,23 oct 2026,22 oct 2026,17:45:00,07:00:00,23 oct 2026,07:00:00,23 oct 2026,07:00:00,23 oct 2026,13:15:00,13:00:00,null,3068,2,2,0,0,0,-3.57,-77.12,Oeste,C,0,0,0,11:45:00,INT,5.77,00:00:00,00:00:00,22 oct 2026,J,INT
235,null,null,LIM,21 oct 2026,22:00:00,24 oct 2026,07:00:00,null,1,24 oct 2026,Oct-2026,2026Q3,LA,2485,MAD,LIM,MADLIM,18:45:00,06:30:00,01:45:00,06:30:00,23:45:00,11:30:00,NO,789,OUT,TOUCH,01:00:00,FP,11:45:00,null,SI,NO,02:55:00,2,3,1,null,1,17:45:00,00:45:00,24 oct 2026,23 oct 2026,17:45:00,07:00:00,24 oct 2026,07:00:00,24 oct 2026,07:00:00,24 oct 2026,13:15:00,13:00:00,null,3068,0,0,1,0,8,-3.57,-77.12,Oeste," ",0,0,0,11:45:00,INT,5.77,00:00:00,00:00:00,23 oct 2026,J,INT
3,null,LA2484300926,LIM,30 sept 2026,22:00:00,3 oct 2026,07:00:00,null,1,3 oct 2026,Oct-2026,2026Q3,LA,2485,MAD,LIM,MADLIM,18:45:00,06:30:00,01:45:00,06:30:00,23:45:00,11:30:00,NO,789,OUT,TOUCH,01:00:00,FP,11:45:00,null,SI,NO,02:55:00,2,3,1,null,1,17:45:00,00:45:00,3 oct 2026,2 oct 2026,17:45:00,07:00:00,3 oct 2026,07:00:00,3 oct 2026,07:00:00,3 oct 2026,13:15:00,13:00:00,null,3068,2,2,0,0,0,-3.57,-77.12,Oeste,C,0,0,0,11:45:00,INT,5.77,00:00:00,00:00:00,2 oct 2026,J,INT
1,null,LA2484280926,LIM,28 sept 2026,22:00:00,1 oct 2026,07:00:00,null,1,1 oct 2026,Sep-2026,2026Q3,LA,2485,MAD,LIM,MADLIM,18:45:00,06:30:00,01:45:00,06:30:00,23:45:00,11:30:00,NO,788,OUT,TOUCH,01:00:00,FP,11:45:00,null,SI,NO,02:55:00,2,3,1,null,1,17:45:00,00:45:00,1 oct 2026,30 sept 2026,17:45:00,07:00:00,1 oct 2026,07:00:00,1 oct 2026,07:00:00,1 oct 2026,13:15:00,13:00:00,null,3068,2,2,0,0,0,-3.57,-77.12,Oeste,C,0,0,0,11:45:00,INT,5.77,00:00:00,00:00:00,30 sept 2026,J,INT
21,null,null,LIM,9 oct 2026,22:00:00,12 oct 2026,07:00:00,null,1,12 oct 2026,Oct-2026,2026Q3,LA,2485,MAD,LIM,MADLIM,18:45:00,06:30:00,01:45:00,06:30:00,23:45:00,11:30:00,NO,789,OUT,TOUCH,01:00:00,FP,11:45:00,null,SI,NO,02:55:00,2,3,1,null,1,17:45:00,00:45:00,12 oct 2026,11 oct 2026,17:45:00,07:00:00,12 oct 2026,07:00:00,12 oct 2026,07:00:00,12 oct 2026,13:15:00,13:00:00,null,3068,2,2,0,0,0,-3.57,-77.12,Oeste,C,0,0,0,11:45:00,INT,5.77,00:00:00,00:00:00,11 oct 2026,J,INT
184,null,null,LIM,16 oct 2026,22:00:00,19 oct 2026,07:00:00,null,1,19 oct 2026,Oct-2026,2026Q3,LA,2485,MAD,LIM,MADLIM,18:45:00,06:30:00,01:45:00,06:30:00,23:45:00,11:30:00,NO,789,OUT,TOUCH,01:00:00,FP,11:45:00,null,SI,NO,02:55:00,2,3,1,null,1,17:45:00,00:45:00,19 oct 2026,18 oct 2026,17:45:00,07:00:00,19 oct 2026,07:00:00,19 oct 2026,07:00:00,19 oct 2026,13:15:00,13:00:00,null,3068,0,0,1,0,8,-3.57,-77.12,Oeste," ",0,0,0,11:45:00,INT,5.77,00:00:00,00:00:00,18 oct 2026,J,INT
101,null,null,LIM,8 oct 2026,22:00:00,11 oct 2026,07:00:00,null,1,11 oct 2026,Oct-2026,2026Q3,LA,2485,MAD,LIM,MADLIM,18:45:00,06:30:00,01:45:00,06:30:00,23:45:00,11:30:00,NO,788,OUT,TOUCH,01:00:00,FP,11:45:00,null,SI,NO,02:55:00,2,3,1,null,1,17:45:00,00:45:00,11 oct 2026,10 oct 2026,17:45:00,07:00:00,11 oct 2026,07:00:00,11 oct 2026,07:00:00,11 oct 2026,13:15:00,13:00:00,null,3068,0,0,1,0,8,-3.57,-77.12,Oeste," ",0,0,0,11:45:00,INT,5.77,00:00:00,00:00:00,10 oct 2026,J,INT
29,null,null,LIM,13 oct 2026,22:00:00,16 oct 2026,07:00:00,null,1,16 oct 2026,Oct-2026,2026Q3,LA,2485,MAD,LIM,MADLIM,18:45:00,06:30:00,01:45:00,06:30:00,23:45:00,11:30:00,NO,788,OUT,TOUCH,01:00:00,FP,11:45:00,null,SI,NO,02:55:00,2,3,1,null,1,17:45:00,00:45:00,16 oct 2026,15 oct 2026,17:45:00,07:00:00,16 oct 2026,07:00:00,16 oct 2026,07:00:00,16 oct 2026,13:15:00,13:00:00,null,3068,2,2,0,0,0,-3.57,-77.12,Oeste,C,0,0,0,11:45:00,INT,5.77,00:00:00,00:00:00,15 oct 2026,J,INT
33,null,null,LIM,15 oct 2026,22:00:00,18 oct 2026,07:00:00,null,1,18 oct 2026,Oct-2026,2026Q3,LA,2485,MAD,LIM,MADLIM,18:45:00,06:30:00,01:45:00,06:30:00,23:45:00,11:30:00,NO,789,OUT,TOUCH,01:00:00,FP,11:45:00,null,SI,NO,02:55:00,2,3,1,null,1,17:45:00,00:45:00,18 oct 2026,17 oct 2026,17:45:00,07:00:00,18 oct 2026,07:00:00,18 oct 2026,07:00:00,18 oct 2026,13:15:00,13:00:00,null,3068,2,2,0,0,0,-3.57,-77.12,Oeste,C,0,0,0,11:45:00,INT,5.77,00:00:00,00:00:00,17 oct 2026,J,INT
17,null,null,LIM,7 oct 2026,22:00:00,10 oct 2026,07:00:00,null,1,10 oct 2026,Oct-2026,2026Q3,LA,2485,MAD,LIM,MADLIM,18:45:00,06:30:00,01:45:00,06:30:00,23:45:00,11:30:00,NO,789,OUT,TOUCH,01:00:00,FP,11:45:00,null,SI,NO,02:55:00,2,3,1,null,1,17:45:00,00:45:00,10 oct 2026,9 oct 2026,17:45:00,07:00:00,10 oct 2026,07:00:00,10 oct 2026,07:00:00,10 oct 2026,13:15:00,13:00:00,null,3068,2,2,0,0,0,-3.57,-77.12,Oeste,C,0,0,0,11:45:00,INT,5.77,00:00:00,00:00:00,9 oct 2026,J,INT
39,null,null,LIM,2 oct 2026,22:00:00,5 oct 2026,07:00:00,null,1,5 oct 2026,Oct-2026,2026Q3,LA,2485,MAD,LIM,MADLIM,18:45:00,06:30:00,01:45:00,06:30:00,23:45:00,11:30:00,NO,789,OUT,TOUCH,01:00:00,FP,11:45:00,null,SI,NO,02:55:00,2,3,1,null,1,17:45:00,00:45:00,5 oct 2026,4 oct 2026,17:45:00,07:00:00,5 oct 2026,07:00:00,5 oct 2026,07:00:00,5 oct 2026,13:15:00,13:00:00,null,3068,0,0,1,0,8,-3.57,-77.12,Oeste," ",0,0,0,11:45:00,INT,5.77,00:00:00,00:00:00,4 oct 2026,J,INT
153,null,null,LIM,13 oct 2026,22:00:00,16 oct 2026,07:00:00,null,1,16 oct 2026,Oct-2026,2026Q3,LA,2485,MAD,LIM,MADLIM,18:45:00,06:30:00,01:45:00,06:30:00,23:45:00,11:30:00,NO,788,OUT,TOUCH,01:00:00,FP,11:45:00,null,SI,NO,02:55:00,2,3,1,null,1,17:45:00,00:45:00,16 oct 2026,15 oct 2026,17:45:00,07:00:00,16 oct 2026,07:00:00,16 oct 2026,07:00:00,16 oct 2026,13:15:00,13:00:00,null,3068,0,0,1,0,8,-3.57,-77.12,Oeste," ",0,0,0,11:45:00,INT,5.77,00:00:00,00:00:00,15 oct 2026,J,INT
133,null,null,LIM,11 oct 2026,22:00:00,14 oct 2026,07:00:00,null,1,14 oct 2026,Oct-2026,2026Q3,LA,2485,MAD,LIM,MADLIM,18:45:00,06:30:00,01:45:00,06:30:00,23:45:00,11:30:00,NO,789,OUT,TOUCH,01:00:00,FP,11:45:00,null,SI,NO,02:55:00,2,3,1,null,1,17:45:00,00:45:00,14 oct 2026,13 oct 2026,17:45:00,07:00:00,14 oct 2026,07:00:00,14 oct 2026,07:00:00,14 oct 2026,13:15:00,13:00:00,null,3068,0,0,1,0,8,-3.57,-77.12,Oeste," ",0,0,0,11:45:00,INT,5.77,00:00:00,00:00:00,13 oct 2026,J,INT
298,null,null,LIM,27 oct 2026,12:30:00,30 oct 2026,06:35:00,null,1,30 oct 2026,Oct-2026,2026Q3,LA,2693,MIA,LIM,MIALIM,00:15:00,06:05:00,01:15:00,06:05:00,05:15:00,11:05:00,NO,763,OUT,TOUCH,01:00:00,FP,05:50:00,null,SI,NO,02:55:00,2,4,1,null,1,23:15:00,00:15:00,30 oct 2026,29 oct 2026,23:15:00,06:35:00,30 oct 2026,06:35:00,30 oct 2026,06:35:00,30 oct 2026,07:20:00,13:00:00,null,3066,0,0,1,0,4,-80.28,-77.12,Este," ",0,0,0,05:50:00,INT,2.937,00:00:00,00:00:00,30 oct 2026,J,INT
213,null,null,LIM,27 oct 2026,12:30:00,30 oct 2026,06:35:00,null,1,30 oct 2026,Oct-2026,2026Q3,LA,2693,MIA,LIM,MIALIM,00:15:00,06:05:00,01:15:00,06:05:00,05:15:00,11:05:00,NO,763,OUT,TOUCH,01:00:00,FP,05:50:00,null,SI,NO,02:55:00,2,4,1,null,1,23:15:00,00:15:00,30 oct 2026,29 oct 2026,23:15:00,06:35:00,30 oct 2026,06:35:00,30 oct 2026,06:35:00,30 oct 2026,07:20:00,13:00:00,null,3066,1,1,0,0,0,-80.28,-77.12,Este,A,0,0,0,05:50:00,INT,2.937,00:00:00,00:00:00,30 oct 2026,J,INT
61,null,null,LIM,4 oct 2026,23:05:00,7 oct 2026,07:25:00,null,1,6 oct 2026,Oct-2026,2026Q3,LA,2469,JFK,LIM,JFKLIM,22:59:00,06:55:00,23:59:00,06:55:00,03:59:00,11:55:00,NO,763,OUT,TOUCH,01:00:00,FP,07:56:00,null,SI,NO,02:55:00,2,3,1,null,1,21:59:00,22:59:00,6 oct 2026,6 oct 2026,21:59:00,07:25:00,7 oct 2026,07:25:00,7 oct 2026,07:25:00,7 oct 2026,09:26:00,13:00:00,null,3055,0,0,1,0,6,-73.78,-77.12,Oeste," ",0,0,0,07:56:00,INT,4.004,00:00:00,00:00:00,7 oct 2026,J,INT
134,null,null,LIM,11 oct 2026,23:05:00,14 oct 2026,07:25:00,null,1,13 oct 2026,Oct-2026,2026Q3,LA,2469,JFK,LIM,JFKLIM,22:59:00,06:55:00,23:59:00,06:55:00,03:59:00,11:55:00,NO,763,OUT,TOUCH,01:00:00,FP,07:56:00,null,SI,NO,02:55:00,2,3,1,null,1,21:59:00,22:59:00,13 oct 2026,13 oct 2026,21:59:00,07:25:00,14 oct 2026,07:25:00,14 oct 2026,07:25:00,14 oct 2026,09:26:00,13:00:00,null,3055,0,0,1,0,6,-73.78,-77.12,Oeste," ",0,0,0,07:56:00,INT,4.004,00:00:00,00:00:00,14 oct 2026,J,INT
175,null,null,LIM,22 oct 2026,23:05:00,25 oct 2026,07:25:00,null,1,24 oct 2026,Oct-2026,2026Q3,LA,2469,JFK,LIM,JFKLIM,22:59:00,06:55:00,23:59:00,06:55:00,03:59:00,11:55:00,NO,763,OUT,TOUCH,01:00:00,FP,07:56:00,null,SI,NO,02:55:00,2,3,1,null,1,21:59:00,22:59:00,24 oct 2026,24 oct 2026,21:59:00,07:25:00,25 oct 2026,07:25:00,25 oct 2026,07:25:00,25 oct 2026,09:26:00,13:00:00,null,3055,2,1,0,0,0,-73.78,-77.12,Oeste,B,0,0,0,07:56:00,INT,4.004,00:00:00,00:00:00,25 oct 2026,J,INT
110,null,null,LIM,13 oct 2026,23:05:00,16 oct 2026,07:25:00,null,1,15 oct 2026,Oct-2026,2026Q3,LA,2469,JFK,LIM,JFKLIM,22:59:00,06:55:00,23:59:00,06:55:00,03:59:00,11:55:00,NO,763,OUT,TOUCH,01:00:00,FP,07:56:00,null,SI,NO,02:55:00,2,3,1,null,1,21:59:00,22:59:00,15 oct 2026,15 oct 2026,21:59:00,07:25:00,16 oct 2026,07:25:00,16 oct 2026,07:25:00,16 oct 2026,09:26:00,13:00:00,null,3055,2,1,0,0,0,-73.78,-77.12,Oeste,B,0,0,0,07:56:00,INT,4.004,00:00:00,00:00:00,16 oct 2026,J,INT
174,null,null,LIM,15 oct 2026,23:05:00,18 oct 2026,07:25:00,null,1,17 oct 2026,Oct-2026,2026Q3,LA,2469,JFK,LIM,JFKLIM,22:59:00,06:55:00,23:59:00,06:55:00,03:59:00,11:55:00,NO,763,OUT,TOUCH,01:00:00,FP,07:56:00,null,SI,NO,02:55:00,2,3,1,null,1,21:59:00,22:59:00,17 oct 2026,17 oct 2026,21:59:00,07:25:00,18 oct 2026,07:25:00,18 oct 2026,07:25:00,18 oct 2026,09:26:00,13:00:00,null,3055,0,0,1,0,6,-73.78,-77.12,Oeste," ",0,0,0,07:56:00,INT,4.004,00:00:00,00:00:00,18 oct 2026,J,INT
19,null,LA2468300926,LIM,30 sept 2026,23:05:00,3 oct 2026,07:25:00,null,1,2 oct 2026,Oct-2026,2026Q3,LA,2469,JFK,LIM,JFKLIM,22:59:00,06:55:00,23:59:00,06:55:00,03:59:00,11:55:00,NO,763,OUT,TOUCH,01:00:00,FP,07:56:00,null,SI,NO,02:55:00,2,3,1,null,1,21:59:00,22:59:00,2 oct 2026,2 oct 2026,21:59:00,07:25:00,3 oct 2026,07:25:00,3 oct 2026,07:25:00,3 oct 2026,09:26:00,13:00:00,null,3055,0,0,1,0,6,-73.78,-77.12,Oeste," ",0,0,0,07:56:00,INT,4.004,00:00:00,00:00:00,3 oct 2026,J,INT
154,null,null,LIM,13 oct 2026,23:05:00,16 oct 2026,07:25:00,null,1,15 oct 2026,Oct-2026,2026Q3,LA,2469,JFK,LIM,JFKLIM,22:59:00,06:55:00,23:59:00,06:55:00,03:59:00,11:55:00,NO,763,OUT,TOUCH,01:00:00,FP,07:56:00,null,SI,NO,02:55:00,2,3,1,null,1,21:59:00,22:59:00,15 oct 2026,15 oct 2026,21:59:00,07:25:00,16 oct 2026,07:25:00,16 oct 2026,07:25:00,16 oct 2026,09:26:00,13:00:00,null,3055,0,0,1,0,6,-73.78,-77.12,Oeste," ",0,0,0,07:56:00,INT,4.004,00:00:00,00:00:00,16 oct 2026,J,INT
4,null,LA2468280926,LIM,28 sept 2026,23:05:00,1 oct 2026,07:25:00,null,1,30 sept 2026,Sep-2026,2026Q3,LA,2469,JFK,LIM,JFKLIM,22:59:00,06:55:00,23:59:00,06:55:00,03:59:00,11:55:00,NO,763,OUT,TOUCH,01:00:00,FP,07:56:00,null,SI,NO,02:55:00,2,3,1,null,1,21:59:00,22:59:00,30 sept 2026,30 sept 2026,21:59:00,07:25:00,1 oct 2026,07:25:00,1 oct 2026,07:25:00,1 oct 2026,09:26:00,13:00:00,null,3055,0,0,1,0,6,-73.78,-77.12,Oeste," ",0,0,0,07:56:00,INT,4.004,00:00:00,00:00:00,1 oct 2026,J,INT
96,null,null,LIM,11 oct 2026,23:05:00,14 oct 2026,07:25:00,null,1,13 oct 2026,Oct-2026,2026Q3,LA,2469,JFK,LIM,JFKLIM,22:59:00,06:55:00,23:59:00,06:55:00,03:59:00,11:55:00,NO,763,OUT,TOUCH,01:00:00,FP,07:56:00,null,SI,NO,02:55:00,2,3,1,null,1,21:59:00,22:59:00,13 oct 2026,13 oct 2026,21:59:00,07:25:00,14 oct 2026,07:25:00,14 oct 2026,07:25:00,14 oct 2026,09:26:00,13:00:00,null,3055,2,1,0,0,0,-73.78,-77.12,Oeste,B,0,0,0,07:56:00,INT,4.004,00:00:00,00:00:00,14 oct 2026,J,INT
59,null,null,LIM,6 oct 2026,23:05:00,9 oct 2026,07:25:00,null,1,8 oct 2026,Oct-2026,2026Q3,LA,2469,JFK,LIM,JFKLIM,22:59:00,06:55:00,23:59:00,06:55:00,03:59:00,11:55:00,NO,763,OUT,TOUCH,01:00:00,FP,07:56:00,null,SI,NO,02:55:00,2,3,1,null,1,21:59:00,22:59:00,8 oct 2026,8 oct 2026,21:59:00,07:25:00,9 oct 2026,07:25:00,9 oct 2026,07:25:00,9 oct 2026,09:26:00,13:00:00,null,3055,2,1,0,0,0,-73.78,-77.12,Oeste,B,0,0,0,07:56:00,INT,4.004,00:00:00,00:00:00,9 oct 2026,J,INT
146,null,null,LIM,18 oct 2026,23:05:00,21 oct 2026,07:25:00,null,1,20 oct 2026,Oct-2026,2026Q3,LA,2469,JFK,LIM,JFKLIM,22:59:00,06:55:00,23:59:00,06:55:00,03:59:00,11:55:00,NO,763,OUT,TOUCH,01:00:00,FP,07:56:00,null,SI,NO,02:55:00,2,3,1,null,1,21:59:00,22:59:00,20 oct 2026,20 oct 2026,21:59:00,07:25:00,21 oct 2026,07:25:00,21 oct 2026,07:25:00,21 oct 2026,09:26:00,13:00:00,null,3055,2,1,0,0,0,-73.78,-77.12,Oeste,B,0,0,0,07:56:00,INT,4.004,00:00:00,00:00:00,21 oct 2026,J,INT
21,null,null,LIM,1 oct 2026,23:05:00,4 oct 2026,07:25:00,null,1,3 oct 2026,Oct-2026,2026Q3,LA,2469,JFK,LIM,JFKLIM,22:59:00,06:55:00,23:59:00,06:55:00,03:59:00,11:55:00,NO,763,OUT,TOUCH,01:00:00,FP,07:56:00,null,SI,NO,02:55:00,2,3,1,null,1,21:59:00,22:59:00,3 oct 2026,3 oct 2026,21:59:00,07:25:00,4 oct 2026,07:25:00,4 oct 2026,07:25:00,4 oct 2026,09:26:00,13:00:00,null,3055,2,1,0,0,0,-73.78,-77.12,Oeste,B,0,0,0,07:56:00,INT,4.004,00:00:00,00:00:00,4 oct 2026,J,INT
14,null,LA2468300926,LIM,30 sept 2026,23:05:00,3 oct 2026,07:25:00,null,1,2 oct 2026,Oct-2026,2026Q3,LA,2469,JFK,LIM,JFKLIM,22:59:00,06:55:00,23:59:00,06:55:00,03:59:00,11:55:00,NO,763,OUT,TOUCH,01:00:00,FP,07:56:00,null,SI,NO,02:55:00,2,3,1,null,1,21:59:00,22:59:00,2 oct 2026,2 oct 2026,21:59:00,07:25:00,3 oct 2026,07:25:00,3 oct 2026,07:25:00,3 oct 2026,09:26:00,13:00:00,null,3055,2,1,0,0,0,-73.78,-77.12,Oeste,B,0,0,0,07:56:00,INT,4.004,00:00:00,00:00:00,3 oct 2026,J,INT
246,null,null,LIM,22 oct 2026,23:05:00,25 oct 2026,07:25:00,null,1,24 oct 2026,Oct-2026,2026Q3,LA,2469,JFK,LIM,JFKLIM,22:59:00,06:55:00,23:59:00,06:55:00,03:59:00,11:55:00,NO,763,OUT,TOUCH,01:00:00,FP,07:56:00,null,SI,NO,02:55:00,2,3,1,null,1,21:59:00,22:59:00,24 oct 2026,24 oct 2026,21:59:00,07:25:00,25 oct 2026,07:25:00,25 oct 2026,07:25:00,25 oct 2026,09:26:00,13:00:00,null,3055,0,0,1,0,6,-73.78,-77.12,Oeste," ",0,0,0,07:56:00,INT,4.004,00:00:00,00:00:00,25 oct 2026,J,INT
29,null,null,LIM,1 oct 2026,23:05:00,4 oct 2026,07:25:00,null,1,3 oct 2026,Oct-2026,2026Q3,LA,2469,JFK,LIM,JFKLIM,22:59:00,06:55:00,23:59:00,06:55:00,03:59:00,11:55:00,NO,763,OUT,TOUCH,01:00:00,FP,07:56:00,null,SI,NO,02:55:00,2,3,1,null,1,21:59:00,22:59:00,3 oct 2026,3 oct 2026,21:59:00,07:25:00,4 oct 2026,07:25:00,4 oct 2026,07:25:00,4 oct 2026,09:26:00,13:00:00,null,3055,0,0,1,0,6,-73.78,-77.12,Oeste," ",0,0,0,07:56:00,INT,4.004,00:00:00,00:00:00,4 oct 2026,J,INT
38,null,null,LIM,3 oct 2026,23:05:00,6 oct 2026,07:25:00,null,1,5 oct 2026,Oct-2026,2026Q3,LA,2469,JFK,LIM,JFKLIM,22:59:00,06:55:00,23:59:00,06:55:00,03:59:00,11:55:00,NO,763,OUT,TOUCH,01:00:00,FP,07:56:00,null,SI,NO,02:55:00,2,3,1,null,1,21:59:00,22:59:00,5 oct 2026,5 oct 2026,21:59:00,07:25:00,6 oct 2026,07:25:00,6 oct 2026,07:25:00,6 oct 2026,09:26:00,13:00:00,null,3055,2,1,0,0,0,-73.78,-77.12,Oeste,B,0,0,0,07:56:00,INT,4.004,00:00:00,00:00:00,6 oct 2026,J,INT
168,null,null,LIM,21 oct 2026,23:05:00,24 oct 2026,07:25:00,null,1,23 oct 2026,Oct-2026,2026Q3,LA,2469,JFK,LIM,JFKLIM,22:59:00,06:55:00,23:59:00,06:55:00,03:59:00,11:55:00,NO,763,OUT,TOUCH,01:00:00,FP,07:56:00,null,SI,NO,02:55:00,2,3,1,null,1,21:59:00,22:59:00,23 oct 2026,23 oct 2026,21:59:00,07:25:00,24 oct 2026,07:25:00,24 oct 2026,07:25:00,24 oct 2026,09:26:00,13:00:00,null,3055,2,1,0,0,0,-73.78,-77.12,Oeste,B,0,0,0,07:56:00,INT,4.004,00:00:00,00:00:00,24 oct 2026,J,INT
140,null,null,LIM,17 oct 2026,23:05:00,20 oct 2026,07:25:00,null,1,19 oct 2026,Oct-2026,2026Q3,LA,2469,JFK,LIM,JFKLIM,22:59:00,06:55:00,23:59:00,06:55:00,03:59:00,11:55:00,NO,763,OUT,TOUCH,01:00:00,FP,07:56:00,null,SI,NO,02:55:00,2,3,1,null,1,21:59:00,22:59:00,19 oct 2026,19 oct 2026,21:59:00,07:25:00,20 oct 2026,07:25:00,20 oct 2026,07:25:00,20 oct 2026,09:26:00,13:00:00,null,3055,2,1,0,0,0,-73.78,-77.12,Oeste,B,0,0,0,07:56:00,INT,4.004,00:00:00,00:00:00,20 oct 2026,J,INT
7,null,LA2468290926,LIM,29 sept 2026,23:05:00,2 oct 2026,07:25:00,null,1,1 oct 2026,Oct-2026,2026Q3,LA,2469,JFK,LIM,JFKLIM,22:59:00,06:55:00,23:59:00,06:55:00,03:59:00,11:55:00,NO,763,OUT,TOUCH,01:00:00,FP,07:56:00,null,SI,NO,02:55:00,2,3,1,null,1,21:59:00,22:59:00,1 oct 2026,1 oct 2026,21:59:00,07:25:00,2 oct 2026,07:25:00,2 oct 2026,07:25:00,2 oct 2026,09:26:00,13:00:00,null,3055,2,1,0,0,0,-73.78,-77.12,Oeste,B,0,0,0,07:56:00,INT,4.004,00:00:00,00:00:00,2 oct 2026,J,INT
52,null,null,LIM,3 oct 2026,23:05:00,6 oct 2026,07:25:00,null,1,5 oct 2026,Oct-2026,2026Q3,LA,2469,JFK,LIM,JFKLIM,22:59:00,06:55:00,23:59:00,06:55:00,03:59:00,11:55:00,NO,763,OUT,TOUCH,01:00:00,FP,07:56:00,null,SI,NO,02:55:00,2,3,1,null,1,21:59:00,22:59:00,5 oct 2026,5 oct 2026,21:59:00,07:25:00,6 oct 2026,07:25:00,6 oct 2026,07:25:00,6 oct 2026,09:26:00,13:00:00,null,3055,0,0,1,0,6,-73.78,-77.12,Oeste," ",0,0,0,07:56:00,INT,4.004,00:00:00,00:00:00,6 oct 2026,J,INT
73,null,null,LIM,8 oct 2026,23:05:00,11 oct 2026,07:25:00,null,1,10 oct 2026,Oct-2026,2026Q3,LA,2469,JFK,LIM,JFKLIM,22:59:00,06:55:00,23:59:00,06:55:00,03:59:00,11:55:00,NO,763,OUT,TOUCH,01:00:00,FP,07:56:00,null,SI,NO,02:55:00,2,3,1,null,1,21:59:00,22:59:00,10 oct 2026,10 oct 2026,21:59:00,07:25:00,11 oct 2026,07:25:00,11 oct 2026,07:25:00,11 oct 2026,09:26:00,13:00:00,null,3055,2,1,0,0,0,-73.78,-77.12,Oeste,B,0,0,0,07:56:00,INT,4.004,00:00:00,00:00:00,11 oct 2026,J,INT
226,null,null,LIM,20 oct 2026,23:05:00,23 oct 2026,07:25:00,null,1,22 oct 2026,Oct-2026,2026Q3,LA,2469,JFK,LIM,JFKLIM,22:59:00,06:55:00,23:59:00,06:55:00,03:59:00,11:55:00,NO,763,OUT,TOUCH,01:00:00,FP,07:56:00,null,SI,NO,02:55:00,2,3,1,null,1,21:59:00,22:59:00,22 oct 2026,22 oct 2026,21:59:00,07:25:00,23 oct 2026,07:25:00,23 oct 2026,07:25:00,23 oct 2026,09:26:00,13:00:00,null,3055,0,0,1,0,6,-73.78,-77.12,Oeste," ",0,0,0,07:56:00,INT,4.004,00:00:00,00:00:00,23 oct 2026,J,INT
161,null,null,LIM,20 oct 2026,23:05:00,23 oct 2026,07:25:00,null,1,22 oct 2026,Oct-2026,2026Q3,LA,2469,JFK,LIM,JFKLIM,22:59:00,06:55:00,23:59:00,06:55:00,03:59:00,11:55:00,NO,763,OUT,TOUCH,01:00:00,FP,07:56:00,null,SI,NO,02:55:00,2,3,1,null,1,21:59:00,22:59:00,22 oct 2026,22 oct 2026,21:59:00,07:25:00,23 oct 2026,07:25:00,23 oct 2026,07:25:00,23 oct 2026,09:26:00,13:00:00,null,3055,2,1,0,0,0,-73.78,-77.12,Oeste,B,0,0,0,07:56:00,INT,4.004,00:00:00,00:00:00,23 oct 2026,J,INT
44,null,null,LIM,4 oct 2026,23:05:00,7 oct 2026,07:25:00,null,1,6 oct 2026,Oct-2026,2026Q3,LA,2469,JFK,LIM,JFKLIM,22:59:00,06:55:00,23:59:00,06:55:00,03:59:00,11:55:00,NO,763,OUT,TOUCH,01:00:00,FP,07:56:00,null,SI,NO,02:55:00,2,3,1,null,1,21:59:00,22:59:00,6 oct 2026,6 oct 2026,21:59:00,07:25:00,7 oct 2026,07:25:00,7 oct 2026,07:25:00,7 oct 2026,09:26:00,13:00:00,null,3055,2,1,0,0,0,-73.78,-77.12,Oeste,B,0,0,0,07:56:00,INT,4.004,00:00:00,00:00:00,7 oct 2026,J,INT
3,null,LA2468280926,LIM,28 sept 2026,23:05:00,1 oct 2026,07:25:00,null,1,30 sept 2026,Sep-2026,2026Q3,LA,2469,JFK,LIM,JFKLIM,22:59:00,06:55:00,23:59:00,06:55:00,03:59:00,11:55:00,NO,763,OUT,TOUCH,01:00:00,FP,07:56:00,null,SI,NO,02:55:00,2,3,1,null,1,21:59:00,22:59:00,30 sept 2026,30 sept 2026,21:59:00,07:25:00,1 oct 2026,07:25:00,1 oct 2026,07:25:00,1 oct 2026,09:26:00,13:00:00,null,3055,2,1,0,0,0,-73.78,-77.12,Oeste,B,0,0,0,07:56:00,INT,4.004,00:00:00,00:00:00,1 oct 2026,J,INT
125,null,null,LIM,10 oct 2026,23:05:00,13 oct 2026,07:25:00,null,1,12 oct 2026,Oct-2026,2026Q3,LA,2469,JFK,LIM,JFKLIM,22:59:00,06:55:00,23:59:00,06:55:00,03:59:00,11:55:00,NO,763,OUT,TOUCH,01:00:00,FP,07:56:00,null,SI,NO,02:55:00,2,3,1,null,1,21:59:00,22:59:00,12 oct 2026,12 oct 2026,21:59:00,07:25:00,13 oct 2026,07:25:00,13 oct 2026,07:25:00,13 oct 2026,09:26:00,13:00:00,null,3055,0,0,1,0,6,-73.78,-77.12,Oeste," ",0,0,0,07:56:00,INT,4.004,00:00:00,00:00:00,13 oct 2026,J,INT
124,null,null,LIM,15 oct 2026,23:05:00,18 oct 2026,07:25:00,null,1,17 oct 2026,Oct-2026,2026Q3,LA,2469,JFK,LIM,JFKLIM,22:59:00,06:55:00,23:59:00,06:55:00,03:59:00,11:55:00,NO,763,OUT,TOUCH,01:00:00,FP,07:56:00,null,SI,NO,02:55:00,2,3,1,null,1,21:59:00,22:59:00,17 oct 2026,17 oct 2026,21:59:00,07:25:00,18 oct 2026,07:25:00,18 oct 2026,07:25:00,18 oct 2026,09:26:00,13:00:00,null,3055,2,1,0,0,0,-73.78,-77.12,Oeste,B,0,0,0,07:56:00,INT,4.004,00:00:00,00:00:00,18 oct 2026,J,INT
154,null,null,LIM,19 oct 2026,23:05:00,22 oct 2026,07:25:00,null,1,21 oct 2026,Oct-2026,2026Q3,LA,2469,JFK,LIM,JFKLIM,22:59:00,06:55:00,23:59:00,06:55:00,03:59:00,11:55:00,NO,763,OUT,TOUCH,01:00:00,FP,07:56:00,null,SI,NO,02:55:00,2,3,1,null,1,21:59:00,22:59:00,21 oct 2026,21 oct 2026,21:59:00,07:25:00,22 oct 2026,07:25:00,22 oct 2026,07:25:00,22 oct 2026,09:26:00,13:00:00,null,3055,2,1,0,0,0,-73.78,-77.12,Oeste,B,0,0,0,07:56:00,INT,4.004,00:00:00,00:00:00,22 oct 2026,J,INT
102,null,null,LIM,8 oct 2026,23:05:00,11 oct 2026,07:25:00,null,1,10 oct 2026,Oct-2026,2026Q3,LA,2469,JFK,LIM,JFKLIM,22:59:00,06:55:00,23:59:00,06:55:00,03:59:00,11:55:00,NO,763,OUT,TOUCH,01:00:00,FP,07:56:00,null,SI,NO,02:55:00,2,3,1,null,1,21:59:00,22:59:00,10 oct 2026,10 oct 2026,21:59:00,07:25:00,11 oct 2026,07:25:00,11 oct 2026,07:25:00,11 oct 2026,09:26:00,13:00:00,null,3055,0,0,1,0,6,-73.78,-77.12,Oeste," ",0,0,0,07:56:00,INT,4.004,00:00:00,00:00:00,11 oct 2026,J,INT
236,null,null,LIM,21 oct 2026,23:05:00,24 oct 2026,07:25:00,null,1,23 oct 2026,Oct-2026,2026Q3,LA,2469,JFK,LIM,JFKLIM,22:59:00,06:55:00,23:59:00,06:55:00,03:59:00,11:55:00,NO,763,OUT,TOUCH,01:00:00,FP,07:56:00,null,SI,NO,02:55:00,2,3,1,null,1,21:59:00,22:59:00,23 oct 2026,23 oct 2026,21:59:00,07:25:00,24 oct 2026,07:25:00,24 oct 2026,07:25:00,24 oct 2026,09:26:00,13:00:00,null,3055,0,0,1,0,6,-73.78,-77.12,Oeste," ",0,0,0,07:56:00,INT,4.004,00:00:00,00:00:00,24 oct 2026,J,INT
216,null,null,LIM,19 oct 2026,23:05:00,22 oct 2026,07:25:00,null,1,21 oct 2026,Oct-2026,2026Q3,LA,2469,JFK,LIM,JFKLIM,22:59:00,06:55:00,23:59:00,06:55:00,03:59:00,11:55:00,NO,763,OUT,TOUCH,01:00:00,FP,07:56:00,null,SI,NO,02:55:00,2,3,1,null,1,21:59:00,22:59:00,21 oct 2026,21 oct 2026,21:59:00,07:25:00,22 oct 2026,07:25:00,22 oct 2026,07:25:00,22 oct 2026,09:26:00,13:00:00,null,3055,0,0,1,0,6,-73.78,-77.12,Oeste," ",0,0,0,07:56:00,INT,4.004,00:00:00,00:00:00,22 oct 2026,J,INT
205,null,null,LIM,18 oct 2026,23:05:00,21 oct 2026,07:25:00,null,1,20 oct 2026,Oct-2026,2026Q3,LA,2469,JFK,LIM,JFKLIM,22:59:00,06:55:00,23:59:00,06:55:00,03:59:00,11:55:00,NO,763,OUT,TOUCH,01:00:00,FP,07:56:00,null,SI,NO,02:55:00,2,3,1,null,1,21:59:00,22:59:00,20 oct 2026,20 oct 2026,21:59:00,07:25:00,21 oct 2026,07:25:00,21 oct 2026,07:25:00,21 oct 2026,09:26:00,13:00:00,null,3055,0,0,1,0,6,-73.78,-77.12,Oeste," ",0,0,0,07:56:00,INT,4.004,00:00:00,00:00:00,21 oct 2026,J,INT
90,null,null,LIM,10 oct 2026,23:05:00,13 oct 2026,07:25:00,null,1,12 oct 2026,Oct-2026,2026Q3,LA,2469,JFK,LIM,JFKLIM,22:59:00,06:55:00,23:59:00,06:55:00,03:59:00,11:55:00,NO,763,OUT,TOUCH,01:00:00,FP,07:56:00,null,SI,NO,02:55:00,2,3,1,null,1,21:59:00,22:59:00,12 oct 2026,12 oct 2026,21:59:00,07:25:00,13 oct 2026,07:25:00,13 oct 2026,07:25:00,13 oct 2026,09:26:00,13:00:00,null,3055,2,1,0,0,0,-73.78,-77.12,Oeste,B,0,0,0,07:56:00,INT,4.004,00:00:00,00:00:00,13 oct 2026,J,INT
10,null,LA2468290926,LIM,29 sept 2026,23:05:00,2 oct 2026,07:25:00,null,1,1 oct 2026,Oct-2026,2026Q3,LA,2469,JFK,LIM,JFKLIM,22:59:00,06:55:00,23:59:00,06:55:00,03:59:00,11:55:00,NO,763,OUT,TOUCH,01:00:00,FP,07:56:00,null,SI,NO,02:55:00,2,3,1,null,1,21:59:00,22:59:00,1 oct 2026,1 oct 2026,21:59:00,07:25:00,2 oct 2026,07:25:00,2 oct 2026,07:25:00,2 oct 2026,09:26:00,13:00:00,null,3055,0,0,1,0,6,-73.78,-77.12,Oeste," ",0,0,0,07:56:00,INT,4.004,00:00:00,00:00:00,2 oct 2026,J,INT
82,null,null,LIM,6 oct 2026,23:05:00,9 oct 2026,07:25:00,null,1,8 oct 2026,Oct-2026,2026Q3,LA,2469,JFK,LIM,JFKLIM,22:59:00,06:55:00,23:59:00,06:55:00,03:59:00,11:55:00,NO,763,OUT,TOUCH,01:00:00,FP,07:56:00,null,SI,NO,02:55:00,2,3,1,null,1,21:59:00,22:59:00,8 oct 2026,8 oct 2026,21:59:00,07:25:00,9 oct 2026,07:25:00,9 oct 2026,07:25:00,9 oct 2026,09:26:00,13:00:00,null,3055,0,0,1,0,6,-73.78,-77.12,Oeste," ",0,0,0,07:56:00,INT,4.004,00:00:00,00:00:00,9 oct 2026,J,INT
196,null,null,LIM,17 oct 2026,23:05:00,20 oct 2026,07:25:00,null,1,19 oct 2026,Oct-2026,2026Q3,LA,2469,JFK,LIM,JFKLIM,22:59:00,06:55:00,23:59:00,06:55:00,03:59:00,11:55:00,NO,763,OUT,TOUCH,01:00:00,FP,07:56:00,null,SI,NO,02:55:00,2,3,1,null,1,21:59:00,22:59:00,19 oct 2026,19 oct 2026,21:59:00,07:25:00,20 oct 2026,07:25:00,20 oct 2026,07:25:00,20 oct 2026,09:26:00,13:00:00,null,3055,0,0,1,0,6,-73.78,-77.12,Oeste," ",0,0,0,07:56:00,INT,4.004,00:00:00,00:00:00,20 oct 2026,J,INT
49,null,null,LIM,23 oct 2026,22:00:00,26 oct 2026,07:05:00,null,1,26 oct 2026,Oct-2026,2026Q3,LA,2485,MAD,LIM,MADLIM,18:40:00,06:35:00,00:40:00,06:35:00,23:40:00,11:35:00,NO,789,OUT,TOUCH,01:00:00,FP,11:55:00,null,SI,NO,02:55:00,2,3,1,null,1,17:40:00,23:40:00,25 oct 2026,25 oct 2026,17:40:00,07:05:00,26 oct 2026,07:05:00,26 oct 2026,07:05:00,26 oct 2026,13:25:00,13:00:00,null,3047,2,2,0,0,0,-3.57,-77.12,Oeste,C,0,0,0,11:55:00,INT,5.812,00:00:00,00:00:00,25 oct 2026,J,INT
245,null,null,LIM,22 oct 2026,22:00:00,25 oct 2026,07:05:00,null,1,25 oct 2026,Oct-2026,2026Q3,LA,2485,MAD,LIM,MADLIM,18:40:00,06:35:00,01:40:00,06:35:00,23:40:00,11:35:00,NO,789,OUT,TOUCH,01:00:00,FP,11:55:00,null,SI,NO,02:55:00,2,3,1,null,1,17:40:00,00:40:00,25 oct 2026,24 oct 2026,17:40:00,07:05:00,25 oct 2026,07:05:00,25 oct 2026,07:05:00,25 oct 2026,13:25:00,13:00:00,null,3047,0,0,1,0,8,-3.57,-77.12,Oeste," ",0,0,0,11:55:00,INT,5.812,00:00:00,00:00:00,24 oct 2026,J,INT
256,null,null,LIM,23 oct 2026,22:00:00,26 oct 2026,07:05:00,null,1,26 oct 2026,Oct-2026,2026Q3,LA,2485,MAD,LIM,MADLIM,18:40:00,06:35:00,00:40:00,06:35:00,23:40:00,11:35:00,NO,789,OUT,TOUCH,01:00:00,FP,11:55:00,null,SI,NO,02:55:00,2,3,1,null,1,17:40:00,23:40:00,25 oct 2026,25 oct 2026,17:40:00,07:05:00,26 oct 2026,07:05:00,26 oct 2026,07:05:00,26 oct 2026,13:25:00,13:00:00,null,3047,0,0,1,0,8,-3.57,-77.12,Oeste," ",0,0,0,11:55:00,INT,5.812,00:00:00,00:00:00,25 oct 2026,J,INT
47,null,null,LIM,22 oct 2026,22:00:00,25 oct 2026,07:05:00,null,1,25 oct 2026,Oct-2026,2026Q3,LA,2485,MAD,LIM,MADLIM,18:40:00,06:35:00,01:40:00,06:35:00,23:40:00,11:35:00,NO,789,OUT,TOUCH,01:00:00,FP,11:55:00,null,SI,NO,02:55:00,2,3,1,null,1,17:40:00,00:40:00,25 oct 2026,24 oct 2026,17:40:00,07:05:00,25 oct 2026,07:05:00,25 oct 2026,07:05:00,25 oct 2026,13:25:00,13:00:00,null,3047,2,2,0,0,0,-3.57,-77.12,Oeste,C,0,0,0,11:55:00,INT,5.812,00:00:00,00:00:00,24 oct 2026,J,INT
235,null,null,LIM,30 oct 2026,23:05:00,2 nov 2026,07:25:00,null,1,1 nov 2026,Nov-2026,2026Q3,LA,2469,JFK,LIM,JFKLIM,22:50:00,06:55:00,22:50:00,06:55:00,03:50:00,11:55:00,NO,763,OUT,TOUCH,01:00:00,FP,08:05:00,null,SI,NO,02:55:00,2,3,1,null,1,21:50:00,21:50:00,1 nov 2026,1 nov 2026,21:50:00,07:25:00,2 nov 2026,07:25:00,2 nov 2026,07:25:00,2 nov 2026,09:35:00,13:00:00,null,3040,2,1,0,0,0,-73.78,-77.12,Oeste,B,0,0,0,08:05:00,INT,4.02,00:00:00,00:00:00,2 nov 2026,J,INT
279,null,null,LIM,25 oct 2026,23:05:00,28 oct 2026,07:25:00,null,1,27 oct 2026,Oct-2026,2026Q3,LA,2469,JFK,LIM,JFKLIM,22:50:00,06:55:00,23:50:00,06:55:00,03:50:00,11:55:00,NO,763,OUT,TOUCH,01:00:00,FP,08:05:00,null,SI,NO,02:55:00,2,3,1,null,1,21:50:00,22:50:00,27 oct 2026,27 oct 2026,21:50:00,07:25:00,28 oct 2026,07:25:00,28 oct 2026,07:25:00,28 oct 2026,09:35:00,13:00:00,null,3040,0,0,1,0,6,-73.78,-77.12,Oeste," ",0,0,0,08:05:00,INT,4.02,00:00:00,00:00:00,28 oct 2026,J,INT
268,null,null,LIM,24 oct 2026,23:05:00,27 oct 2026,07:25:00,null,1,26 oct 2026,Oct-2026,2026Q3,LA,2469,JFK,LIM,JFKLIM,22:50:00,06:55:00,23:50:00,06:55:00,03:50:00,11:55:00,NO,763,OUT,TOUCH,01:00:00,FP,08:05:00,null,SI,NO,02:55:00,2,3,1,null,1,21:50:00,22:50:00,26 oct 2026,26 oct 2026,21:50:00,07:25:00,27 oct 2026,07:25:00,27 oct 2026,07:25:00,27 oct 2026,09:35:00,13:00:00,null,3040,0,0,1,0,6,-73.78,-77.12,Oeste," ",0,0,0,08:05:00,INT,4.02,00:00:00,00:00:00,27 oct 2026,J,INT
221,null,null,LIM,28 oct 2026,23:05:00,31 oct 2026,07:25:00,null,1,30 oct 2026,Oct-2026,2026Q3,LA,2469,JFK,LIM,JFKLIM,22:50:00,06:55:00,23:50:00,06:55:00,03:50:00,11:55:00,NO,763,OUT,TOUCH,01:00:00,FP,08:05:00,null,SI,NO,02:55:00,2,3,1,null,1,21:50:00,22:50:00,30 oct 2026,30 oct 2026,21:50:00,07:25:00,31 oct 2026,07:25:00,31 oct 2026,07:25:00,31 oct 2026,09:35:00,13:00:00,null,3040,2,1,0,0,0,-73.78,-77.12,Oeste,B,0,0,0,08:05:00,INT,4.02,00:00:00,00:00:00,31 oct 2026,J,INT
320,null,null,LIM,29 oct 2026,23:05:00,1 nov 2026,07:25:00,null,1,31 oct 2026,Oct-2026,2026Q3,LA,2469,JFK,LIM,JFKLIM,22:50:00,06:55:00,23:50:00,06:55:00,03:50:00,11:55:00,NO,763,OUT,TOUCH,01:00:00,FP,08:05:00,null,SI,NO,02:55:00,2,3,1,null,1,21:50:00,22:50:00,31 oct 2026,31 oct 2026,21:50:00,07:25:00,1 nov 2026,07:25:00,1 nov 2026,07:25:00,1 nov 2026,09:35:00,13:00:00,null,3040,0,0,1,0,6,-73.78,-77.12,Oeste," ",0,0,0,08:05:00,INT,4.02,00:00:00,00:00:00,1 nov 2026,J,INT
214,null,null,LIM,27 oct 2026,23:05:00,30 oct 2026,07:25:00,null,1,29 oct 2026,Oct-2026,2026Q3,LA,2469,JFK,LIM,JFKLIM,22:50:00,06:55:00,23:50:00,06:55:00,03:50:00,11:55:00,NO,763,OUT,TOUCH,01:00:00,FP,08:05:00,null,SI,NO,02:55:00,2,3,1,null,1,21:50:00,22:50:00,29 oct 2026,29 oct 2026,21:50:00,07:25:00,30 oct 2026,07:25:00,30 oct 2026,07:25:00,30 oct 2026,09:35:00,13:00:00,null,3040,2,1,0,0,0,-73.78,-77.12,Oeste,B,0,0,0,08:05:00,INT,4.02,00:00:00,00:00:00,30 oct 2026,J,INT
191,null,null,LIM,24 oct 2026,23:05:00,27 oct 2026,07:25:00,null,1,26 oct 2026,Oct-2026,2026Q3,LA,2469,JFK,LIM,JFKLIM,22:50:00,06:55:00,23:50:00,06:55:00,03:50:00,11:55:00,NO,763,OUT,TOUCH,01:00:00,FP,08:05:00,null,SI,NO,02:55:00,2,3,1,null,1,21:50:00,22:50:00,26 oct 2026,26 oct 2026,21:50:00,07:25:00,27 oct 2026,07:25:00,27 oct 2026,07:25:00,27 oct 2026,09:35:00,13:00:00,null,3040,2,1,0,0,0,-73.78,-77.12,Oeste,B,0,0,0,08:05:00,INT,4.02,00:00:00,00:00:00,27 oct 2026,J,INT
207,null,null,LIM,26 oct 2026,23:05:00,29 oct 2026,07:25:00,null,1,28 oct 2026,Oct-2026,2026Q3,LA,2469,JFK,LIM,JFKLIM,22:50:00,06:55:00,23:50:00,06:55:00,03:50:00,11:55:00,NO,763,OUT,TOUCH,01:00:00,FP,08:05:00,null,SI,NO,02:55:00,2,3,1,null,1,21:50:00,22:50:00,28 oct 2026,28 oct 2026,21:50:00,07:25:00,29 oct 2026,07:25:00,29 oct 2026,07:25:00,29 oct 2026,09:35:00,13:00:00,null,3040,2,1,0,0,0,-73.78,-77.12,Oeste,B,0,0,0,08:05:00,INT,4.02,00:00:00,00:00:00,29 oct 2026,J,INT
290,null,null,LIM,26 oct 2026,23:05:00,29 oct 2026,07:25:00,null,1,28 oct 2026,Oct-2026,2026Q3,LA,2469,JFK,LIM,JFKLIM,22:50:00,06:55:00,23:50:00,06:55:00,03:50:00,11:55:00,NO,763,OUT,TOUCH,01:00:00,FP,08:05:00,null,SI,NO,02:55:00,2,3,1,null,1,21:50:00,22:50:00,28 oct 2026,28 oct 2026,21:50:00,07:25:00,29 oct 2026,07:25:00,29 oct 2026,07:25:00,29 oct 2026,09:35:00,13:00:00,null,3040,0,0,1,0,6,-73.78,-77.12,Oeste," ",0,0,0,08:05:00,INT,4.02,00:00:00,00:00:00,29 oct 2026,J,INT
199,null,null,LIM,25 oct 2026,23:05:00,28 oct 2026,07:25:00,null,1,27 oct 2026,Oct-2026,2026Q3,LA,2469,JFK,LIM,JFKLIM,22:50:00,06:55:00,23:50:00,06:55:00,03:50:00,11:55:00,NO,763,OUT,TOUCH,01:00:00,FP,08:05:00,null,SI,NO,02:55:00,2,3,1,null,1,21:50:00,22:50:00,27 oct 2026,27 oct 2026,21:50:00,07:25:00,28 oct 2026,07:25:00,28 oct 2026,07:25:00,28 oct 2026,09:35:00,13:00:00,null,3040,2,1,0,0,0,-73.78,-77.12,Oeste,B,0,0,0,08:05:00,INT,4.02,00:00:00,00:00:00,28 oct 2026,J,INT
330,null,null,LIM,30 oct 2026,23:05:00,2 nov 2026,07:25:00,null,1,1 nov 2026,Nov-2026,2026Q3,LA,2469,JFK,LIM,JFKLIM,22:50:00,06:55:00,22:50:00,06:55:00,03:50:00,11:55:00,NO,763,OUT,TOUCH,01:00:00,FP,08:05:00,null,SI,NO,02:55:00,2,3,1,null,1,21:50:00,21:50:00,1 nov 2026,1 nov 2026,21:50:00,07:25:00,2 nov 2026,07:25:00,2 nov 2026,07:25:00,2 nov 2026,09:35:00,13:00:00,null,3040,0,0,1,0,6,-73.78,-77.12,Oeste," ",0,0,0,08:05:00,INT,4.02,00:00:00,00:00:00,2 nov 2026,J,INT
228,null,null,LIM,29 oct 2026,23:05:00,1 nov 2026,07:25:00,null,1,31 oct 2026,Oct-2026,2026Q3,LA,2469,JFK,LIM,JFKLIM,22:50:00,06:55:00,23:50:00,06:55:00,03:50:00,11:55:00,NO,763,OUT,TOUCH,01:00:00,FP,08:05:00,null,SI,NO,02:55:00,2,3,1,null,1,21:50:00,22:50:00,31 oct 2026,31 oct 2026,21:50:00,07:25:00,1 nov 2026,07:25:00,1 nov 2026,07:25:00,1 nov 2026,09:35:00,13:00:00,null,3040,2,1,0,0,0,-73.78,-77.12,Oeste,B,0,0,0,08:05:00,INT,4.02,00:00:00,00:00:00,1 nov 2026,J,INT
257,null,null,LIM,23 oct 2026,23:05:00,26 oct 2026,07:25:00,null,1,25 oct 2026,Oct-2026,2026Q3,LA,2469,JFK,LIM,JFKLIM,22:50:00,06:55:00,23:50:00,06:55:00,03:50:00,11:55:00,NO,763,OUT,TOUCH,01:00:00,FP,08:05:00,null,SI,NO,02:55:00,2,3,1,null,1,21:50:00,22:50:00,25 oct 2026,25 oct 2026,21:50:00,07:25:00,26 oct 2026,07:25:00,26 oct 2026,07:25:00,26 oct 2026,09:35:00,13:00:00,null,3040,0,0,1,0,6,-73.78,-77.12,Oeste," ",0,0,0,08:05:00,INT,4.041,00:00:00,00:00:00,26 oct 2026,J,INT
183,null,null,LIM,23 oct 2026,23:05:00,26 oct 2026,07:25:00,null,1,25 oct 2026,Oct-2026,2026Q3,LA,2469,JFK,LIM,JFKLIM,22:50:00,06:55:00,23:50:00,06:55:00,03:50:00,11:55:00,NO,763,OUT,TOUCH,01:00:00,FP,08:05:00,null,SI,NO,02:55:00,2,3,1,null,1,21:50:00,22:50:00,25 oct 2026,25 oct 2026,21:50:00,07:25:00,26 oct 2026,07:25:00,26 oct 2026,07:25:00,26 oct 2026,09:35:00,13:00:00,null,3040,2,1,0,0,0,-73.78,-77.12,Oeste,B,0,0,0,08:05:00,INT,4.041,00:00:00,00:00:00,26 oct 2026,J,INT
310,null,null,LIM,28 oct 2026,23:05:00,31 oct 2026,07:25:00,null,1,30 oct 2026,Oct-2026,2026Q3,LA,2469,JFK,LIM,JFKLIM,22:50:00,06:55:00,23:50:00,06:55:00,03:50:00,11:55:00,NO,763,OUT,TOUCH,01:00:00,FP,08:05:00,null,SI,NO,02:55:00,2,3,1,null,1,21:50:00,22:50:00,30 oct 2026,30 oct 2026,21:50:00,07:25:00,31 oct 2026,07:25:00,31 oct 2026,07:25:00,31 oct 2026,09:35:00,13:00:00,null,3040,0,0,1,0,6,-73.78,-77.12,Oeste," ",0,0,0,08:05:00,INT,4.02,00:00:00,00:00:00,31 oct 2026,J,INT
300,null,null,LIM,27 oct 2026,23:05:00,30 oct 2026,07:25:00,null,1,29 oct 2026,Oct-2026,2026Q3,LA,2469,JFK,LIM,JFKLIM,22:50:00,06:55:00,23:50:00,06:55:00,03:50:00,11:55:00,NO,763,OUT,TOUCH,01:00:00,FP,08:05:00,null,SI,NO,02:55:00,2,3,1,null,1,21:50:00,22:50:00,29 oct 2026,29 oct 2026,21:50:00,07:25:00,30 oct 2026,07:25:00,30 oct 2026,07:25:00,30 oct 2026,09:35:00,13:00:00,null,3040,0,0,1,0,6,-73.78,-77.12,Oeste," ",0,0,0,08:05:00,INT,4.02,00:00:00,00:00:00,30 oct 2026,J,INT
243,null,null,LIM,31 oct 2026,23:05:00,3 nov 2026,07:25:00,null,1,2 nov 2026,Nov-2026,2026Q3,LA,2469,JFK,LIM,JFKLIM,22:50:00,06:55:00,22:50:00,06:55:00,03:50:00,11:55:00,NO,763,OUT,TOUCH,01:00:00,FP,08:05:00,null,SI,NO,02:55:00,2,3,1,null,1,21:50:00,21:50:00,2 nov 2026,2 nov 2026,21:50:00,07:25:00,3 nov 2026,07:25:00,3 nov 2026,07:25:00,3 nov 2026,09:35:00,13:00:00,null,3034,2,1,0,0,0,-73.78,-77.12,Oeste,B,0,0,0,08:05:00,INT,4.02,00:00:00,00:00:00,3 nov 2026,J,INT
341,null,null,LIM,31 oct 2026,23:05:00,3 nov 2026,07:25:00,null,1,2 nov 2026,Nov-2026,2026Q3,LA,2469,JFK,LIM,JFKLIM,22:50:00,06:55:00,22:50:00,06:55:00,03:50:00,11:55:00,NO,763,OUT,TOUCH,01:00:00,FP,08:05:00,null,SI,NO,02:55:00,2,3,1,null,1,21:50:00,21:50:00,2 nov 2026,2 nov 2026,21:50:00,07:25:00,3 nov 2026,07:25:00,3 nov 2026,07:25:00,3 nov 2026,09:35:00,13:00:00,null,3034,0,0,1,0,6,-73.78,-77.12,Oeste," ",0,0,0,08:05:00,INT,4.02,00:00:00,00:00:00,3 nov 2026,J,INT
8,null,LA2480290926,LIM,29 sept 2026,23:15:00,2 oct 2026,05:30:00,null,1,2 oct 2026,Oct-2026,2026Q3,LA,2699,MIA,LIM,MIALIM,23:15:00,05:00:00,00:15:00,05:00:00,04:15:00,10:00:00,NO,763,OUT,TOUCH,01:00:00,FP,05:45:00,null,SI,NO,02:55:00,2,3,1,null,1,22:15:00,23:15:00,1 oct 2026,1 oct 2026,22:15:00,05:30:00,2 oct 2026,05:30:00,2 oct 2026,05:30:00,2 oct 2026,07:15:00,13:00:00,null,3025,1,1,0,0,0,-80.28,-77.12,Este,A,0,0,0,05:45:00,INT,2.958,00:00:00,00:00:00,2 oct 2026,J,INT
60,null,null,LIM,6 oct 2026,23:15:00,9 oct 2026,05:30:00,null,1,9 oct 2026,Oct-2026,2026Q3,LA,2699,MIA,LIM,MIALIM,23:15:00,05:00:00,00:15:00,05:00:00,04:15:00,10:00:00,NO,763,OUT,TOUCH,01:00:00,FP,05:45:00,null,SI,NO,02:55:00,2,3,1,null,1,22:15:00,23:15:00,8 oct 2026,8 oct 2026,22:15:00,05:30:00,9 oct 2026,05:30:00,9 oct 2026,05:30:00,9 oct 2026,07:15:00,13:00:00,null,3025,1,1,0,0,0,-80.28,-77.12,Este,A,0,0,0,05:45:00,INT,2.916,00:00:00,00:00:00,9 oct 2026,J,INT
111,null,null,LIM,13 oct 2026,23:15:00,16 oct 2026,05:30:00,null,1,16 oct 2026,Oct-2026,2026Q3,LA,2699,MIA,LIM,MIALIM,23:15:00,05:00:00,00:15:00,05:00:00,04:15:00,10:00:00,NO,763,OUT,TOUCH,01:00:00,FP,05:45:00,null,SI,NO,02:55:00,2,3,1,null,1,22:15:00,23:15:00,15 oct 2026,15 oct 2026,22:15:00,05:30:00,16 oct 2026,05:30:00,16 oct 2026,05:30:00,16 oct 2026,07:15:00,13:00:00,null,3025,1,1,0,0,0,-80.28,-77.12,Este,A,0,0,0,05:45:00,INT,2.916,00:00:00,00:00:00,16 oct 2026,J,INT
23,null,null,LIM,1 oct 2026,07:15:00,3 oct 2026,05:30:00,null,1,3 oct 2026,Oct-2026,2026Q3,LA,2699,MIA,LIM,MIALIM,23:15:00,05:00:00,00:15:00,05:00:00,04:15:00,10:00:00,NO,763,OUT,TOUCH,01:00:00,FP,05:45:00,null,SI,NO,02:55:00,2,2,1,null,1,22:15:00,23:15:00,2 oct 2026,2 oct 2026,22:15:00,05:30:00,3 oct 2026,05:30:00,3 oct 2026,05:30:00,3 oct 2026,07:15:00,13:00:00,null,3024,0,0,1,0,4,-80.28,-77.12,Este," ",0,0,0,05:45:00,INT,3.888,00:00:00,00:00:00,3 oct 2026,J,INT
171,null,null,LIM,22 oct 2026,07:15:00,24 oct 2026,05:30:00,null,1,24 oct 2026,Oct-2026,2026Q3,LA,2699,MIA,LIM,MIALIM,23:15:00,05:00:00,00:15:00,05:00:00,04:15:00,10:00:00,NO,763,OUT,TOUCH,01:00:00,FP,05:45:00,null,SI,NO,02:55:00,2,2,1,null,1,22:15:00,23:15:00,23 oct 2026,23 oct 2026,22:15:00,05:30:00,24 oct 2026,05:30:00,24 oct 2026,05:30:00,24 oct 2026,07:15:00,13:00:00,null,3024,1,1,0,0,0,-80.28,-77.12,Este,A,0,0,0,05:45:00,INT,3.888,00:00:00,00:00:00,24 oct 2026,J,INT
240,null,null,LIM,22 oct 2026,07:15:00,24 oct 2026,05:30:00,null,1,24 oct 2026,Oct-2026,2026Q3,LA,2699,MIA,LIM,MIALIM,23:15:00,05:00:00,00:15:00,05:00:00,04:15:00,10:00:00,NO,763,OUT,TOUCH,01:00:00,FP,05:45:00,null,SI,NO,02:55:00,2,2,1,null,1,22:15:00,23:15:00,23 oct 2026,23 oct 2026,22:15:00,05:30:00,24 oct 2026,05:30:00,24 oct 2026,05:30:00,24 oct 2026,07:15:00,13:00:00,null,3024,0,0,1,0,4,-80.28,-77.12,Este," ",0,0,0,05:45:00,INT,3.888,00:00:00,00:00:00,24 oct 2026,J,INT
209,null,null,LIM,19 oct 2026,07:15:00,21 oct 2026,05:30:00,null,1,21 oct 2026,Oct-2026,2026Q3,LA,2699,MIA,LIM,MIALIM,23:15:00,05:00:00,00:15:00,05:00:00,04:15:00,10:00:00,NO,763,OUT,TOUCH,01:00:00,FP,05:45:00,null,SI,NO,02:55:00,2,2,1,null,1,22:15:00,23:15:00,20 oct 2026,20 oct 2026,22:15:00,05:30:00,21 oct 2026,05:30:00,21 oct 2026,05:30:00,21 oct 2026,07:15:00,13:00:00,null,3024,0,0,1,0,4,-80.28,-77.12,Este," ",0,0,0,05:45:00,INT,3.888,00:00:00,00:00:00,21 oct 2026,J,INT
17,null,null,LIM,1 oct 2026,07:15:00,3 oct 2026,05:30:00,null,1,3 oct 2026,Oct-2026,2026Q3,LA,2699,MIA,LIM,MIALIM,23:15:00,05:00:00,00:15:00,05:00:00,04:15:00,10:00:00,NO,763,OUT,TOUCH,01:00:00,FP,05:45:00,null,SI,NO,02:55:00,2,2,1,null,1,22:15:00,23:15:00,2 oct 2026,2 oct 2026,22:15:00,05:30:00,3 oct 2026,05:30:00,3 oct 2026,05:30:00,3 oct 2026,07:15:00,13:00:00,null,3024,1,1,0,0,0,-80.28,-77.12,Este,A,0,0,0,05:45:00,INT,3.888,00:00:00,00:00:00,3 oct 2026,J,INT
149,null,null,LIM,19 oct 2026,07:15:00,21 oct 2026,05:30:00,null,1,21 oct 2026,Oct-2026,2026Q3,LA,2699,MIA,LIM,MIALIM,23:15:00,05:00:00,00:15:00,05:00:00,04:15:00,10:00:00,NO,763,OUT,TOUCH,01:00:00,FP,05:45:00,null,SI,NO,02:55:00,2,2,1,null,1,22:15:00,23:15:00,20 oct 2026,20 oct 2026,22:15:00,05:30:00,21 oct 2026,05:30:00,21 oct 2026,05:30:00,21 oct 2026,07:15:00,13:00:00,null,3024,1,1,0,0,0,-80.28,-77.12,Este,A,0,0,0,05:45:00,INT,3.888,00:00:00,00:00:00,21 oct 2026,J,INT
225,null,null,LIM,29 oct 2026,07:20:00,31 oct 2026,05:30:00,null,1,31 oct 2026,Oct-2026,2026Q3,LA,2989,MIA,LIM,MIALIM,23:10:00,05:00:00,00:10:00,05:00:00,04:10:00,10:00:00,NO,763,OUT,TOUCH,01:00:00,FP,05:50:00,null,SI,NO,02:55:00,2,2,1,null,1,22:10:00,23:10:00,30 oct 2026,30 oct 2026,22:10:00,05:30:00,31 oct 2026,05:30:00,31 oct 2026,05:30:00,31 oct 2026,07:20:00,13:00:00,null,3017,1,1,0,0,0,-80.28,-77.12,Este,A,0,0,0,05:50:00,INT,3.916,00:00:00,00:00:00,31 oct 2026,J,INT
315,null,null,LIM,29 oct 2026,07:20:00,31 oct 2026,05:30:00,null,1,31 oct 2026,Oct-2026,2026Q3,LA,2989,MIA,LIM,MIALIM,23:10:00,05:00:00,00:10:00,05:00:00,04:10:00,10:00:00,NO,763,OUT,TOUCH,01:00:00,FP,05:50:00,null,SI,NO,02:55:00,2,2,1,null,1,22:10:00,23:10:00,30 oct 2026,30 oct 2026,22:10:00,05:30:00,31 oct 2026,05:30:00,31 oct 2026,05:30:00,31 oct 2026,07:20:00,13:00:00,null,3017,0,0,1,0,4,-80.28,-77.12,Este," ",0,0,0,05:50:00,INT,3.916,00:00:00,00:00:00,31 oct 2026,J,INT
178,null,null,LIM,16 oct 2026,08:25:00,17 oct 2026,23:00:00,null,1,17 oct 2026,Oct-2026,2026Q3,LA,2425,GRU,LIM,GRULIM,17:10:00,22:30:00,19:10:00,22:30:00,22:10:00,03:30:00,PAX,320,OUT,TOUCH,01:00:00,FP,00:00:00,null,SI,NO,03:00:00,2,2,1,null,1,16:10:00,18:10:00,17 oct 2026,17 oct 2026,16:10:00,23:00:00,17 oct 2026,23:00:00,17 oct 2026,23:00:00,17 oct 2026,06:50:00,13:00:00,null,3013,0,0,1,0,4,-46.47,-77.12,Oeste," ",0,0,0,00:00:00,INT,2.416,00:00:00,00:00:00,17 oct 2026,J,REG
127,null,null,LIM,16 oct 2026,08:25:00,17 oct 2026,23:00:00,null,1,17 oct 2026,Oct-2026,2026Q3,LA,2425,GRU,LIM,GRULIM,17:10:00,22:30:00,19:10:00,22:30:00,22:10:00,03:30:00,PAX,320,OUT,TOUCH,01:00:00,FP,00:00:00,null,SI,NO,03:00:00,2,2,1,null,1,16:10:00,18:10:00,17 oct 2026,17 oct 2026,16:10:00,23:00:00,17 oct 2026,23:00:00,17 oct 2026,23:00:00,17 oct 2026,06:50:00,13:00:00,null,3013,1,1,0,0,0,-46.47,-77.12,Oeste," ",0,0,0,00:00:00,INT,2.416,00:00:00,00:00:00,17 oct 2026,J,REG
62,null,null,LIM,7 oct 2026,08:25:00,8 oct 2026,23:00:00,null,1,8 oct 2026,Oct-2026,2026Q3,LA,2425,GRU,LIM,GRULIM,17:10:00,22:30:00,19:10:00,22:30:00,22:10:00,03:30:00,NO,763,OUT,TOUCH,01:00:00,FP,05:20:00,null,SI,NO,03:00:00,2,2,1,null,1,16:10:00,18:10:00,8 oct 2026,8 oct 2026,16:10:00,23:00:00,8 oct 2026,23:00:00,8 oct 2026,23:00:00,8 oct 2026,06:50:00,13:00:00,null,2987,1,1,0,0,0,-46.47,-77.12,Oeste,A,0,0,0,05:20:00,INT,5.083,00:00:00,00:00:00,8 oct 2026,J,REG
86,null,null,LIM,7 oct 2026,08:25:00,8 oct 2026,23:00:00,null,1,8 oct 2026,Oct-2026,2026Q3,LA,2425,GRU,LIM,GRULIM,17:10:00,22:30:00,19:10:00,22:30:00,22:10:00,03:30:00,NO,763,OUT,TOUCH,01:00:00,FP,05:20:00,null,SI,NO,03:00:00,2,2,1,null,1,16:10:00,18:10:00,8 oct 2026,8 oct 2026,16:10:00,23:00:00,8 oct 2026,23:00:00,8 oct 2026,23:00:00,8 oct 2026,06:50:00,13:00:00,null,2987,0,0,1,0,4,-46.47,-77.12,Oeste," ",0,0,0,05:20:00,INT,5.083,00:00:00,00:00:00,8 oct 2026,J,REG
273,null,null,LIM,25 oct 2026,11:00:00,27 oct 2026,08:40:00,null,1,26 oct 2026,Oct-2026,2026Q3,LA,2477,LAX,LIM,LAXLIM,23:35:00,08:10:00,21:35:00,08:10:00,04:35:00,13:10:00,NO,763,OUT,TOUCH,01:00:00,FP,08:35:00,null,SI,NO,02:55:00,2,2,1,null,1,22:35:00,20:35:00,26 oct 2026,26 oct 2026,22:35:00,08:40:00,27 oct 2026,08:40:00,27 oct 2026,08:40:00,27 oct 2026,10:05:00,13:00:00,null,2983,0,0,1,0,6,-118.4,-77.12,Este," ",0,0,0,08:35:00,INT,5.861,00:00:00,00:00:00,27 oct 2026,J,INT
187,null,null,LIM,24 oct 2026,11:00:00,26 oct 2026,08:40:00,null,1,25 oct 2026,Oct-2026,2026Q3,LA,2477,LAX,LIM,LAXLIM,23:35:00,08:10:00,21:35:00,08:10:00,04:35:00,13:10:00,NO,763,OUT,TOUCH,01:00:00,FP,08:35:00,null,SI,NO,02:55:00,2,2,1,null,1,22:35:00,20:35:00,25 oct 2026,25 oct 2026,22:35:00,08:40:00,26 oct 2026,08:40:00,26 oct 2026,08:40:00,26 oct 2026,10:05:00,13:00:00,null,2983,2,1,0,0,0,-118.4,-77.12,Este,B,0,0,0,08:35:00,INT,5.861,00:00:00,00:00:00,26 oct 2026,J,INT
194,null,null,LIM,25 oct 2026,11:00:00,27 oct 2026,08:40:00,null,1,26 oct 2026,Oct-2026,2026Q3,LA,2477,LAX,LIM,LAXLIM,23:35:00,08:10:00,21:35:00,08:10:00,04:35:00,13:10:00,NO,763,OUT,TOUCH,01:00:00,FP,08:35:00,null,SI,NO,02:55:00,2,2,1,null,1,22:35:00,20:35:00,26 oct 2026,26 oct 2026,22:35:00,08:40:00,27 oct 2026,08:40:00,27 oct 2026,08:40:00,27 oct 2026,10:05:00,13:00:00,null,2983,2,1,0,0,0,-118.4,-77.12,Este,B,0,0,0,08:35:00,INT,5.861,00:00:00,00:00:00,27 oct 2026,J,INT
211,null,null,LIM,27 oct 2026,11:00:00,29 oct 2026,08:40:00,null,1,28 oct 2026,Oct-2026,2026Q3,LA,2477,LAX,LIM,LAXLIM,23:35:00,08:10:00,21:35:00,08:10:00,04:35:00,13:10:00,NO,763,OUT,TOUCH,01:00:00,FP,08:35:00,null,SI,NO,02:55:00,2,2,1,null,1,22:35:00,20:35:00,28 oct 2026,28 oct 2026,22:35:00,08:40:00,29 oct 2026,08:40:00,29 oct 2026,08:40:00,29 oct 2026,10:05:00,13:00:00,null,2983,2,1,0,0,0,-118.4,-77.12,Este,B,0,0,0,08:35:00,INT,5.861,00:00:00,00:00:00,29 oct 2026,J,INT
286,null,null,LIM,26 oct 2026,11:00:00,28 oct 2026,08:40:00,null,1,27 oct 2026,Oct-2026,2026Q3,LA,2477,LAX,LIM,LAXLIM,23:35:00,08:10:00,21:35:00,08:10:00,04:35:00,13:10:00,NO,763,OUT,TOUCH,01:00:00,FP,08:35:00,null,SI,NO,02:55:00,2,2,1,null,1,22:35:00,20:35:00,27 oct 2026,27 oct 2026,22:35:00,08:40:00,28 oct 2026,08:40:00,28 oct 2026,08:40:00,28 oct 2026,10:05:00,13:00:00,null,2983,0,0,1,0,6,-118.4,-77.12,Este," ",0,0,0,08:35:00,INT,5.861,00:00:00,00:00:00,28 oct 2026,J,INT
325,null,null,LIM,30 oct 2026,11:00:00,1 nov 2026,08:40:00,null,1,31 oct 2026,Oct-2026,2026Q3,LA,2477,LAX,LIM,LAXLIM,23:35:00,08:10:00,21:35:00,08:10:00,04:35:00,13:10:00,NO,763,OUT,TOUCH,01:00:00,FP,08:35:00,null,SI,NO,02:55:00,2,2,1,null,1,22:35:00,20:35:00,31 oct 2026,31 oct 2026,22:35:00,08:40:00,1 nov 2026,08:40:00,1 nov 2026,08:40:00,1 nov 2026,10:05:00,13:00:00,null,2983,0,0,1,0,6,-118.4,-77.12,Este," ",0,0,0,08:35:00,INT,5.861,00:00:00,00:00:00,1 nov 2026,J,INT
226,null,null,LIM,29 oct 2026,11:00:00,31 oct 2026,08:40:00,null,1,30 oct 2026,Oct-2026,2026Q3,LA,2477,LAX,LIM,LAXLIM,23:35:00,08:10:00,21:35:00,08:10:00,04:35:00,13:10:00,NO,763,OUT,TOUCH,01:00:00,FP,08:35:00,null,SI,NO,02:55:00,2,2,1,null,1,22:35:00,20:35:00,30 oct 2026,30 oct 2026,22:35:00,08:40:00,31 oct 2026,08:40:00,31 oct 2026,08:40:00,31 oct 2026,10:05:00,13:00:00,null,2983,2,1,0,0,0,-118.4,-77.12,Este,B,0,0,0,08:35:00,INT,5.861,00:00:00,00:00:00,31 oct 2026,J,INT
337,null,null,LIM,31 oct 2026,11:00:00,2 nov 2026,08:40:00,null,1,1 nov 2026,Nov-2026,2026Q3,LA,2477,LAX,LIM,LAXLIM,23:35:00,08:10:00,20:35:00,08:10:00,04:35:00,13:10:00,NO,763,OUT,TOUCH,01:00:00,FP,08:35:00,null,SI,NO,02:55:00,2,2,1,null,1,22:35:00,19:35:00,1 nov 2026,1 nov 2026,22:35:00,08:40:00,2 nov 2026,08:40:00,2 nov 2026,08:40:00,2 nov 2026,10:05:00,13:00:00,null,2983,0,0,1,0,6,-118.4,-77.12,Este," ",0,0,0,08:35:00,INT,5.861,00:00:00,00:00:00,2 nov 2026,J,INT
317,null,null,LIM,29 oct 2026,11:00:00,31 oct 2026,08:40:00,null,1,30 oct 2026,Oct-2026,2026Q3,LA,2477,LAX,LIM,LAXLIM,23:35:00,08:10:00,21:35:00,08:10:00,04:35:00,13:10:00,NO,763,OUT,TOUCH,01:00:00,FP,08:35:00,null,SI,NO,02:55:00,2,2,1,null,1,22:35:00,20:35:00,30 oct 2026,30 oct 2026,22:35:00,08:40:00,31 oct 2026,08:40:00,31 oct 2026,08:40:00,31 oct 2026,10:05:00,13:00:00,null,2983,0,0,1,0,6,-118.4,-77.12,Este," ",0,0,0,08:35:00,INT,5.861,00:00:00,00:00:00,31 oct 2026,J,INT
240,null,null,LIM,31 oct 2026,11:00:00,2 nov 2026,08:40:00,null,1,1 nov 2026,Nov-2026,2026Q3,LA,2477,LAX,LIM,LAXLIM,23:35:00,08:10:00,20:35:00,08:10:00,04:35:00,13:10:00,NO,763,OUT,TOUCH,01:00:00,FP,08:35:00,null,SI,NO,02:55:00,2,2,1,null,1,22:35:00,19:35:00,1 nov 2026,1 nov 2026,22:35:00,08:40:00,2 nov 2026,08:40:00,2 nov 2026,08:40:00,2 nov 2026,10:05:00,13:00:00,null,2983,2,1,0,0,0,-118.4,-77.12,Este,B,0,0,0,08:35:00,INT,5.861,00:00:00,00:00:00,2 nov 2026,J,INT
231,null,null,LIM,30 oct 2026,11:00:00,1 nov 2026,08:40:00,null,1,31 oct 2026,Oct-2026,2026Q3,LA,2477,LAX,LIM,LAXLIM,23:35:00,08:10:00,21:35:00,08:10:00,04:35:00,13:10:00,NO,763,OUT,TOUCH,01:00:00,FP,08:35:00,null,SI,NO,02:55:00,2,2,1,null,1,22:35:00,20:35:00,31 oct 2026,31 oct 2026,22:35:00,08:40:00,1 nov 2026,08:40:00,1 nov 2026,08:40:00,1 nov 2026,10:05:00,13:00:00,null,2983,2,1,0,0,0,-118.4,-77.12,Este,B,0,0,0,08:35:00,INT,5.861,00:00:00,00:00:00,1 nov 2026,J,INT
204,null,null,LIM,26 oct 2026,11:00:00,28 oct 2026,08:40:00,null,1,27 oct 2026,Oct-2026,2026Q3,LA,2477,LAX,LIM,LAXLIM,23:35:00,08:10:00,21:35:00,08:10:00,04:35:00,13:10:00,NO,763,OUT,TOUCH,01:00:00,FP,08:35:00,null,SI,NO,02:55:00,2,2,1,null,1,22:35:00,20:35:00,27 oct 2026,27 oct 2026,22:35:00,08:40:00,28 oct 2026,08:40:00,28 oct 2026,08:40:00,28 oct 2026,10:05:00,13:00:00,null,2983,2,1,0,0,0,-118.4,-77.12,Este,B,0,0,0,08:35:00,INT,5.861,00:00:00,00:00:00,28 oct 2026,J,INT
263,null,null,LIM,24 oct 2026,11:00:00,26 oct 2026,08:40:00,null,1,25 oct 2026,Oct-2026,2026Q3,LA,2477,LAX,LIM,LAXLIM,23:35:00,08:10:00,21:35:00,08:10:00,04:35:00,13:10:00,NO,763,OUT,TOUCH,01:00:00,FP,08:35:00,null,SI,NO,02:55:00,2,2,1,null,1,22:35:00,20:35:00,25 oct 2026,25 oct 2026,22:35:00,08:40:00,26 oct 2026,08:40:00,26 oct 2026,08:40:00,26 oct 2026,10:05:00,13:00:00,null,2983,0,0,1,0,6,-118.4,-77.12,Este," ",0,0,0,08:35:00,INT,5.861,00:00:00,00:00:00,26 oct 2026,J,INT
305,null,null,LIM,28 oct 2026,11:00:00,30 oct 2026,08:40:00,null,1,29 oct 2026,Oct-2026,2026Q3,LA,2477,LAX,LIM,LAXLIM,23:35:00,08:10:00,21:35:00,08:10:00,04:35:00,13:10:00,NO,763,OUT,TOUCH,01:00:00,FP,08:35:00,null,SI,NO,02:55:00,2,2,1,null,1,22:35:00,20:35:00,29 oct 2026,29 oct 2026,22:35:00,08:40:00,30 oct 2026,08:40:00,30 oct 2026,08:40:00,30 oct 2026,10:05:00,13:00:00,null,2983,0,0,1,0,6,-118.4,-77.12,Este," ",0,0,0,08:35:00,INT,5.861,00:00:00,00:00:00,30 oct 2026,J,INT
217,null,null,LIM,28 oct 2026,11:00:00,30 oct 2026,08:40:00,null,1,29 oct 2026,Oct-2026,2026Q3,LA,2477,LAX,LIM,LAXLIM,23:35:00,08:10:00,21:35:00,08:10:00,04:35:00,13:10:00,NO,763,OUT,TOUCH,01:00:00,FP,08:35:00,null,SI,NO,02:55:00,2,2,1,null,1,22:35:00,20:35:00,29 oct 2026,29 oct 2026,22:35:00,08:40:00,30 oct 2026,08:40:00,30 oct 2026,08:40:00,30 oct 2026,10:05:00,13:00:00,null,2983,2,1,0,0,0,-118.4,-77.12,Este,B,0,0,0,08:35:00,INT,5.861,00:00:00,00:00:00,30 oct 2026,J,INT
296,null,null,LIM,27 oct 2026,11:00:00,29 oct 2026,08:40:00,null,1,28 oct 2026,Oct-2026,2026Q3,LA,2477,LAX,LIM,LAXLIM,23:35:00,08:10:00,21:35:00,08:10:00,04:35:00,13:10:00,NO,763,OUT,TOUCH,01:00:00,FP,08:35:00,null,SI,NO,02:55:00,2,2,1,null,1,22:35:00,20:35:00,28 oct 2026,28 oct 2026,22:35:00,08:40:00,29 oct 2026,08:40:00,29 oct 2026,08:40:00,29 oct 2026,10:05:00,13:00:00,null,2983,0,0,1,0,6,-118.4,-77.12,Este," ",0,0,0,08:35:00,INT,5.861,00:00:00,00:00:00,29 oct 2026,J,INT
64,null,null,LIM,31 oct 2026,08:35:00,31 oct 2026,20:10:00,null,1,31 oct 2026,Oct-2026,2026Q3,LA,2696,SCL,LIM,SCLLIM,15:55:00,19:40:00,17:55:00,19:40:00,20:55:00,00:40:00,NO,789,OUT,TOUCH,01:00:00,FP,03:45:00,null,SI,NO,02:10:00,1,1,0,null,null,08:35:00,08:35:00,31 oct 2026,31 oct 2026,08:35:00,20:10:00,31 oct 2026,20:10:00,31 oct 2026,20:10:00,31 oct 2026,11:35:00,13:00:00,null,2982,1,1,0,0,0,-70.8,-77.12,Oeste,A,0,0,0,07:10:00,INT,7.166,00:00:00,00:00:00,31 oct 2026,J,REG
230,null,null,LIM,21 oct 2026,08:35:00,21 oct 2026,20:10:00,null,1,21 oct 2026,Oct-2026,2026Q3,LA,2696,SCL,LIM,SCLLIM,15:55:00,19:40:00,17:55:00,19:40:00,20:55:00,00:40:00,NO,789,OUT,TOUCH,01:00:00,FP,03:45:00,null,SI,NO,02:10:00,1,1,0,null,null,08:35:00,08:35:00,21 oct 2026,21 oct 2026,08:35:00,20:10:00,21 oct 2026,20:10:00,21 oct 2026,20:10:00,21 oct 2026,11:35:00,13:00:00,null,2982,0,0,1,0,6,-70.8,-77.12,Oeste," ",0,0,0,07:10:00,INT,7.166,00:00:00,00:00:00,21 oct 2026,J,REG
42,null,null,LIM,20 oct 2026,08:35:00,20 oct 2026,20:10:00,null,1,20 oct 2026,Oct-2026,2026Q3,LA,2696,SCL,LIM,SCLLIM,15:55:00,19:40:00,17:55:00,19:40:00,20:55:00,00:40:00,NO,789,OUT,TOUCH,01:00:00,FP,03:45:00,null,SI,NO,02:10:00,1,1,0,null,null,08:35:00,08:35:00,20 oct 2026,20 oct 2026,08:35:00,20:10:00,20 oct 2026,20:10:00,20 oct 2026,20:10:00,20 oct 2026,11:35:00,13:00:00,null,2982,1,1,0,0,0,-70.8,-77.12,Oeste,A,0,0,0,07:10:00,INT,7.166,00:00:00,00:00:00,20 oct 2026,J,REG
179,null,null,LIM,16 oct 2026,08:35:00,16 oct 2026,20:10:00,null,1,16 oct 2026,Oct-2026,2026Q3,LA,2696,SCL,LIM,SCLLIM,15:55:00,19:40:00,17:55:00,19:40:00,20:55:00,00:40:00,NO,789,OUT,TOUCH,01:00:00,FP,03:45:00,null,SI,NO,02:10:00,1,1,0,null,null,08:35:00,08:35:00,16 oct 2026,16 oct 2026,08:35:00,20:10:00,16 oct 2026,20:10:00,16 oct 2026,20:10:00,16 oct 2026,11:35:00,13:00:00,null,2982,0,0,1,0,6,-70.8,-77.12,Oeste," ",0,0,0,07:10:00,INT,7.166,00:00:00,00:00:00,16 oct 2026,J,REG
201,null,null,LIM,18 oct 2026,11:00:00,20 oct 2026,08:40:00,null,1,19 oct 2026,Oct-2026,2026Q3,LA,2477,LAX,LIM,LAXLIM,23:30:00,08:10:00,21:30:00,08:10:00,04:30:00,13:10:00,NO,763,OUT,TOUCH,01:00:00,FP,08:40:00,null,SI,NO,02:55:00,2,2,1,null,1,22:30:00,20:30:00,19 oct 2026,19 oct 2026,22:30:00,08:40:00,20 oct 2026,08:40:00,20 oct 2026,08:40:00,20 oct 2026,10:10:00,13:00:00,null,2982,0,0,1,0,6,-118.4,-77.12,Este," ",0,0,0,08:40:00,INT,2.888,00:00:00,00:00:00,20 oct 2026,J,INT
38,null,null,LIM,18 oct 2026,08:35:00,18 oct 2026,20:10:00,null,1,18 oct 2026,Oct-2026,2026Q3,LA,2696,SCL,LIM,SCLLIM,15:55:00,19:40:00,17:55:00,19:40:00,20:55:00,00:40:00,NO,789,OUT,TOUCH,01:00:00,FP,03:45:00,null,SI,NO,02:10:00,1,1,0,null,null,08:35:00,08:35:00,18 oct 2026,18 oct 2026,08:35:00,20:10:00,18 oct 2026,20:10:00,18 oct 2026,20:10:00,18 oct 2026,11:35:00,13:00:00,null,2982,1,1,0,0,0,-70.8,-77.12,Oeste,A,0,0,0,07:10:00,INT,7.166,00:00:00,00:00:00,18 oct 2026,J,REG
10,null,null,LIM,4 oct 2026,08:35:00,4 oct 2026,20:10:00,null,1,4 oct 2026,Oct-2026,2026Q3,LA,2696,SCL,LIM,SCLLIM,15:55:00,19:40:00,17:55:00,19:40:00,20:55:00,00:40:00,NO,789,OUT,TOUCH,01:00:00,FP,03:45:00,null,SI,NO,02:10:00,1,1,0,null,null,08:35:00,08:35:00,4 oct 2026,4 oct 2026,08:35:00,20:10:00,4 oct 2026,20:10:00,4 oct 2026,20:10:00,4 oct 2026,11:35:00,13:00:00,null,2982,1,1,0,0,0,-70.8,-77.12,Oeste,A,0,0,0,07:10:00,INT,7.166,00:00:00,00:00:00,4 oct 2026,J,REG
46,null,null,LIM,22 oct 2026,08:35:00,22 oct 2026,20:10:00,null,1,22 oct 2026,Oct-2026,2026Q3,LA,2696,SCL,LIM,SCLLIM,15:55:00,19:40:00,17:55:00,19:40:00,20:55:00,00:40:00,NO,789,OUT,TOUCH,01:00:00,FP,03:45:00,null,SI,NO,02:10:00,1,1,0,null,null,08:35:00,08:35:00,22 oct 2026,22 oct 2026,08:35:00,20:10:00,22 oct 2026,20:10:00,22 oct 2026,20:10:00,22 oct 2026,11:35:00,13:00:00,null,2982,1,1,0,0,0,-70.8,-77.12,Oeste,A,0,0,0,07:10:00,INT,7.166,00:00:00,00:00:00,22 oct 2026,J,REG
50,null,null,LIM,24 oct 2026,08:35:00,24 oct 2026,20:10:00,null,1,24 oct 2026,Oct-2026,2026Q3,LA,2696,SCL,LIM,SCLLIM,15:55:00,19:40:00,17:55:00,19:40:00,20:55:00,00:40:00,NO,789,OUT,TOUCH,01:00:00,FP,03:45:00,null,SI,NO,02:10:00,1,1,0,null,null,08:35:00,08:35:00,24 oct 2026,24 oct 2026,08:35:00,20:10:00,24 oct 2026,20:10:00,24 oct 2026,20:10:00,24 oct 2026,11:35:00,13:00:00,null,2982,1,1,0,0,0,-70.8,-77.12,Oeste,A,0,0,0,07:10:00,INT,7.166,00:00:00,00:00:00,24 oct 2026,J,REG
67,null,null,LIM,5 oct 2026,08:35:00,5 oct 2026,20:10:00,null,1,5 oct 2026,Oct-2026,2026Q3,LA,2696,SCL,LIM,SCLLIM,15:55:00,19:40:00,17:55:00,19:40:00,20:55:00,00:40:00,NO,789,OUT,TOUCH,01:00:00,FP,03:45:00,null,SI,NO,02:10:00,1,1,0,null,null,08:35:00,08:35:00,5 oct 2026,5 oct 2026,08:35:00,20:10:00,5 oct 2026,20:10:00,5 oct 2026,20:10:00,5 oct 2026,11:35:00,13:00:00,null,2982,0,0,1,0,6,-70.8,-77.12,Oeste," ",0,0,0,07:10:00,INT,7.166,00:00:00,00:00:00,5 oct 2026,J,REG
54,null,null,LIM,26 oct 2026,08:35:00,26 oct 2026,20:10:00,null,1,26 oct 2026,Oct-2026,2026Q3,LA,2696,SCL,LIM,SCLLIM,15:55:00,19:40:00,17:55:00,19:40:00,20:55:00,00:40:00,NO,789,OUT,TOUCH,01:00:00,FP,03:45:00,null,SI,NO,02:10:00,1,1,0,null,null,08:35:00,08:35:00,26 oct 2026,26 oct 2026,08:35:00,20:10:00,26 oct 2026,20:10:00,26 oct 2026,20:10:00,26 oct 2026,11:35:00,13:00:00,null,2982,1,1,0,0,0,-70.8,-77.12,Oeste,A,0,0,0,07:10:00,INT,7.166,00:00:00,00:00:00,26 oct 2026,J,REG
87,null,null,LIM,7 oct 2026,08:35:00,7 oct 2026,20:10:00,null,1,7 oct 2026,Oct-2026,2026Q3,LA,2696,SCL,LIM,SCLLIM,15:55:00,19:40:00,17:55:00,19:40:00,20:55:00,00:40:00,NO,788,OUT,TOUCH,01:00:00,FP,03:45:00,null,SI,NO,02:10:00,1,1,0,null,null,08:35:00,08:35:00,7 oct 2026,7 oct 2026,08:35:00,20:10:00,7 oct 2026,20:10:00,7 oct 2026,20:10:00,7 oct 2026,11:35:00,13:00:00,null,2982,0,0,1,0,6,-70.8,-77.12,Oeste," ",0,0,0,07:10:00,INT,7.166,00:00:00,00:00:00,7 oct 2026,J,REG
210,null,null,LIM,19 oct 2026,08:35:00,19 oct 2026,20:10:00,null,1,19 oct 2026,Oct-2026,2026Q3,LA,2696,SCL,LIM,SCLLIM,15:55:00,19:40:00,17:55:00,19:40:00,20:55:00,00:40:00,NO,789,OUT,TOUCH,01:00:00,FP,03:45:00,null,SI,NO,02:10:00,1,1,0,null,null,08:35:00,08:35:00,19 oct 2026,19 oct 2026,08:35:00,20:10:00,19 oct 2026,20:10:00,19 oct 2026,20:10:00,19 oct 2026,11:35:00,13:00:00,null,2982,0,0,1,0,6,-70.8,-77.12,Oeste," ",0,0,0,07:10:00,INT,7.166,00:00:00,00:00:00,19 oct 2026,J,REG
58,null,null,LIM,28 oct 2026,08:35:00,28 oct 2026,20:10:00,null,1,28 oct 2026,Oct-2026,2026Q3,LA,2696,SCL,LIM,SCLLIM,15:55:00,19:40:00,17:55:00,19:40:00,20:55:00,00:40:00,NO,788,OUT,TOUCH,01:00:00,FP,03:45:00,null,SI,NO,02:10:00,1,1,0,null,null,08:35:00,08:35:00,28 oct 2026,28 oct 2026,08:35:00,20:10:00,28 oct 2026,20:10:00,28 oct 2026,20:10:00,28 oct 2026,11:35:00,13:00:00,null,2982,1,1,0,0,0,-70.8,-77.12,Oeste,A,0,0,0,07:10:00,INT,7.166,00:00:00,00:00:00,28 oct 2026,J,REG
139,null,null,LIM,12 oct 2026,08:35:00,12 oct 2026,20:10:00,null,1,12 oct 2026,Oct-2026,2026Q3,LA,2696,SCL,LIM,SCLLIM,15:55:00,19:40:00,17:55:00,19:40:00,20:55:00,00:40:00,NO,789,OUT,TOUCH,01:00:00,FP,03:45:00,null,SI,NO,02:10:00,1,1,0,null,null,08:35:00,08:35:00,12 oct 2026,12 oct 2026,08:35:00,20:10:00,12 oct 2026,20:10:00,12 oct 2026,20:10:00,12 oct 2026,11:35:00,13:00:00,null,2982,0,0,1,0,6,-70.8,-77.12,Oeste," ",0,0,0,07:10:00,INT,7.166,00:00:00,00:00:00,12 oct 2026,J,REG
159,null,null,LIM,14 oct 2026,08:35:00,14 oct 2026,20:10:00,null,1,14 oct 2026,Oct-2026,2026Q3,LA,2696,SCL,LIM,SCLLIM,15:55:00,19:40:00,17:55:00,19:40:00,20:55:00,00:40:00,NO,788,OUT,TOUCH,01:00:00,FP,03:45:00,null,SI,NO,02:10:00,1,1,0,null,null,08:35:00,08:35:00,14 oct 2026,14 oct 2026,08:35:00,20:10:00,14 oct 2026,20:10:00,14 oct 2026,20:10:00,14 oct 2026,11:35:00,13:00:00,null,2982,0,0,1,0,6,-70.8,-77.12,Oeste," ",0,0,0,07:10:00,INT,7.166,00:00:00,00:00:00,14 oct 2026,J,REG
24,null,null,LIM,11 oct 2026,08:35:00,11 oct 2026,20:10:00,null,1,11 oct 2026,Oct-2026,2026Q3,LA,2696,SCL,LIM,SCLLIM,15:55:00,19:40:00,17:55:00,19:40:00,20:55:00,00:40:00,NO,789,OUT,TOUCH,01:00:00,FP,03:45:00,null,SI,NO,02:10:00,1,1,0,null,null,08:35:00,08:35:00,11 oct 2026,11 oct 2026,08:35:00,20:10:00,11 oct 2026,20:10:00,11 oct 2026,20:10:00,11 oct 2026,11:35:00,13:00:00,null,2982,1,1,0,0,0,-70.8,-77.12,Oeste,A,0,0,0,07:10:00,INT,7.166,00:00:00,00:00:00,11 oct 2026,J,REG
200,null,null,LIM,18 oct 2026,08:35:00,18 oct 2026,20:10:00,null,1,18 oct 2026,Oct-2026,2026Q3,LA,2696,SCL,LIM,SCLLIM,15:55:00,19:40:00,17:55:00,19:40:00,20:55:00,00:40:00,NO,789,OUT,TOUCH,01:00:00,FP,03:45:00,null,SI,NO,02:10:00,1,1,0,null,null,08:35:00,08:35:00,18 oct 2026,18 oct 2026,08:35:00,20:10:00,18 oct 2026,20:10:00,18 oct 2026,20:10:00,18 oct 2026,11:35:00,13:00:00,null,2982,0,0,1,0,6,-70.8,-77.12,Oeste," ",0,0,0,07:10:00,INT,7.166,00:00:00,00:00:00,18 oct 2026,J,REG
34,null,null,LIM,16 oct 2026,08:35:00,16 oct 2026,20:10:00,null,1,16 oct 2026,Oct-2026,2026Q3,LA,2696,SCL,LIM,SCLLIM,15:55:00,19:40:00,17:55:00,19:40:00,20:55:00,00:40:00,NO,789,OUT,TOUCH,01:00:00,FP,03:45:00,null,SI,NO,02:10:00,1,1,0,null,null,08:35:00,08:35:00,16 oct 2026,16 oct 2026,08:35:00,20:10:00,16 oct 2026,20:10:00,16 oct 2026,20:10:00,16 oct 2026,11:35:00,13:00:00,null,2982,1,1,0,0,0,-70.8,-77.12,Oeste,A,0,0,0,07:10:00,INT,7.166,00:00:00,00:00:00,16 oct 2026,J,REG
20,null,null,LIM,9 oct 2026,08:35:00,9 oct 2026,20:10:00,null,1,9 oct 2026,Oct-2026,2026Q3,LA,2696,SCL,LIM,SCLLIM,15:55:00,19:40:00,17:55:00,19:40:00,20:55:00,00:40:00,NO,788,OUT,TOUCH,01:00:00,FP,03:45:00,null,SI,NO,02:10:00,1,1,0,null,null,08:35:00,08:35:00,9 oct 2026,9 oct 2026,08:35:00,20:10:00,9 oct 2026,20:10:00,9 oct 2026,20:10:00,9 oct 2026,11:35:00,13:00:00,null,2982,1,1,0,0,0,-70.8,-77.12,Oeste,A,0,0,0,07:10:00,INT,7.166,00:00:00,00:00:00,9 oct 2026,J,REG
62,null,null,LIM,30 oct 2026,08:35:00,30 oct 2026,20:10:00,null,1,30 oct 2026,Oct-2026,2026Q3,LA,2696,SCL,LIM,SCLLIM,15:55:00,19:40:00,17:55:00,19:40:00,20:55:00,00:40:00,NO,788,OUT,TOUCH,01:00:00,FP,03:45:00,null,SI,NO,02:10:00,1,1,0,null,null,08:35:00,08:35:00,30 oct 2026,30 oct 2026,08:35:00,20:10:00,30 oct 2026,20:10:00,30 oct 2026,20:10:00,30 oct 2026,11:35:00,13:00:00,null,2982,1,1,0,0,0,-70.8,-77.12,Oeste,A,0,0,0,07:10:00,INT,7.166,00:00:00,00:00:00,30 oct 2026,J,REG
250,null,null,LIM,23 oct 2026,08:35:00,23 oct 2026,20:10:00,null,1,23 oct 2026,Oct-2026,2026Q3,LA,2696,SCL,LIM,SCLLIM,15:55:00,19:40:00,17:55:00,19:40:00,20:55:00,00:40:00,NO,789,OUT,TOUCH,01:00:00,FP,03:45:00,null,SI,NO,02:10:00,1,1,0,null,null,08:35:00,08:35:00,23 oct 2026,23 oct 2026,08:35:00,20:10:00,23 oct 2026,20:10:00,23 oct 2026,20:10:00,23 oct 2026,11:35:00,13:00:00,null,2982,0,0,1,0,6,-70.8,-77.12,Oeste," ",0,0,0,07:10:00,INT,7.166,00:00:00,00:00:00,23 oct 2026,J,REG
190,null,null,LIM,17 oct 2026,08:35:00,17 oct 2026,20:10:00,null,1,17 oct 2026,Oct-2026,2026Q3,LA,2696,SCL,LIM,SCLLIM,15:55:00,19:40:00,17:55:00,19:40:00,20:55:00,00:40:00,NO,789,OUT,TOUCH,01:00:00,FP,03:45:00,null,SI,NO,02:10:00,1,1,0,null,null,08:35:00,08:35:00,17 oct 2026,17 oct 2026,08:35:00,20:10:00,17 oct 2026,20:10:00,17 oct 2026,20:10:00,17 oct 2026,11:35:00,13:00:00,null,2982,0,0,1,0,6,-70.8,-77.12,Oeste," ",0,0,0,07:10:00,INT,7.166,00:00:00,00:00:00,17 oct 2026,J,REG
241,null,null,LIM,22 oct 2026,08:35:00,22 oct 2026,20:10:00,null,1,22 oct 2026,Oct-2026,2026Q3,LA,2696,SCL,LIM,SCLLIM,15:55:00,19:40:00,17:55:00,19:40:00,20:55:00,00:40:00,NO,789,OUT,TOUCH,01:00:00,FP,03:45:00,null,SI,NO,02:10:00,1,1,0,null,null,08:35:00,08:35:00,22 oct 2026,22 oct 2026,08:35:00,20:10:00,22 oct 2026,20:10:00,22 oct 2026,20:10:00,22 oct 2026,11:35:00,13:00:00,null,2982,0,0,1,0,6,-70.8,-77.12,Oeste," ",0,0,0,07:10:00,INT,7.166,00:00:00,00:00:00,22 oct 2026,J,REG
32,null,null,LIM,15 oct 2026,08:35:00,15 oct 2026,20:10:00,null,1,15 oct 2026,Oct-2026,2026Q3,LA,2696,SCL,LIM,SCLLIM,15:55:00,19:40:00,17:55:00,19:40:00,20:55:00,00:40:00,NO,789,OUT,TOUCH,01:00:00,FP,03:45:00,null,SI,NO,02:10:00,1,1,0,null,null,08:35:00,08:35:00,15 oct 2026,15 oct 2026,08:35:00,20:10:00,15 oct 2026,20:10:00,15 oct 2026,20:10:00,15 oct 2026,11:35:00,13:00:00,null,2982,1,1,0,0,0,-70.8,-77.12,Oeste,A,0,0,0,07:10:00,INT,7.166,00:00:00,00:00:00,15 oct 2026,J,REG
316,null,null,LIM,29 oct 2026,08:35:00,29 oct 2026,20:10:00,null,1,29 oct 2026,Oct-2026,2026Q3,LA,2696,SCL,LIM,SCLLIM,15:55:00,19:40:00,17:55:00,19:40:00,20:55:00,00:40:00,NO,789,OUT,TOUCH,01:00:00,FP,03:45:00,null,SI,NO,02:10:00,1,1,0,null,null,08:35:00,08:35:00,29 oct 2026,29 oct 2026,08:35:00,20:10:00,29 oct 2026,20:10:00,29 oct 2026,20:10:00,29 oct 2026,11:35:00,13:00:00,null,2982,0,0,1,0,6,-70.8,-77.12,Oeste," ",0,0,0,07:10:00,INT,7.166,00:00:00,00:00:00,29 oct 2026,J,REG
304,null,null,LIM,28 oct 2026,08:35:00,28 oct 2026,20:10:00,null,1,28 oct 2026,Oct-2026,2026Q3,LA,2696,SCL,LIM,SCLLIM,15:55:00,19:40:00,17:55:00,19:40:00,20:55:00,00:40:00,NO,788,OUT,TOUCH,01:00:00,FP,03:45:00,null,SI,NO,02:10:00,1,1,0,null,null,08:35:00,08:35:00,28 oct 2026,28 oct 2026,08:35:00,20:10:00,28 oct 2026,20:10:00,28 oct 2026,20:10:00,28 oct 2026,11:35:00,13:00:00,null,2982,0,0,1,0,6,-70.8,-77.12,Oeste," ",0,0,0,07:10:00,INT,7.166,00:00:00,00:00:00,28 oct 2026,J,REG
36,null,null,LIM,17 oct 2026,08:35:00,17 oct 2026,20:10:00,null,1,17 oct 2026,Oct-2026,2026Q3,LA,2696,SCL,LIM,SCLLIM,15:55:00,19:40:00,17:55:00,19:40:00,20:55:00,00:40:00,NO,789,OUT,TOUCH,01:00:00,FP,03:45:00,null,SI,NO,02:10:00,1,1,0,null,null,08:35:00,08:35:00,17 oct 2026,17 oct 2026,08:35:00,20:10:00,17 oct 2026,20:10:00,17 oct 2026,20:10:00,17 oct 2026,11:35:00,13:00:00,null,2982,1,1,0,0,0,-70.8,-77.12,Oeste,A,0,0,0,07:10:00,INT,7.166,00:00:00,00:00:00,17 oct 2026,J,REG
45,null,null,LIM,3 oct 2026,08:35:00,3 oct 2026,20:10:00,null,1,3 oct 2026,Oct-2026,2026Q3,LA,2696,SCL,LIM,SCLLIM,15:55:00,19:40:00,17:55:00,19:40:00,20:55:00,00:40:00,NO,789,OUT,TOUCH,01:00:00,FP,03:45:00,null,SI,NO,02:10:00,1,1,0,null,null,08:35:00,08:35:00,3 oct 2026,3 oct 2026,08:35:00,20:10:00,3 oct 2026,20:10:00,3 oct 2026,20:10:00,3 oct 2026,11:35:00,13:00:00,null,2982,0,0,1,0,6,-70.8,-77.12,Oeste," ",0,0,0,07:10:00,INT,7.166,00:00:00,00:00:00,3 oct 2026,J,REG
118,null,null,LIM,10 oct 2026,08:35:00,10 oct 2026,20:10:00,null,1,10 oct 2026,Oct-2026,2026Q3,LA,2696,SCL,LIM,SCLLIM,15:55:00,19:40:00,17:55:00,19:40:00,20:55:00,00:40:00,NO,789,OUT,TOUCH,01:00:00,FP,03:45:00,null,SI,NO,02:10:00,1,1,0,null,null,08:35:00,08:35:00,10 oct 2026,10 oct 2026,08:35:00,20:10:00,10 oct 2026,20:10:00,10 oct 2026,20:10:00,10 oct 2026,11:35:00,13:00:00,null,2982,0,0,1,0,6,-70.8,-77.12,Oeste," ",0,0,0,07:10:00,INT,7.166,00:00:00,00:00:00,10 oct 2026,J,REG
107,null,null,LIM,9 oct 2026,08:35:00,9 oct 2026,20:10:00,null,1,9 oct 2026,Oct-2026,2026Q3,LA,2696,SCL,LIM,SCLLIM,15:55:00,19:40:00,17:55:00,19:40:00,20:55:00,00:40:00,NO,788,OUT,TOUCH,01:00:00,FP,03:45:00,null,SI,NO,02:10:00,1,1,0,null,null,08:35:00,08:35:00,9 oct 2026,9 oct 2026,08:35:00,20:10:00,9 oct 2026,20:10:00,9 oct 2026,20:10:00,9 oct 2026,11:35:00,13:00:00,null,2982,0,0,1,0,6,-70.8,-77.12,Oeste," ",0,0,0,07:10:00,INT,7.166,00:00:00,00:00:00,9 oct 2026,J,REG
97,null,null,LIM,8 oct 2026,08:35:00,8 oct 2026,20:10:00,null,1,8 oct 2026,Oct-2026,2026Q3,LA,2696,SCL,LIM,SCLLIM,15:55:00,19:40:00,17:55:00,19:40:00,20:55:00,00:40:00,NO,789,OUT,TOUCH,01:00:00,FP,03:45:00,null,SI,NO,02:10:00,1,1,0,null,null,08:35:00,08:35:00,8 oct 2026,8 oct 2026,08:35:00,20:10:00,8 oct 2026,20:10:00,8 oct 2026,20:10:00,8 oct 2026,11:35:00,13:00:00,null,2982,0,0,1,0,6,-70.8,-77.12,Oeste," ",0,0,0,07:10:00,INT,7.166,00:00:00,00:00:00,8 oct 2026,J,REG
148,null,null,LIM,13 oct 2026,08:35:00,13 oct 2026,20:10:00,null,1,13 oct 2026,Oct-2026,2026Q3,LA,2696,SCL,LIM,SCLLIM,15:55:00,19:40:00,17:55:00,19:40:00,20:55:00,00:40:00,NO,789,OUT,TOUCH,01:00:00,FP,03:45:00,null,SI,NO,02:10:00,1,1,0,null,null,08:35:00,08:35:00,13 oct 2026,13 oct 2026,08:35:00,20:10:00,13 oct 2026,20:10:00,13 oct 2026,20:10:00,13 oct 2026,11:35:00,13:00:00,null,2982,0,0,1,0,6,-70.8,-77.12,Oeste," ",0,0,0,07:10:00,INT,7.166,00:00:00,00:00:00,13 oct 2026,J,REG
335,null,null,LIM,31 oct 2026,08:35:00,31 oct 2026,20:10:00,null,1,31 oct 2026,Oct-2026,2026Q3,LA,2696,SCL,LIM,SCLLIM,15:55:00,19:40:00,17:55:00,19:40:00,20:55:00,00:40:00,NO,789,OUT,TOUCH,01:00:00,FP,03:45:00,null,SI,NO,02:10:00,1,1,0,null,null,08:35:00,08:35:00,31 oct 2026,31 oct 2026,08:35:00,20:10:00,31 oct 2026,20:10:00,31 oct 2026,20:10:00,31 oct 2026,11:35:00,13:00:00,null,2982,0,0,1,0,6,-70.8,-77.12,Oeste," ",0,0,0,07:10:00,INT,7.166,00:00:00,00:00:00,31 oct 2026,J,REG
129,null,null,LIM,11 oct 2026,08:35:00,11 oct 2026,20:10:00,null,1,11 oct 2026,Oct-2026,2026Q3,LA,2696,SCL,LIM,SCLLIM,15:55:00,19:40:00,17:55:00,19:40:00,20:55:00,00:40:00,NO,789,OUT,TOUCH,01:00:00,FP,03:45:00,null,SI,NO,02:10:00,1,1,0,null,null,08:35:00,08:35:00,11 oct 2026,11 oct 2026,08:35:00,20:10:00,11 oct 2026,20:10:00,11 oct 2026,20:10:00,11 oct 2026,11:35:00,13:00:00,null,2982,0,0,1,0,6,-70.8,-77.12,Oeste," ",0,0,0,07:10:00,INT,7.166,00:00:00,00:00:00,11 oct 2026,J,REG
12,null,null,LIM,5 oct 2026,08:35:00,5 oct 2026,20:10:00,null,1,5 oct 2026,Oct-2026,2026Q3,LA,2696,SCL,LIM,SCLLIM,15:55:00,19:40:00,17:55:00,19:40:00,20:55:00,00:40:00,NO,789,OUT,TOUCH,01:00:00,FP,03:45:00,null,SI,NO,02:10:00,1,1,0,null,null,08:35:00,08:35:00,5 oct 2026,5 oct 2026,08:35:00,20:10:00,5 oct 2026,20:10:00,5 oct 2026,20:10:00,5 oct 2026,11:35:00,13:00:00,null,2982,1,1,0,0,0,-70.8,-77.12,Oeste,A,0,0,0,07:10:00,INT,7.166,00:00:00,00:00:00,5 oct 2026,J,REG
48,null,null,LIM,23 oct 2026,08:35:00,23 oct 2026,20:10:00,null,1,23 oct 2026,Oct-2026,2026Q3,LA,2696,SCL,LIM,SCLLIM,15:55:00,19:40:00,17:55:00,19:40:00,20:55:00,00:40:00,NO,789,OUT,TOUCH,01:00:00,FP,03:45:00,null,SI,NO,02:10:00,1,1,0,null,null,08:35:00,08:35:00,23 oct 2026,23 oct 2026,08:35:00,20:10:00,23 oct 2026,20:10:00,23 oct 2026,20:10:00,23 oct 2026,11:35:00,13:00:00,null,2982,1,1,0,0,0,-70.8,-77.12,Oeste,A,0,0,0,07:10:00,INT,7.166,00:00:00,00:00:00,23 oct 2026,J,REG
77,null,null,LIM,6 oct 2026,08:35:00,6 oct 2026,20:10:00,null,1,6 oct 2026,Oct-2026,2026Q3,LA,2696,SCL,LIM,SCLLIM,15:55:00,19:40:00,17:55:00,19:40:00,20:55:00,00:40:00,NO,789,OUT,TOUCH,01:00:00,FP,03:45:00,null,SI,NO,02:10:00,1,1,0,null,null,08:35:00,08:35:00,6 oct 2026,6 oct 2026,08:35:00,20:10:00,6 oct 2026,20:10:00,6 oct 2026,20:10:00,6 oct 2026,11:35:00,13:00:00,null,2982,0,0,1,0,6,-70.8,-77.12,Oeste," ",0,0,0,07:10:00,INT,7.166,00:00:00,00:00:00,6 oct 2026,J,REG
8,null,null,LIM,3 oct 2026,08:35:00,3 oct 2026,20:10:00,null,1,3 oct 2026,Oct-2026,2026Q3,LA,2696,SCL,LIM,SCLLIM,15:55:00,19:40:00,17:55:00,19:40:00,20:55:00,00:40:00,NO,789,OUT,TOUCH,01:00:00,FP,03:45:00,null,SI,NO,02:10:00,1,1,0,null,null,08:35:00,08:35:00,3 oct 2026,3 oct 2026,08:35:00,20:10:00,3 oct 2026,20:10:00,3 oct 2026,20:10:00,3 oct 2026,11:35:00,13:00:00,null,2982,1,1,0,0,0,-70.8,-77.12,Oeste,A,0,0,0,07:10:00,INT,7.166,00:00:00,00:00:00,3 oct 2026,J,REG
44,null,null,LIM,21 oct 2026,08:35:00,21 oct 2026,20:10:00,null,1,21 oct 2026,Oct-2026,2026Q3,LA,2696,SCL,LIM,SCLLIM,15:55:00,19:40:00,17:55:00,19:40:00,20:55:00,00:40:00,NO,789,OUT,TOUCH,01:00:00,FP,03:45:00,null,SI,NO,02:10:00,1,1,0,null,null,08:35:00,08:35:00,21 oct 2026,21 oct 2026,08:35:00,20:10:00,21 oct 2026,20:10:00,21 oct 2026,20:10:00,21 oct 2026,11:35:00,13:00:00,null,2982,1,1,0,0,0,-70.8,-77.12,Oeste,A,0,0,0,07:10:00,INT,7.166,00:00:00,00:00:00,21 oct 2026,J,REG
284,null,null,LIM,26 oct 2026,08:35:00,26 oct 2026,20:10:00,null,1,26 oct 2026,Oct-2026,2026Q3,LA,2696,SCL,LIM,SCLLIM,15:55:00,19:40:00,17:55:00,19:40:00,20:55:00,00:40:00,NO,789,OUT,TOUCH,01:00:00,FP,03:45:00,null,SI,NO,02:10:00,1,1,0,null,null,08:35:00,08:35:00,26 oct 2026,26 oct 2026,08:35:00,20:10:00,26 oct 2026,20:10:00,26 oct 2026,20:10:00,26 oct 2026,11:35:00,13:00:00,null,2982,0,0,1,0,6,-70.8,-77.12,Oeste," ",0,0,0,07:10:00,INT,7.166,00:00:00,00:00:00,26 oct 2026,J,REG
4,null,null,LIM,1 oct 2026,08:35:00,1 oct 2026,20:10:00,null,1,1 oct 2026,Oct-2026,2026Q3,LA,2696,SCL,LIM,SCLLIM,15:55:00,19:40:00,17:55:00,19:40:00,20:55:00,00:40:00,NO,789,OUT,TOUCH,01:00:00,FP,03:45:00,null,SI,NO,02:10:00,1,1,0,null,null,08:35:00,08:35:00,1 oct 2026,1 oct 2026,08:35:00,20:10:00,1 oct 2026,20:10:00,1 oct 2026,20:10:00,1 oct 2026,11:35:00,13:00:00,null,2982,1,1,0,0,0,-70.8,-77.12,Oeste,A,0,0,0,07:10:00,INT,7.166,00:00:00,00:00:00,1 oct 2026,J,REG
30,null,null,LIM,14 oct 2026,08:35:00,14 oct 2026,20:10:00,null,1,14 oct 2026,Oct-2026,2026Q3,LA,2696,SCL,LIM,SCLLIM,15:55:00,19:40:00,17:55:00,19:40:00,20:55:00,00:40:00,NO,788,OUT,TOUCH,01:00:00,FP,03:45:00,null,SI,NO,02:10:00,1,1,0,null,null,08:35:00,08:35:00,14 oct 2026,14 oct 2026,08:35:00,20:10:00,14 oct 2026,20:10:00,14 oct 2026,20:10:00,14 oct 2026,11:35:00,13:00:00,null,2982,1,1,0,0,0,-70.8,-77.12,Oeste,A,0,0,0,07:10:00,INT,7.166,00:00:00,00:00:00,14 oct 2026,J,REG
22,null,null,LIM,10 oct 2026,08:35:00,10 oct 2026,20:10:00,null,1,10 oct 2026,Oct-2026,2026Q3,LA,2696,SCL,LIM,SCLLIM,15:55:00,19:40:00,17:55:00,19:40:00,20:55:00,00:40:00,NO,789,OUT,TOUCH,01:00:00,FP,03:45:00,null,SI,NO,02:10:00,1,1,0,null,null,08:35:00,08:35:00,10 oct 2026,10 oct 2026,08:35:00,20:10:00,10 oct 2026,20:10:00,10 oct 2026,20:10:00,10 oct 2026,11:35:00,13:00:00,null,2982,1,1,0,0,0,-70.8,-77.12,Oeste,A,0,0,0,07:10:00,INT,7.166,00:00:00,00:00:00,10 oct 2026,J,REG
272,null,null,LIM,25 oct 2026,08:35:00,25 oct 2026,20:10:00,null,1,25 oct 2026,Oct-2026,2026Q3,LA,2696,SCL,LIM,SCLLIM,15:55:00,19:40:00,17:55:00,19:40:00,20:55:00,00:40:00,NO,789,OUT,TOUCH,01:00:00,FP,03:45:00,null,SI,NO,02:10:00,1,1,0,null,null,08:35:00,08:35:00,25 oct 2026,25 oct 2026,08:35:00,20:10:00,25 oct 2026,20:10:00,25 oct 2026,20:10:00,25 oct 2026,11:35:00,13:00:00,null,2982,0,0,1,0,6,-70.8,-77.12,Oeste," ",0,0,0,07:10:00,INT,7.166,00:00:00,00:00:00,25 oct 2026,J,REG
324,null,null,LIM,30 oct 2026,08:35:00,30 oct 2026,20:10:00,null,1,30 oct 2026,Oct-2026,2026Q3,LA,2696,SCL,LIM,SCLLIM,15:55:00,19:40:00,17:55:00,19:40:00,20:55:00,00:40:00,NO,788,OUT,TOUCH,01:00:00,FP,03:45:00,null,SI,NO,02:10:00,1,1,0,null,null,08:35:00,08:35:00,30 oct 2026,30 oct 2026,08:35:00,20:10:00,30 oct 2026,20:10:00,30 oct 2026,20:10:00,30 oct 2026,11:35:00,13:00:00,null,2982,0,0,1,0,6,-70.8,-77.12,Oeste," ",0,0,0,07:10:00,INT,7.166,00:00:00,00:00:00,30 oct 2026,J,REG
221,null,null,LIM,20 oct 2026,08:35:00,20 oct 2026,20:10:00,null,1,20 oct 2026,Oct-2026,2026Q3,LA,2696,SCL,LIM,SCLLIM,15:55:00,19:40:00,17:55:00,19:40:00,20:55:00,00:40:00,NO,789,OUT,TOUCH,01:00:00,FP,03:45:00,null,SI,NO,02:10:00,1,1,0,null,null,08:35:00,08:35:00,20 oct 2026,20 oct 2026,08:35:00,20:10:00,20 oct 2026,20:10:00,20 oct 2026,20:10:00,20 oct 2026,11:35:00,13:00:00,null,2982,0,0,1,0,6,-70.8,-77.12,Oeste," ",0,0,0,07:10:00,INT,7.166,00:00:00,00:00:00,20 oct 2026,J,REG
294,null,null,LIM,27 oct 2026,08:35:00,27 oct 2026,20:10:00,null,1,27 oct 2026,Oct-2026,2026Q3,LA,2696,SCL,LIM,SCLLIM,15:55:00,19:40:00,17:55:00,19:40:00,20:55:00,00:40:00,NO,789,OUT,TOUCH,01:00:00,FP,03:45:00,null,SI,NO,02:10:00,1,1,0,null,null,08:35:00,08:35:00,27 oct 2026,27 oct 2026,08:35:00,20:10:00,27 oct 2026,20:10:00,27 oct 2026,20:10:00,27 oct 2026,11:35:00,13:00:00,null,2982,0,0,1,0,6,-70.8,-77.12,Oeste," ",0,0,0,07:10:00,INT,7.166,00:00:00,00:00:00,27 oct 2026,J,REG
169,null,null,LIM,15 oct 2026,08:35:00,15 oct 2026,20:10:00,null,1,15 oct 2026,Oct-2026,2026Q3,LA,2696,SCL,LIM,SCLLIM,15:55:00,19:40:00,17:55:00,19:40:00,20:55:00,00:40:00,NO,789,OUT,TOUCH,01:00:00,FP,03:45:00,null,SI,NO,02:10:00,1,1,0,null,null,08:35:00,08:35:00,15 oct 2026,15 oct 2026,08:35:00,20:10:00,15 oct 2026,20:10:00,15 oct 2026,20:10:00,15 oct 2026,11:35:00,13:00:00,null,2982,0,0,1,0,6,-70.8,-77.12,Oeste," ",0,0,0,07:10:00,INT,7.166,00:00:00,00:00:00,15 oct 2026,J,REG
33,null,null,LIM,2 oct 2026,08:35:00,2 oct 2026,20:10:00,null,1,2 oct 2026,Oct-2026,2026Q3,LA,2696,SCL,LIM,SCLLIM,15:55:00,19:40:00,17:55:00,19:40:00,20:55:00,00:40:00,NO,789,OUT,TOUCH,01:00:00,FP,03:45:00,null,SI,NO,02:10:00,1,1,0,null,null,08:35:00,08:35:00,2 oct 2026,2 oct 2026,08:35:00,20:10:00,2 oct 2026,20:10:00,2 oct 2026,20:10:00,2 oct 2026,11:35:00,13:00:00,null,2982,0,0,1,0,6,-70.8,-77.12,Oeste," ",0,0,0,07:10:00,INT,7.166,00:00:00,00:00:00,2 oct 2026,J,REG
40,null,null,LIM,19 oct 2026,08:35:00,19 oct 2026,20:10:00,null,1,19 oct 2026,Oct-2026,2026Q3,LA,2696,SCL,LIM,SCLLIM,15:55:00,19:40:00,17:55:00,19:40:00,20:55:00,00:40:00,NO,789,OUT,TOUCH,01:00:00,FP,03:45:00,null,SI,NO,02:10:00,1,1,0,null,null,08:35:00,08:35:00,19 oct 2026,19 oct 2026,08:35:00,20:10:00,19 oct 2026,20:10:00,19 oct 2026,20:10:00,19 oct 2026,11:35:00,13:00:00,null,2982,1,1,0,0,0,-70.8,-77.12,Oeste,A,0,0,0,07:10:00,INT,7.166,00:00:00,00:00:00,19 oct 2026,J,REG
60,null,null,LIM,29 oct 2026,08:35:00,29 oct 2026,20:10:00,null,1,29 oct 2026,Oct-2026,2026Q3,LA,2696,SCL,LIM,SCLLIM,15:55:00,19:40:00,17:55:00,19:40:00,20:55:00,00:40:00,NO,789,OUT,TOUCH,01:00:00,FP,03:45:00,null,SI,NO,02:10:00,1,1,0,null,null,08:35:00,08:35:00,29 oct 2026,29 oct 2026,08:35:00,20:10:00,29 oct 2026,20:10:00,29 oct 2026,20:10:00,29 oct 2026,11:35:00,13:00:00,null,2982,1,1,0,0,0,-70.8,-77.12,Oeste,A,0,0,0,07:10:00,INT,7.166,00:00:00,00:00:00,29 oct 2026,J,REG
52,null,null,LIM,25 oct 2026,08:35:00,25 oct 2026,20:10:00,null,1,25 oct 2026,Oct-2026,2026Q3,LA,2696,SCL,LIM,SCLLIM,15:55:00,19:40:00,17:55:00,19:40:00,20:55:00,00:40:00,NO,789,OUT,TOUCH,01:00:00,FP,03:45:00,null,SI,NO,02:10:00,1,1,0,null,null,08:35:00,08:35:00,25 oct 2026,25 oct 2026,08:35:00,20:10:00,25 oct 2026,20:10:00,25 oct 2026,20:10:00,25 oct 2026,11:35:00,13:00:00,null,2982,1,1,0,0,0,-70.8,-77.12,Oeste,A,0,0,0,07:10:00,INT,7.166,00:00:00,00:00:00,25 oct 2026,J,REG
24,null,null,LIM,1 oct 2026,08:35:00,1 oct 2026,20:10:00,null,1,1 oct 2026,Oct-2026,2026Q3,LA,2696,SCL,LIM,SCLLIM,15:55:00,19:40:00,17:55:00,19:40:00,20:55:00,00:40:00,NO,789,OUT,TOUCH,01:00:00,FP,03:45:00,null,SI,NO,02:10:00,1,1,0,null,null,08:35:00,08:35:00,1 oct 2026,1 oct 2026,08:35:00,20:10:00,1 oct 2026,20:10:00,1 oct 2026,20:10:00,1 oct 2026,11:35:00,13:00:00,null,2982,0,0,1,0,6,-70.8,-77.12,Oeste," ",0,0,0,07:10:00,INT,7.166,00:00:00,00:00:00,1 oct 2026,J,REG
143,null,null,LIM,18 oct 2026,11:00:00,20 oct 2026,08:40:00,null,1,19 oct 2026,Oct-2026,2026Q3,LA,2477,LAX,LIM,LAXLIM,23:30:00,08:10:00,21:30:00,08:10:00,04:30:00,13:10:00,NO,763,OUT,TOUCH,01:00:00,FP,08:40:00,null,SI,NO,02:55:00,2,2,1,null,1,22:30:00,20:30:00,19 oct 2026,19 oct 2026,22:30:00,08:40:00,20 oct 2026,08:40:00,20 oct 2026,08:40:00,20 oct 2026,10:10:00,13:00:00,null,2982,2,1,0,0,0,-118.4,-77.12,Este,B,0,0,0,08:40:00,INT,2.888,00:00:00,00:00:00,20 oct 2026,J,INT
262,null,null,LIM,24 oct 2026,08:35:00,24 oct 2026,20:10:00,null,1,24 oct 2026,Oct-2026,2026Q3,LA,2696,SCL,LIM,SCLLIM,15:55:00,19:40:00,17:55:00,19:40:00,20:55:00,00:40:00,NO,789,OUT,TOUCH,01:00:00,FP,03:45:00,null,SI,NO,02:10:00,1,1,0,null,null,08:35:00,08:35:00,24 oct 2026,24 oct 2026,08:35:00,20:10:00,24 oct 2026,20:10:00,24 oct 2026,20:10:00,24 oct 2026,11:35:00,13:00:00,null,2982,0,0,1,0,6,-70.8,-77.12,Oeste," ",0,0,0,07:10:00,INT,7.166,00:00:00,00:00:00,24 oct 2026,J,REG
14,null,null,LIM,6 oct 2026,08:35:00,6 oct 2026,20:10:00,null,1,6 oct 2026,Oct-2026,2026Q3,LA,2696,SCL,LIM,SCLLIM,15:55:00,19:40:00,17:55:00,19:40:00,20:55:00,00:40:00,NO,789,OUT,TOUCH,01:00:00,FP,03:45:00,null,SI,NO,02:10:00,1,1,0,null,null,08:35:00,08:35:00,6 oct 2026,6 oct 2026,08:35:00,20:10:00,6 oct 2026,20:10:00,6 oct 2026,20:10:00,6 oct 2026,11:35:00,13:00:00,null,2982,1,1,0,0,0,-70.8,-77.12,Oeste,A,0,0,0,07:10:00,INT,7.166,00:00:00,00:00:00,6 oct 2026,J,REG
18,null,null,LIM,8 oct 2026,08:35:00,8 oct 2026,20:10:00,null,1,8 oct 2026,Oct-2026,2026Q3,LA,2696,SCL,LIM,SCLLIM,15:55:00,19:40:00,17:55:00,19:40:00,20:55:00,00:40:00,NO,789,OUT,TOUCH,01:00:00,FP,03:45:00,null,SI,NO,02:10:00,1,1,0,null,null,08:35:00,08:35:00,8 oct 2026,8 oct 2026,08:35:00,20:10:00,8 oct 2026,20:10:00,8 oct 2026,20:10:00,8 oct 2026,11:35:00,13:00:00,null,2982,1,1,0,0,0,-70.8,-77.12,Oeste,A,0,0,0,07:10:00,INT,7.166,00:00:00,00:00:00,8 oct 2026,J,REG
26,null,null,LIM,12 oct 2026,08:35:00,12 oct 2026,20:10:00,null,1,12 oct 2026,Oct-2026,2026Q3,LA,2696,SCL,LIM,SCLLIM,15:55:00,19:40:00,17:55:00,19:40:00,20:55:00,00:40:00,NO,789,OUT,TOUCH,01:00:00,FP,03:45:00,null,SI,NO,02:10:00,1,1,0,null,null,08:35:00,08:35:00,12 oct 2026,12 oct 2026,08:35:00,20:10:00,12 oct 2026,20:10:00,12 oct 2026,20:10:00,12 oct 2026,11:35:00,13:00:00,null,2982,1,1,0,0,0,-70.8,-77.12,Oeste,A,0,0,0,07:10:00,INT,7.166,00:00:00,00:00:00,12 oct 2026,J,REG
56,null,null,LIM,27 oct 2026,08:35:00,27 oct 2026,20:10:00,null,1,27 oct 2026,Oct-2026,2026Q3,LA,2696,SCL,LIM,SCLLIM,15:55:00,19:40:00,17:55:00,19:40:00,20:55:00,00:40:00,NO,789,OUT,TOUCH,01:00:00,FP,03:45:00,null,SI,NO,02:10:00,1,1,0,null,null,08:35:00,08:35:00,27 oct 2026,27 oct 2026,08:35:00,20:10:00,27 oct 2026,20:10:00,27 oct 2026,20:10:00,27 oct 2026,11:35:00,13:00:00,null,2982,1,1,0,0,0,-70.8,-77.12,Oeste,A,0,0,0,07:10:00,INT,7.166,00:00:00,00:00:00,27 oct 2026,J,REG
16,null,null,LIM,7 oct 2026,08:35:00,7 oct 2026,20:10:00,null,1,7 oct 2026,Oct-2026,2026Q3,LA,2696,SCL,LIM,SCLLIM,15:55:00,19:40:00,17:55:00,19:40:00,20:55:00,00:40:00,NO,788,OUT,TOUCH,01:00:00,FP,03:45:00,null,SI,NO,02:10:00,1,1,0,null,null,08:35:00,08:35:00,7 oct 2026,7 oct 2026,08:35:00,20:10:00,7 oct 2026,20:10:00,7 oct 2026,20:10:00,7 oct 2026,11:35:00,13:00:00,null,2982,1,1,0,0,0,-70.8,-77.12,Oeste,A,0,0,0,07:10:00,INT,7.166,00:00:00,00:00:00,7 oct 2026,J,REG
6,null,null,LIM,2 oct 2026,08:35:00,2 oct 2026,20:10:00,null,1,2 oct 2026,Oct-2026,2026Q3,LA,2696,SCL,LIM,SCLLIM,15:55:00,19:40:00,17:55:00,19:40:00,20:55:00,00:40:00,NO,789,OUT,TOUCH,01:00:00,FP,03:45:00,null,SI,NO,02:10:00,1,1,0,null,null,08:35:00,08:35:00,2 oct 2026,2 oct 2026,08:35:00,20:10:00,2 oct 2026,20:10:00,2 oct 2026,20:10:00,2 oct 2026,11:35:00,13:00:00,null,2982,1,1,0,0,0,-70.8,-77.12,Oeste,A,0,0,0,07:10:00,INT,7.166,00:00:00,00:00:00,2 oct 2026,J,REG
28,null,null,LIM,13 oct 2026,08:35:00,13 oct 2026,20:10:00,null,1,13 oct 2026,Oct-2026,2026Q3,LA,2696,SCL,LIM,SCLLIM,15:55:00,19:40:00,17:55:00,19:40:00,20:55:00,00:40:00,NO,789,OUT,TOUCH,01:00:00,FP,03:45:00,null,SI,NO,02:10:00,1,1,0,null,null,08:35:00,08:35:00,13 oct 2026,13 oct 2026,08:35:00,20:10:00,13 oct 2026,20:10:00,13 oct 2026,20:10:00,13 oct 2026,11:35:00,13:00:00,null,2982,1,1,0,0,0,-70.8,-77.12,Oeste,A,0,0,0,07:10:00,INT,7.166,00:00:00,00:00:00,13 oct 2026,J,REG
57,null,null,LIM,4 oct 2026,08:35:00,4 oct 2026,20:10:00,null,1,4 oct 2026,Oct-2026,2026Q3,LA,2696,SCL,LIM,SCLLIM,15:55:00,19:40:00,17:55:00,19:40:00,20:55:00,00:40:00,NO,789,OUT,TOUCH,01:00:00,FP,03:45:00,null,SI,NO,02:10:00,1,1,0,null,null,08:35:00,08:35:00,4 oct 2026,4 oct 2026,08:35:00,20:10:00,4 oct 2026,20:10:00,4 oct 2026,20:10:00,4 oct 2026,11:35:00,13:00:00,null,2982,0,0,1,0,6,-70.8,-77.12,Oeste," ",0,0,0,07:10:00,INT,7.166,00:00:00,00:00:00,4 oct 2026,J,REG
141,null,null,LIM,12 oct 2026,12:30:00,14 oct 2026,05:30:00,null,1,14 oct 2026,Oct-2026,2026Q3,LA,2699,MIA,LIM,MIALIM,23:15:00,05:00:00,00:15:00,05:00:00,04:15:00,10:00:00,NO,763,OUT,TOUCH,01:00:00,FP,05:45:00,null,SI,NO,02:55:00,2,2,1,null,1,22:15:00,23:15:00,13 oct 2026,13 oct 2026,22:15:00,05:30:00,14 oct 2026,05:30:00,14 oct 2026,05:30:00,14 oct 2026,07:15:00,13:00:00,null,2981,0,0,1,0,4,-80.28,-77.12,Este," ",0,0,0,05:45:00,INT,3.888,00:00:00,00:00:00,14 oct 2026,J,INT
69,null,null,LIM,5 oct 2026,12:30:00,7 oct 2026,05:30:00,null,1,7 oct 2026,Oct-2026,2026Q3,LA,2699,MIA,LIM,MIALIM,23:15:00,05:00:00,00:15:00,05:00:00,04:15:00,10:00:00,NO,763,OUT,TOUCH,01:00:00,FP,05:45:00,null,SI,NO,02:55:00,2,2,1,null,1,22:15:00,23:15:00,6 oct 2026,6 oct 2026,22:15:00,05:30:00,7 oct 2026,05:30:00,7 oct 2026,05:30:00,7 oct 2026,07:15:00,13:00:00,null,2981,0,0,1,0,4,-80.28,-77.12,Este," ",0,0,0,05:45:00,INT,3.888,00:00:00,00:00:00,7 oct 2026,J,INT
101,null,null,LIM,12 oct 2026,12:30:00,14 oct 2026,05:30:00,null,1,14 oct 2026,Oct-2026,2026Q3,LA,2699,MIA,LIM,MIALIM,23:15:00,05:00:00,00:15:00,05:00:00,04:15:00,10:00:00,NO,763,OUT,TOUCH,01:00:00,FP,05:45:00,null,SI,NO,02:55:00,2,2,1,null,1,22:15:00,23:15:00,13 oct 2026,13 oct 2026,22:15:00,05:30:00,14 oct 2026,05:30:00,14 oct 2026,05:30:00,14 oct 2026,07:15:00,13:00:00,null,2981,1,1,0,0,0,-80.28,-77.12,Este,A,0,0,0,05:45:00,INT,3.888,00:00:00,00:00:00,14 oct 2026,J,INT
50,null,null,LIM,5 oct 2026,12:30:00,7 oct 2026,05:30:00,null,1,7 oct 2026,Oct-2026,2026Q3,LA,2699,MIA,LIM,MIALIM,23:15:00,05:00:00,00:15:00,05:00:00,04:15:00,10:00:00,NO,763,OUT,TOUCH,01:00:00,FP,05:45:00,null,SI,NO,02:55:00,2,2,1,null,1,22:15:00,23:15:00,6 oct 2026,6 oct 2026,22:15:00,05:30:00,7 oct 2026,05:30:00,7 oct 2026,05:30:00,7 oct 2026,07:15:00,13:00:00,null,2981,1,1,0,0,0,-80.28,-77.12,Este,A,0,0,0,05:45:00,INT,3.888,00:00:00,00:00:00,7 oct 2026,J,INT
224,null,null,LIM,20 oct 2026,12:30:00,22 oct 2026,05:30:00,null,1,22 oct 2026,Oct-2026,2026Q3,LA,2699,MIA,LIM,MIALIM,23:15:00,05:00:00,00:15:00,05:00:00,04:15:00,10:00:00,NO,763,OUT,TOUCH,01:00:00,FP,05:45:00,null,SI,NO,02:55:00,2,2,1,null,1,22:15:00,23:15:00,21 oct 2026,21 oct 2026,22:15:00,05:30:00,22 oct 2026,05:30:00,22 oct 2026,05:30:00,22 oct 2026,07:15:00,13:00:00,null,2981,0,0,1,0,4,-80.28,-77.12,Este," ",0,0,0,05:45:00,INT,3.888,00:00:00,00:00:00,22 oct 2026,J,INT
160,null,null,LIM,20 oct 2026,12:30:00,22 oct 2026,05:30:00,null,1,22 oct 2026,Oct-2026,2026Q3,LA,2699,MIA,LIM,MIALIM,23:15:00,05:00:00,00:15:00,05:00:00,04:15:00,10:00:00,NO,763,OUT,TOUCH,01:00:00,FP,05:45:00,null,SI,NO,02:55:00,2,2,1,null,1,22:15:00,23:15:00,21 oct 2026,21 oct 2026,22:15:00,05:30:00,22 oct 2026,05:30:00,22 oct 2026,05:30:00,22 oct 2026,07:15:00,13:00:00,null,2981,1,1,0,0,0,-80.28,-77.12,Este,A,0,0,0,05:45:00,INT,3.888,00:00:00,00:00:00,22 oct 2026,J,INT
79,null,null,LIM,9 oct 2026,12:30:00,10 oct 2026,23:00:00,null,1,10 oct 2026,Oct-2026,2026Q3,LA,2425,GRU,LIM,GRULIM,17:10:00,22:30:00,19:10:00,22:30:00,22:10:00,03:30:00,PAX,320,OUT,TOUCH,01:00:00,FP,00:00:00,null,SI,NO,03:00:00,2,2,1,null,1,16:10:00,18:10:00,10 oct 2026,10 oct 2026,16:10:00,23:00:00,10 oct 2026,23:00:00,10 oct 2026,23:00:00,10 oct 2026,06:50:00,13:00:00,null,2977,1,1,0,0,0,-46.47,-77.12,Oeste," ",0,0,0,00:00:00,INT,2.333,00:00:00,00:00:00,10 oct 2026,J,REG
203,null,null,LIM,18 oct 2026,12:30:00,19 oct 2026,23:00:00,null,1,19 oct 2026,Oct-2026,2026Q3,LA,2425,GRU,LIM,GRULIM,17:10:00,22:30:00,19:10:00,22:30:00,22:10:00,03:30:00,PAX,320,OUT,TOUCH,01:00:00,FP,00:00:00,null,SI,NO,03:00:00,2,2,1,null,1,16:10:00,18:10:00,19 oct 2026,19 oct 2026,16:10:00,23:00:00,19 oct 2026,23:00:00,19 oct 2026,23:00:00,19 oct 2026,06:50:00,13:00:00,null,2977,0,0,1,0,4,-46.47,-77.12,Oeste," ",0,0,0,00:00:00,INT,2.333,00:00:00,00:00:00,19 oct 2026,J,REG
145,null,null,LIM,18 oct 2026,12:30:00,19 oct 2026,23:00:00,null,1,19 oct 2026,Oct-2026,2026Q3,LA,2425,GRU,LIM,GRULIM,17:10:00,22:30:00,19:10:00,22:30:00,22:10:00,03:30:00,PAX,320,OUT,TOUCH,01:00:00,FP,00:00:00,null,SI,NO,03:00:00,2,2,1,null,1,16:10:00,18:10:00,19 oct 2026,19 oct 2026,16:10:00,23:00:00,19 oct 2026,23:00:00,19 oct 2026,23:00:00,19 oct 2026,06:50:00,13:00:00,null,2977,1,1,0,0,0,-46.47,-77.12,Oeste," ",0,0,0,00:00:00,INT,2.333,00:00:00,00:00:00,19 oct 2026,J,REG
110,null,null,LIM,9 oct 2026,12:30:00,10 oct 2026,23:00:00,null,1,10 oct 2026,Oct-2026,2026Q3,LA,2425,GRU,LIM,GRULIM,17:10:00,22:30:00,19:10:00,22:30:00,22:10:00,03:30:00,PAX,320,OUT,TOUCH,01:00:00,FP,00:00:00,null,SI,NO,03:00:00,2,2,1,null,1,16:10:00,18:10:00,10 oct 2026,10 oct 2026,16:10:00,23:00:00,10 oct 2026,23:00:00,10 oct 2026,23:00:00,10 oct 2026,06:50:00,13:00:00,null,2977,0,0,1,0,4,-46.47,-77.12,Oeste," ",0,0,0,00:00:00,INT,2.333,00:00:00,00:00:00,10 oct 2026,J,REG
251,null,null,LIM,23 oct 2026,11:00:00,25 oct 2026,08:40:00,null,1,24 oct 2026,Oct-2026,2026Q3,LA,2477,LAX,LIM,LAXLIM,23:30:00,08:10:00,21:30:00,08:10:00,04:30:00,13:10:00,NO,763,OUT,TOUCH,01:00:00,FP,08:40:00,null,SI,NO,02:55:00,2,2,1,null,1,22:30:00,20:30:00,24 oct 2026,24 oct 2026,22:30:00,08:40:00,25 oct 2026,08:40:00,25 oct 2026,08:40:00,25 oct 2026,10:10:00,13:00:00,null,2974,0,0,1,0,6,-118.4,-77.12,Este," ",0,0,0,08:40:00,INT,5.888,00:00:00,00:00:00,25 oct 2026,J,INT
4,null,LA2476290926,LIM,29 sept 2026,11:00:00,1 oct 2026,08:40:00,null,1,30 sept 2026,Sep-2026,2026Q3,LA,2477,LAX,LIM,LAXLIM,23:30:00,08:10:00,21:30:00,08:10:00,04:30:00,13:10:00,NO,763,OUT,TOUCH,01:00:00,FP,08:40:00,null,SI,NO,02:55:00,2,2,1,null,1,22:30:00,20:30:00,30 sept 2026,30 sept 2026,22:30:00,08:40:00,1 oct 2026,08:40:00,1 oct 2026,08:40:00,1 oct 2026,10:10:00,13:00:00,null,2974,2,1,0,0,0,-118.4,-77.12,Este,B,0,0,0,08:40:00,INT,5.888,00:00:00,00:00:00,1 oct 2026,J,INT
6,null,LA2476290926,LIM,29 sept 2026,11:00:00,1 oct 2026,08:40:00,null,1,30 sept 2026,Sep-2026,2026Q3,LA,2477,LAX,LIM,LAXLIM,23:30:00,08:10:00,21:30:00,08:10:00,04:30:00,13:10:00,NO,763,OUT,TOUCH,01:00:00,FP,08:40:00,null,SI,NO,02:55:00,2,2,1,null,1,22:30:00,20:30:00,30 sept 2026,30 sept 2026,22:30:00,08:40:00,1 oct 2026,08:40:00,1 oct 2026,08:40:00,1 oct 2026,10:10:00,13:00:00,null,2974,0,0,1,0,6,-118.4,-77.12,Este," ",0,0,0,08:40:00,INT,5.888,00:00:00,00:00:00,1 oct 2026,J,INT
178,null,null,LIM,23 oct 2026,11:00:00,25 oct 2026,08:40:00,null,1,24 oct 2026,Oct-2026,2026Q3,LA,2477,LAX,LIM,LAXLIM,23:30:00,08:10:00,21:30:00,08:10:00,04:30:00,13:10:00,NO,763,OUT,TOUCH,01:00:00,FP,08:40:00,null,SI,NO,02:55:00,2,2,1,null,1,22:30:00,20:30:00,24 oct 2026,24 oct 2026,22:30:00,08:40:00,25 oct 2026,08:40:00,25 oct 2026,08:40:00,25 oct 2026,10:10:00,13:00:00,null,2974,2,1,0,0,0,-118.4,-77.12,Este,B,0,0,0,08:40:00,INT,5.888,00:00:00,00:00:00,25 oct 2026,J,INT
150,null,null,LIM,19 oct 2026,11:00:00,21 oct 2026,08:40:00,null,1,20 oct 2026,Oct-2026,2026Q3,LA,2477,LAX,LIM,LAXLIM,23:30:00,08:10:00,21:30:00,08:10:00,04:30:00,13:10:00,NO,763,OUT,TOUCH,01:00:00,FP,08:40:00,null,SI,NO,02:55:00,2,2,1,null,1,22:30:00,20:30:00,20 oct 2026,20 oct 2026,22:30:00,08:40:00,21 oct 2026,08:40:00,21 oct 2026,08:40:00,21 oct 2026,10:10:00,13:00:00,null,2974,2,1,0,0,0,-118.4,-77.12,Este,B,0,0,0,08:40:00,INT,5.888,00:00:00,00:00:00,21 oct 2026,J,INT
211,null,null,LIM,19 oct 2026,11:00:00,21 oct 2026,08:40:00,null,1,20 oct 2026,Oct-2026,2026Q3,LA,2477,LAX,LIM,LAXLIM,23:30:00,08:10:00,21:30:00,08:10:00,04:30:00,13:10:00,NO,763,OUT,TOUCH,01:00:00,FP,08:40:00,null,SI,NO,02:55:00,2,2,1,null,1,22:30:00,20:30:00,20 oct 2026,20 oct 2026,22:30:00,08:40:00,21 oct 2026,08:40:00,21 oct 2026,08:40:00,21 oct 2026,10:10:00,13:00:00,null,2974,0,0,1,0,6,-118.4,-77.12,Este," ",0,0,0,08:40:00,INT,5.888,00:00:00,00:00:00,21 oct 2026,J,INT
158,null,null,LIM,20 oct 2026,11:00:00,22 oct 2026,08:40:00,null,1,21 oct 2026,Oct-2026,2026Q3,LA,2477,LAX,LIM,LAXLIM,23:30:00,08:10:00,21:30:00,08:10:00,04:30:00,13:10:00,NO,763,OUT,TOUCH,01:00:00,FP,08:40:00,null,SI,NO,02:55:00,2,2,1,null,1,22:30:00,20:30:00,21 oct 2026,21 oct 2026,22:30:00,08:40:00,22 oct 2026,08:40:00,22 oct 2026,08:40:00,22 oct 2026,10:10:00,13:00:00,null,2974,2,1,0,0,0,-118.4,-77.12,Este,B,0,0,0,08:40:00,INT,5.888,00:00:00,00:00:00,22 oct 2026,J,INT
222,null,null,LIM,20 oct 2026,11:00:00,22 oct 2026,08:40:00,null,1,21 oct 2026,Oct-2026,2026Q3,LA,2477,LAX,LIM,LAXLIM,23:30:00,08:10:00,21:30:00,08:10:00,04:30:00,13:10:00,NO,763,OUT,TOUCH,01:00:00,FP,08:40:00,null,SI,NO,02:55:00,2,2,1,null,1,22:30:00,20:30:00,21 oct 2026,21 oct 2026,22:30:00,08:40:00,22 oct 2026,08:40:00,22 oct 2026,08:40:00,22 oct 2026,10:10:00,13:00:00,null,2974,0,0,1,0,6,-118.4,-77.12,Este," ",0,0,0,08:40:00,INT,5.888,00:00:00,00:00:00,22 oct 2026,J,INT
242,null,null,LIM,31 oct 2026,12:30:00,2 nov 2026,05:30:00,null,1,1 nov 2026,Nov-2026,2026Q3,LA,2699,MIA,LIM,MIALIM,23:10:00,05:00:00,23:10:00,05:00:00,04:10:00,10:00:00,NO,763,OUT,TOUCH,01:00:00,FP,05:50:00,null,SI,NO,02:55:00,2,2,1,null,1,22:10:00,22:10:00,1 nov 2026,1 nov 2026,22:10:00,05:30:00,2 nov 2026,05:30:00,2 nov 2026,05:30:00,2 nov 2026,07:20:00,13:00:00,null,2973,1,1,0,0,0,-80.28,-77.12,Este,A,0,0,0,05:50:00,INT,3.916,00:00:00,00:00:00,2 nov 2026,J,INT
234,null,null,LIM,30 oct 2026,12:30:00,1 nov 2026,05:30:00,null,1,1 nov 2026,Oct-2026,2026Q3,LA,2989,MIA,LIM,MIALIM,23:10:00,05:00:00,00:10:00,05:00:00,04:10:00,10:00:00,NO,763,OUT,TOUCH,01:00:00,FP,05:50:00,null,SI,NO,02:55:00,2,2,1,null,1,22:10:00,23:10:00,31 oct 2026,31 oct 2026,22:10:00,05:30:00,1 nov 2026,05:30:00,1 nov 2026,05:30:00,1 nov 2026,07:20:00,13:00:00,null,2973,1,1,0,0,0,-80.28,-77.12,Este,A,0,0,0,05:50:00,INT,3.916,00:00:00,00:00:00,1 nov 2026,J,INT
339,null,null,LIM,31 oct 2026,12:30:00,2 nov 2026,05:30:00,null,1,1 nov 2026,Nov-2026,2026Q3,LA,2699,MIA,LIM,MIALIM,23:10:00,05:00:00,23:10:00,05:00:00,04:10:00,10:00:00,NO,763,OUT,TOUCH,01:00:00,FP,05:50:00,null,SI,NO,02:55:00,2,2,1,null,1,22:10:00,22:10:00,1 nov 2026,1 nov 2026,22:10:00,05:30:00,2 nov 2026,05:30:00,2 nov 2026,05:30:00,2 nov 2026,07:20:00,13:00:00,null,2973,0,0,1,0,4,-80.28,-77.12,Este," ",0,0,0,05:50:00,INT,3.916,00:00:00,00:00:00,2 nov 2026,J,INT
266,null,null,LIM,24 oct 2026,12:30:00,26 oct 2026,05:30:00,null,1,26 oct 2026,Oct-2026,2026Q3,LA,2989,MIA,LIM,MIALIM,23:10:00,05:00:00,00:10:00,05:00:00,04:10:00,10:00:00,NO,763,OUT,TOUCH,01:00:00,FP,05:50:00,null,SI,NO,02:55:00,2,2,1,null,1,22:10:00,23:10:00,25 oct 2026,25 oct 2026,22:10:00,05:30:00,26 oct 2026,05:30:00,26 oct 2026,05:30:00,26 oct 2026,07:20:00,13:00:00,null,2973,0,0,1,0,4,-80.28,-77.12,Este," ",0,0,0,05:50:00,INT,3.916,00:00:00,00:00:00,26 oct 2026,J,INT
190,null,null,LIM,24 oct 2026,12:30:00,26 oct 2026,05:30:00,null,1,26 oct 2026,Oct-2026,2026Q3,LA,2989,MIA,LIM,MIALIM,23:10:00,05:00:00,00:10:00,05:00:00,04:10:00,10:00:00,NO,763,OUT,TOUCH,01:00:00,FP,05:50:00,null,SI,NO,02:55:00,2,2,1,null,1,22:10:00,23:10:00,25 oct 2026,25 oct 2026,22:10:00,05:30:00,26 oct 2026,05:30:00,26 oct 2026,05:30:00,26 oct 2026,07:20:00,13:00:00,null,2973,1,1,0,0,0,-80.28,-77.12,Este,A,0,0,0,05:50:00,INT,3.916,00:00:00,00:00:00,26 oct 2026,J,INT
328,null,null,LIM,30 oct 2026,12:30:00,1 nov 2026,05:30:00,null,1,1 nov 2026,Oct-2026,2026Q3,LA,2989,MIA,LIM,MIALIM,23:10:00,05:00:00,00:10:00,05:00:00,04:10:00,10:00:00,NO,763,OUT,TOUCH,01:00:00,FP,05:50:00,null,SI,NO,02:55:00,2,2,1,null,1,22:10:00,23:10:00,31 oct 2026,31 oct 2026,22:10:00,05:30:00,1 nov 2026,05:30:00,1 nov 2026,05:30:00,1 nov 2026,07:20:00,13:00:00,null,2973,0,0,1,0,4,-80.28,-77.12,Este," ",0,0,0,05:50:00,INT,3.916,00:00:00,00:00:00,1 nov 2026,J,INT
287,3,null,LIM,26 oct 2026,11:10:00,28 oct 2026,05:30:00,1,null,26 oct 2026,Oct-2026,2026Q3,LA,2482,LIM,ATL,LIMATL,12:10:00,19:35:00,12:10:00,20:35:00,17:10:00,00:35:00,NO,763,BASE,NO,01:00:00,FP,07:25:00,null,SI,NO,03:00:00,1,1,1,null,1,11:10:00,11:10:00,26 oct 2026,26 oct 2026,11:10:00,21:05:00,26 oct 2026,20:05:00,26 oct 2026,20:05:00,26 oct 2026,08:55:00,13:00:00,25:10:00,2954,0,0,1,0,4,-77.12,-84.43,Oeste," ",0,0,0,07:25:00,INT,4.722,00:00:00,00:00:00,26 oct 2026,J,INT
297,3,null,LIM,27 oct 2026,11:10:00,29 oct 2026,05:30:00,1,null,27 oct 2026,Oct-2026,2026Q3,LA,2482,LIM,ATL,LIMATL,12:10:00,19:35:00,12:10:00,20:35:00,17:10:00,00:35:00,NO,763,BASE,NO,01:00:00,FP,07:25:00,null,SI,NO,03:00:00,1,1,1,null,1,11:10:00,11:10:00,27 oct 2026,27 oct 2026,11:10:00,21:05:00,27 oct 2026,20:05:00,27 oct 2026,20:05:00,27 oct 2026,08:55:00,13:00:00,25:10:00,2954,0,0,1,0,4,-77.12,-84.43,Oeste," ",0,0,0,07:25:00,INT,4.722,00:00:00,00:00:00,27 oct 2026,J,INT
318,3,null,LIM,29 oct 2026,11:10:00,31 oct 2026,05:30:00,1,null,29 oct 2026,Oct-2026,2026Q3,LA,2482,LIM,ATL,LIMATL,12:10:00,19:35:00,12:10:00,20:35:00,17:10:00,00:35:00,NO,763,BASE,NO,01:00:00,FP,07:25:00,null,SI,NO,03:00:00,1,1,1,null,1,11:10:00,11:10:00,29 oct 2026,29 oct 2026,11:10:00,21:05:00,29 oct 2026,20:05:00,29 oct 2026,20:05:00,29 oct 2026,08:55:00,13:00:00,25:10:00,2954,0,0,1,0,4,-77.12,-84.43,Oeste," ",0,0,0,07:25:00,INT,4.722,00:00:00,00:00:00,29 oct 2026,J,INT
275,3,null,LIM,25 oct 2026,11:10:00,27 oct 2026,05:30:00,1,null,25 oct 2026,Oct-2026,2026Q3,LA,2482,LIM,ATL,LIMATL,12:10:00,19:35:00,12:10:00,20:35:00,17:10:00,00:35:00,NO,763,BASE,NO,01:00:00,FP,07:25:00,null,SI,NO,03:00:00,1,1,1,null,1,11:10:00,11:10:00,25 oct 2026,25 oct 2026,11:10:00,21:05:00,25 oct 2026,20:05:00,25 oct 2026,20:05:00,25 oct 2026,08:55:00,13:00:00,25:10:00,2954,0,0,1,0,4,-77.12,-84.43,Oeste," ",0,0,0,07:25:00,INT,4.722,00:00:00,00:00:00,25 oct 2026,J,INT
212,3,null,LIM,27 oct 2026,11:10:00,29 oct 2026,05:30:00,1,null,27 oct 2026,Oct-2026,2026Q3,LA,2482,LIM,ATL,LIMATL,12:10:00,19:35:00,12:10:00,20:35:00,17:10:00,00:35:00,NO,763,BASE,NO,01:00:00,FP,07:25:00,null,SI,NO,03:00:00,1,1,1,null,1,11:10:00,11:10:00,27 oct 2026,27 oct 2026,11:10:00,21:05:00,27 oct 2026,20:05:00,27 oct 2026,20:05:00,27 oct 2026,08:55:00,13:00:00,25:10:00,2954,1,1,0,0,0,-77.12,-84.43,Oeste,A,0,0,0,07:25:00,INT,4.722,00:00:00,00:00:00,27 oct 2026,J,INT
307,3,null,LIM,28 oct 2026,11:10:00,30 oct 2026,05:30:00,1,null,28 oct 2026,Oct-2026,2026Q3,LA,2482,LIM,ATL,LIMATL,12:10:00,19:35:00,12:10:00,20:35:00,17:10:00,00:35:00,NO,763,BASE,NO,01:00:00,FP,07:25:00,null,SI,NO,03:00:00,1,1,1,null,1,11:10:00,11:10:00,28 oct 2026,28 oct 2026,11:10:00,21:05:00,28 oct 2026,20:05:00,28 oct 2026,20:05:00,28 oct 2026,08:55:00,13:00:00,25:10:00,2954,0,0,1,0,4,-77.12,-84.43,Oeste," ",0,0,0,07:25:00,INT,4.722,00:00:00,00:00:00,28 oct 2026,J,INT
233,3,null,LIM,30 oct 2026,11:10:00,1 nov 2026,05:30:00,1,null,30 oct 2026,Oct-2026,2026Q3,LA,2482,LIM,ATL,LIMATL,12:10:00,19:35:00,12:10:00,20:35:00,17:10:00,00:35:00,NO,763,BASE,NO,01:00:00,FP,07:25:00,null,SI,NO,03:00:00,1,1,1,null,1,11:10:00,11:10:00,30 oct 2026,30 oct 2026,11:10:00,21:05:00,30 oct 2026,20:05:00,30 oct 2026,20:05:00,30 oct 2026,08:55:00,13:00:00,25:10:00,2954,1,1,0,0,0,-77.12,-84.43,Oeste,A,0,0,0,07:25:00,INT,4.722,00:00:00,00:00:00,30 oct 2026,J,INT
219,3,null,LIM,28 oct 2026,11:10:00,30 oct 2026,05:30:00,1,null,28 oct 2026,Oct-2026,2026Q3,LA,2482,LIM,ATL,LIMATL,12:10:00,19:35:00,12:10:00,20:35:00,17:10:00,00:35:00,NO,763,BASE,NO,01:00:00,FP,07:25:00,null,SI,NO,03:00:00,1,1,1,null,1,11:10:00,11:10:00,28 oct 2026,28 oct 2026,11:10:00,21:05:00,28 oct 2026,20:05:00,28 oct 2026,20:05:00,28 oct 2026,08:55:00,13:00:00,25:10:00,2954,1,1,0,0,0,-77.12,-84.43,Oeste,A,0,0,0,07:25:00,INT,4.722,00:00:00,00:00:00,28 oct 2026,J,INT
338,3,null,LIM,31 oct 2026,11:10:00,2 nov 2026,05:30:00,1,null,31 oct 2026,Oct-2026,2026Q3,LA,2482,LIM,ATL,LIMATL,12:10:00,19:35:00,12:10:00,20:35:00,17:10:00,00:35:00,NO,763,BASE,NO,01:00:00,FP,07:25:00,null,SI,NO,03:00:00,1,1,1,null,1,11:10:00,11:10:00,31 oct 2026,31 oct 2026,11:10:00,21:05:00,31 oct 2026,20:05:00,31 oct 2026,20:05:00,31 oct 2026,08:55:00,13:00:00,25:10:00,2954,0,0,1,0,4,-77.12,-84.43,Oeste," ",0,0,0,07:25:00,INT,4.722,00:00:00,00:00:00,31 oct 2026,J,INT
196,3,null,LIM,25 oct 2026,11:10:00,27 oct 2026,05:30:00,1,null,25 oct 2026,Oct-2026,2026Q3,LA,2482,LIM,ATL,LIMATL,12:10:00,19:35:00,12:10:00,20:35:00,17:10:00,00:35:00,NO,763,BASE,NO,01:00:00,FP,07:25:00,null,SI,NO,03:00:00,1,1,1,null,1,11:10:00,11:10:00,25 oct 2026,25 oct 2026,11:10:00,21:05:00,25 oct 2026,20:05:00,25 oct 2026,20:05:00,25 oct 2026,08:55:00,13:00:00,25:10:00,2954,1,1,0,0,0,-77.12,-84.43,Oeste,A,0,0,0,07:25:00,INT,4.722,00:00:00,00:00:00,25 oct 2026,J,INT
227,3,null,LIM,29 oct 2026,11:10:00,31 oct 2026,05:30:00,1,null,29 oct 2026,Oct-2026,2026Q3,LA,2482,LIM,ATL,LIMATL,12:10:00,19:35:00,12:10:00,20:35:00,17:10:00,00:35:00,NO,763,BASE,NO,01:00:00,FP,07:25:00,null,SI,NO,03:00:00,1,1,1,null,1,11:10:00,11:10:00,29 oct 2026,29 oct 2026,11:10:00,21:05:00,29 oct 2026,20:05:00,29 oct 2026,20:05:00,29 oct 2026,08:55:00,13:00:00,25:10:00,2954,1,1,0,0,0,-77.12,-84.43,Oeste,A,0,0,0,07:25:00,INT,4.722,00:00:00,00:00:00,29 oct 2026,J,INT
241,3,null,LIM,31 oct 2026,11:10:00,2 nov 2026,05:30:00,1,null,31 oct 2026,Oct-2026,2026Q3,LA,2482,LIM,ATL,LIMATL,12:10:00,19:35:00,12:10:00,20:35:00,17:10:00,00:35:00,NO,763,BASE,NO,01:00:00,FP,07:25:00,null,SI,NO,03:00:00,1,1,1,null,1,11:10:00,11:10:00,31 oct 2026,31 oct 2026,11:10:00,21:05:00,31 oct 2026,20:05:00,31 oct 2026,20:05:00,31 oct 2026,08:55:00,13:00:00,25:10:00,2954,1,1,0,0,0,-77.12,-84.43,Oeste,A,0,0,0,07:25:00,INT,4.722,00:00:00,00:00:00,31 oct 2026,J,INT
205,3,null,LIM,26 oct 2026,11:10:00,28 oct 2026,05:30:00,1,null,26 oct 2026,Oct-2026,2026Q3,LA,2482,LIM,ATL,LIMATL,12:10:00,19:35:00,12:10:00,20:35:00,17:10:00,00:35:00,NO,763,BASE,NO,01:00:00,FP,07:25:00,null,SI,NO,03:00:00,1,1,1,null,1,11:10:00,11:10:00,26 oct 2026,26 oct 2026,11:10:00,21:05:00,26 oct 2026,20:05:00,26 oct 2026,20:05:00,26 oct 2026,08:55:00,13:00:00,25:10:00,2954,1,1,0,0,0,-77.12,-84.43,Oeste,A,0,0,0,07:25:00,INT,4.722,00:00:00,00:00:00,26 oct 2026,J,INT
327,3,null,LIM,30 oct 2026,11:10:00,1 nov 2026,05:30:00,1,null,30 oct 2026,Oct-2026,2026Q3,LA,2482,LIM,ATL,LIMATL,12:10:00,19:35:00,12:10:00,20:35:00,17:10:00,00:35:00,NO,763,BASE,NO,01:00:00,FP,07:25:00,null,SI,NO,03:00:00,1,1,1,null,1,11:10:00,11:10:00,30 oct 2026,30 oct 2026,11:10:00,21:05:00,30 oct 2026,20:05:00,30 oct 2026,20:05:00,30 oct 2026,08:55:00,13:00:00,25:10:00,2954,0,0,1,0,4,-77.12,-84.43,Oeste," ",0,0,0,07:25:00,INT,4.722,00:00:00,00:00:00,30 oct 2026,J,INT
43,null,null,LIM,4 oct 2026,12:30:00,5 oct 2026,23:00:00,null,1,5 oct 2026,Oct-2026,2026Q3,LA,2425,GRU,LIM,GRULIM,17:10:00,22:30:00,19:10:00,22:30:00,22:10:00,03:30:00,NO,763,OUT,TOUCH,01:00:00,FP,05:20:00,null,SI,NO,03:00:00,2,2,1,null,1,16:10:00,18:10:00,5 oct 2026,5 oct 2026,16:10:00,23:00:00,5 oct 2026,23:00:00,5 oct 2026,23:00:00,5 oct 2026,06:50:00,13:00:00,null,2952,1,1,0,0,0,-46.47,-77.12,Oeste,A,0,0,0,05:20:00,INT,5,00:00:00,00:00:00,5 oct 2026,J,REG
115,null,null,LIM,14 oct 2026,12:30:00,15 oct 2026,23:00:00,null,1,15 oct 2026,Oct-2026,2026Q3,LA,2425,GRU,LIM,GRULIM,17:10:00,22:30:00,19:10:00,22:30:00,22:10:00,03:30:00,NO,763,OUT,TOUCH,01:00:00,FP,05:20:00,null,SI,NO,03:00:00,2,2,1,null,1,16:10:00,18:10:00,15 oct 2026,15 oct 2026,16:10:00,23:00:00,15 oct 2026,23:00:00,15 oct 2026,23:00:00,15 oct 2026,06:50:00,13:00:00,null,2952,1,1,0,0,0,-46.47,-77.12,Oeste,A,0,0,0,05:20:00,INT,5,00:00:00,00:00:00,15 oct 2026,J,REG
161,null,null,LIM,14 oct 2026,12:30:00,15 oct 2026,23:00:00,null,1,15 oct 2026,Oct-2026,2026Q3,LA,2425,GRU,LIM,GRULIM,17:10:00,22:30:00,19:10:00,22:30:00,22:10:00,03:30:00,NO,763,OUT,TOUCH,01:00:00,FP,05:20:00,null,SI,NO,03:00:00,2,2,1,null,1,16:10:00,18:10:00,15 oct 2026,15 oct 2026,16:10:00,23:00:00,15 oct 2026,23:00:00,15 oct 2026,23:00:00,15 oct 2026,06:50:00,13:00:00,null,2952,0,0,1,0,4,-46.47,-77.12,Oeste," ",0,0,0,05:20:00,INT,5,00:00:00,00:00:00,15 oct 2026,J,REG
59,null,null,LIM,4 oct 2026,12:30:00,5 oct 2026,23:00:00,null,1,5 oct 2026,Oct-2026,2026Q3,LA,2425,GRU,LIM,GRULIM,17:10:00,22:30:00,19:10:00,22:30:00,22:10:00,03:30:00,NO,763,OUT,TOUCH,01:00:00,FP,05:20:00,null,SI,NO,03:00:00,2,2,1,null,1,16:10:00,18:10:00,5 oct 2026,5 oct 2026,16:10:00,23:00:00,5 oct 2026,23:00:00,5 oct 2026,23:00:00,5 oct 2026,06:50:00,13:00:00,null,2952,0,0,1,0,4,-46.47,-77.12,Oeste," ",0,0,0,05:20:00,INT,5,00:00:00,00:00:00,5 oct 2026,J,REG
16,3,LA2482300926,LIM,30 sept 2026,11:05:00,2 oct 2026,05:30:00,1,null,30 sept 2026,Sep-2026,2026Q3,LA,2482,LIM,ATL,LIMATL,12:05:00,19:35:00,12:05:00,20:35:00,17:05:00,00:35:00,NO,763,BASE,NO,01:00:00,FP,07:30:00,null,SI,NO,03:00:00,1,1,1,null,1,11:05:00,11:05:00,30 sept 2026,30 sept 2026,11:05:00,21:05:00,30 sept 2026,20:05:00,30 sept 2026,20:05:00,30 sept 2026,09:00:00,13:00:00,25:10:00,2946,0,0,1,0,4,-77.12,-84.43,Oeste," ",0,0,0,07:30:00,INT,4.75,00:00:00,00:00:00,30 sept 2026,J,INT
265,3,null,LIM,24 oct 2026,11:05:00,26 oct 2026,05:30:00,1,null,24 oct 2026,Oct-2026,2026Q3,LA,2482,LIM,ATL,LIMATL,12:05:00,19:35:00,12:05:00,20:35:00,17:05:00,00:35:00,NO,763,BASE,NO,01:00:00,FP,07:30:00,null,SI,NO,03:00:00,1,1,1,null,1,11:05:00,11:05:00,24 oct 2026,24 oct 2026,11:05:00,21:05:00,24 oct 2026,20:05:00,24 oct 2026,20:05:00,24 oct 2026,09:00:00,13:00:00,25:10:00,2946,0,0,1,0,4,-77.12,-84.43,Oeste," ",0,0,0,07:30:00,INT,4.75,00:00:00,00:00:00,24 oct 2026,J,INT
140,3,null,LIM,12 oct 2026,11:05:00,14 oct 2026,05:30:00,1,null,12 oct 2026,Oct-2026,2026Q3,LA,2482,LIM,ATL,LIMATL,12:05:00,19:35:00,12:05:00,20:35:00,17:05:00,00:35:00,NO,763,BASE,NO,01:00:00,FP,07:30:00,null,SI,NO,03:00:00,1,1,1,null,1,11:05:00,11:05:00,12 oct 2026,12 oct 2026,11:05:00,21:05:00,12 oct 2026,20:05:00,12 oct 2026,20:05:00,12 oct 2026,09:00:00,13:00:00,25:10:00,2946,0,0,1,0,4,-77.12,-84.43,Oeste," ",0,0,0,07:30:00,INT,4.75,00:00:00,00:00:00,12 oct 2026,J,INT
63,3,null,LIM,7 oct 2026,11:05:00,9 oct 2026,05:30:00,1,null,7 oct 2026,Oct-2026,2026Q3,LA,2482,LIM,ATL,LIMATL,12:05:00,19:35:00,12:05:00,20:35:00,17:05:00,00:35:00,NO,763,BASE,NO,01:00:00,FP,07:30:00,null,SI,NO,03:00:00,1,1,1,null,1,11:05:00,11:05:00,7 oct 2026,7 oct 2026,11:05:00,21:05:00,7 oct 2026,20:05:00,7 oct 2026,20:05:00,7 oct 2026,09:00:00,13:00:00,25:10:00,2946,1,1,0,0,0,-77.12,-84.43,Oeste,A,0,0,0,07:30:00,INT,4.75,00:00:00,00:00:00,7 oct 2026,J,INT
56,3,null,LIM,6 oct 2026,11:05:00,8 oct 2026,05:30:00,1,null,6 oct 2026,Oct-2026,2026Q3,LA,2482,LIM,ATL,LIMATL,12:05:00,19:35:00,12:05:00,20:35:00,17:05:00,00:35:00,NO,763,BASE,NO,01:00:00,FP,07:30:00,null,SI,NO,03:00:00,1,1,1,null,1,11:05:00,11:05:00,6 oct 2026,6 oct 2026,11:05:00,21:05:00,6 oct 2026,20:05:00,6 oct 2026,20:05:00,6 oct 2026,09:00:00,13:00:00,25:10:00,2946,1,1,0,0,0,-77.12,-84.43,Oeste,A,0,0,0,07:30:00,INT,4.75,00:00:00,00:00:00,6 oct 2026,J,INT
42,3,null,LIM,4 oct 2026,11:05:00,6 oct 2026,05:30:00,1,null,4 oct 2026,Oct-2026,2026Q3,LA,2482,LIM,ATL,LIMATL,12:05:00,19:35:00,12:05:00,20:35:00,17:05:00,00:35:00,NO,763,BASE,NO,01:00:00,FP,07:30:00,null,SI,NO,03:00:00,1,1,1,null,1,11:05:00,11:05:00,4 oct 2026,4 oct 2026,11:05:00,21:05:00,4 oct 2026,20:05:00,4 oct 2026,20:05:00,4 oct 2026,09:00:00,13:00:00,25:10:00,2946,1,1,0,0,0,-77.12,-84.43,Oeste,A,0,0,0,07:30:00,INT,4.75,00:00:00,00:00:00,4 oct 2026,J,INT
180,3,null,LIM,23 oct 2026,11:05:00,25 oct 2026,05:30:00,1,null,23 oct 2026,Oct-2026,2026Q3,LA,2482,LIM,ATL,LIMATL,12:05:00,19:35:00,12:05:00,20:35:00,17:05:00,00:35:00,NO,763,BASE,NO,01:00:00,FP,07:30:00,null,SI,NO,03:00:00,1,1,1,null,1,11:05:00,11:05:00,23 oct 2026,23 oct 2026,11:05:00,21:05:00,23 oct 2026,20:05:00,23 oct 2026,20:05:00,23 oct 2026,09:00:00,13:00:00,25:10:00,2946,1,1,0,0,0,-77.12,-84.43,Oeste,A,0,0,0,07:30:00,INT,4.75,00:00:00,00:00:00,23 oct 2026,J,INT
78,3,null,LIM,9 oct 2026,11:05:00,11 oct 2026,05:30:00,1,null,9 oct 2026,Oct-2026,2026Q3,LA,2482,LIM,ATL,LIMATL,12:05:00,19:35:00,12:05:00,20:35:00,17:05:00,00:35:00,NO,763,BASE,NO,01:00:00,FP,07:30:00,null,SI,NO,03:00:00,1,1,1,null,1,11:05:00,11:05:00,9 oct 2026,9 oct 2026,11:05:00,21:05:00,9 oct 2026,20:05:00,9 oct 2026,20:05:00,9 oct 2026,09:00:00,13:00:00,25:10:00,2946,1,1,0,0,0,-77.12,-84.43,Oeste,A,0,0,0,07:30:00,INT,4.75,00:00:00,00:00:00,9 oct 2026,J,INT
171,3,null,LIM,15 oct 2026,11:05:00,17 oct 2026,05:30:00,1,null,15 oct 2026,Oct-2026,2026Q3,LA,2482,LIM,ATL,LIMATL,12:05:00,19:35:00,12:05:00,20:35:00,17:05:00,00:35:00,NO,763,BASE,NO,01:00:00,FP,07:30:00,null,SI,NO,03:00:00,1,1,1,null,1,11:05:00,11:05:00,15 oct 2026,15 oct 2026,11:05:00,21:05:00,15 oct 2026,20:05:00,15 oct 2026,20:05:00,15 oct 2026,09:00:00,13:00:00,25:10:00,2946,0,0,1,0,4,-77.12,-84.43,Oeste," ",0,0,0,07:30:00,INT,4.75,00:00:00,00:00:00,15 oct 2026,J,INT
166,3,null,LIM,21 oct 2026,11:05:00,23 oct 2026,05:30:00,1,null,21 oct 2026,Oct-2026,2026Q3,LA,2482,LIM,ATL,LIMATL,12:05:00,19:35:00,12:05:00,20:35:00,17:05:00,00:35:00,NO,763,BASE,NO,01:00:00,FP,07:30:00,null,SI,NO,03:00:00,1,1,1,null,1,11:05:00,11:05:00,21 oct 2026,21 oct 2026,11:05:00,21:05:00,21 oct 2026,20:05:00,21 oct 2026,20:05:00,21 oct 2026,09:00:00,13:00:00,25:10:00,2946,1,1,0,0,0,-77.12,-84.43,Oeste,A,0,0,0,07:30:00,INT,4.75,00:00:00,00:00:00,21 oct 2026,J,INT
137,3,null,LIM,17 oct 2026,11:05:00,19 oct 2026,05:30:00,1,null,17 oct 2026,Oct-2026,2026Q3,LA,2482,LIM,ATL,LIMATL,12:05:00,19:35:00,12:05:00,20:35:00,17:05:00,00:35:00,NO,763,BASE,NO,01:00:00,FP,07:30:00,null,SI,NO,03:00:00,1,1,1,null,1,11:05:00,11:05:00,17 oct 2026,17 oct 2026,11:05:00,21:05:00,17 oct 2026,20:05:00,17 oct 2026,20:05:00,17 oct 2026,09:00:00,13:00:00,25:10:00,2946,1,1,0,0,0,-77.12,-84.43,Oeste,A,0,0,0,07:30:00,INT,4.75,00:00:00,00:00:00,17 oct 2026,J,INT
223,3,null,LIM,20 oct 2026,11:05:00,22 oct 2026,05:30:00,1,null,20 oct 2026,Oct-2026,2026Q3,LA,2482,LIM,ATL,LIMATL,12:05:00,19:35:00,12:05:00,20:35:00,17:05:00,00:35:00,NO,763,BASE,NO,01:00:00,FP,07:30:00,null,SI,NO,03:00:00,1,1,1,null,1,11:05:00,11:05:00,20 oct 2026,20 oct 2026,11:05:00,21:05:00,20 oct 2026,20:05:00,20 oct 2026,20:05:00,20 oct 2026,09:00:00,13:00:00,25:10:00,2946,0,0,1,0,4,-77.12,-84.43,Oeste," ",0,0,0,07:30:00,INT,4.75,00:00:00,00:00:00,20 oct 2026,J,INT
151,3,null,LIM,19 oct 2026,11:05:00,21 oct 2026,05:30:00,1,null,19 oct 2026,Oct-2026,2026Q3,LA,2482,LIM,ATL,LIMATL,12:05:00,19:35:00,12:05:00,20:35:00,17:05:00,00:35:00,NO,763,BASE,NO,01:00:00,FP,07:30:00,null,SI,NO,03:00:00,1,1,1,null,1,11:05:00,11:05:00,19 oct 2026,19 oct 2026,11:05:00,21:05:00,19 oct 2026,20:05:00,19 oct 2026,20:05:00,19 oct 2026,09:00:00,13:00:00,25:10:00,2946,1,1,0,0,0,-77.12,-84.43,Oeste,A,0,0,0,07:30:00,INT,4.75,00:00:00,00:00:00,19 oct 2026,J,INT
48,3,null,LIM,3 oct 2026,11:05:00,5 oct 2026,05:30:00,1,null,3 oct 2026,Oct-2026,2026Q3,LA,2482,LIM,ATL,LIMATL,12:05:00,19:35:00,12:05:00,20:35:00,17:05:00,00:35:00,NO,763,BASE,NO,01:00:00,FP,07:30:00,null,SI,NO,03:00:00,1,1,1,null,1,11:05:00,11:05:00,3 oct 2026,3 oct 2026,11:05:00,21:05:00,3 oct 2026,20:05:00,3 oct 2026,20:05:00,3 oct 2026,09:00:00,13:00:00,25:10:00,2946,0,0,1,0,4,-77.12,-84.43,Oeste," ",0,0,0,07:30:00,INT,4.75,00:00:00,00:00:00,3 oct 2026,J,INT
68,3,null,LIM,5 oct 2026,11:05:00,7 oct 2026,05:30:00,1,null,5 oct 2026,Oct-2026,2026Q3,LA,2482,LIM,ATL,LIMATL,12:05:00,19:35:00,12:05:00,20:35:00,17:05:00,00:35:00,NO,763,BASE,NO,01:00:00,FP,07:30:00,null,SI,NO,03:00:00,1,1,1,null,1,11:05:00,11:05:00,5 oct 2026,5 oct 2026,11:05:00,21:05:00,5 oct 2026,20:05:00,5 oct 2026,20:05:00,5 oct 2026,09:00:00,13:00:00,25:10:00,2946,0,0,1,0,4,-77.12,-84.43,Oeste," ",0,0,0,07:30:00,INT,4.75,00:00:00,00:00:00,5 oct 2026,J,INT
202,3,null,LIM,18 oct 2026,11:05:00,20 oct 2026,05:30:00,1,null,18 oct 2026,Oct-2026,2026Q3,LA,2482,LIM,ATL,LIMATL,12:05:00,19:35:00,12:05:00,20:35:00,17:05:00,00:35:00,NO,763,BASE,NO,01:00:00,FP,07:30:00,null,SI,NO,03:00:00,1,1,1,null,1,11:05:00,11:05:00,18 oct 2026,18 oct 2026,11:05:00,21:05:00,18 oct 2026,20:05:00,18 oct 2026,20:05:00,18 oct 2026,09:00:00,13:00:00,25:10:00,2946,0,0,1,0,4,-77.12,-84.43,Oeste," ",0,0,0,07:30:00,INT,4.75,00:00:00,00:00:00,18 oct 2026,J,INT
100,3,null,LIM,12 oct 2026,11:05:00,14 oct 2026,05:30:00,1,null,12 oct 2026,Oct-2026,2026Q3,LA,2482,LIM,ATL,LIMATL,12:05:00,19:35:00,12:05:00,20:35:00,17:05:00,00:35:00,NO,763,BASE,NO,01:00:00,FP,07:30:00,null,SI,NO,03:00:00,1,1,1,null,1,11:05:00,11:05:00,12 oct 2026,12 oct 2026,11:05:00,21:05:00,12 oct 2026,20:05:00,12 oct 2026,20:05:00,12 oct 2026,09:00:00,13:00:00,25:10:00,2946,1,1,0,0,0,-77.12,-84.43,Oeste,A,0,0,0,07:30:00,INT,4.75,00:00:00,00:00:00,12 oct 2026,J,INT
160,3,null,LIM,14 oct 2026,11:05:00,16 oct 2026,05:30:00,1,null,14 oct 2026,Oct-2026,2026Q3,LA,2482,LIM,ATL,LIMATL,12:05:00,19:35:00,12:05:00,20:35:00,17:05:00,00:35:00,NO,763,BASE,NO,01:00:00,FP,07:30:00,null,SI,NO,03:00:00,1,1,1,null,1,11:05:00,11:05:00,14 oct 2026,14 oct 2026,11:05:00,21:05:00,14 oct 2026,20:05:00,14 oct 2026,20:05:00,14 oct 2026,09:00:00,13:00:00,25:10:00,2946,0,0,1,0,4,-77.12,-84.43,Oeste," ",0,0,0,07:30:00,INT,4.75,00:00:00,00:00:00,14 oct 2026,J,INT
192,3,null,LIM,17 oct 2026,11:05:00,19 oct 2026,05:30:00,1,null,17 oct 2026,Oct-2026,2026Q3,LA,2482,LIM,ATL,LIMATL,12:05:00,19:35:00,12:05:00,20:35:00,17:05:00,00:35:00,NO,763,BASE,NO,01:00:00,FP,07:30:00,null,SI,NO,03:00:00,1,1,1,null,1,11:05:00,11:05:00,17 oct 2026,17 oct 2026,11:05:00,21:05:00,17 oct 2026,20:05:00,17 oct 2026,20:05:00,17 oct 2026,09:00:00,13:00:00,25:10:00,2946,0,0,1,0,4,-77.12,-84.43,Oeste," ",0,0,0,07:30:00,INT,4.75,00:00:00,00:00:00,17 oct 2026,J,INT
71,3,null,LIM,8 oct 2026,11:05:00,10 oct 2026,05:30:00,1,null,8 oct 2026,Oct-2026,2026Q3,LA,2482,LIM,ATL,LIMATL,12:05:00,19:35:00,12:05:00,20:35:00,17:05:00,00:35:00,NO,763,BASE,NO,01:00:00,FP,07:30:00,null,SI,NO,03:00:00,1,1,1,null,1,11:05:00,11:05:00,8 oct 2026,8 oct 2026,11:05:00,21:05:00,8 oct 2026,20:05:00,8 oct 2026,20:05:00,8 oct 2026,09:00:00,13:00:00,25:10:00,2946,1,1,0,0,0,-77.12,-84.43,Oeste,A,0,0,0,07:30:00,INT,4.75,00:00:00,00:00:00,8 oct 2026,J,INT
159,3,null,LIM,20 oct 2026,11:05:00,22 oct 2026,05:30:00,1,null,20 oct 2026,Oct-2026,2026Q3,LA,2482,LIM,ATL,LIMATL,12:05:00,19:35:00,12:05:00,20:35:00,17:05:00,00:35:00,NO,763,BASE,NO,01:00:00,FP,07:30:00,null,SI,NO,03:00:00,1,1,1,null,1,11:05:00,11:05:00,20 oct 2026,20 oct 2026,11:05:00,21:05:00,20 oct 2026,20:05:00,20 oct 2026,20:05:00,20 oct 2026,09:00:00,13:00:00,25:10:00,2946,1,1,0,0,0,-77.12,-84.43,Oeste,A,0,0,0,07:30:00,INT,4.75,00:00:00,00:00:00,20 oct 2026,J,INT
233,3,null,LIM,21 oct 2026,11:05:00,23 oct 2026,05:30:00,1,null,21 oct 2026,Oct-2026,2026Q3,LA,2482,LIM,ATL,LIMATL,12:05:00,19:35:00,12:05:00,20:35:00,17:05:00,00:35:00,NO,763,BASE,NO,01:00:00,FP,07:30:00,null,SI,NO,03:00:00,1,1,1,null,1,11:05:00,11:05:00,21 oct 2026,21 oct 2026,11:05:00,21:05:00,21 oct 2026,20:05:00,21 oct 2026,20:05:00,21 oct 2026,09:00:00,13:00:00,25:10:00,2946,0,0,1,0,4,-77.12,-84.43,Oeste," ",0,0,0,07:30:00,INT,4.75,00:00:00,00:00:00,21 oct 2026,J,INT
122,3,null,LIM,15 oct 2026,11:05:00,17 oct 2026,05:30:00,1,null,15 oct 2026,Oct-2026,2026Q3,LA,2482,LIM,ATL,LIMATL,12:05:00,19:35:00,12:05:00,20:35:00,17:05:00,00:35:00,NO,763,BASE,NO,01:00:00,FP,07:30:00,null,SI,NO,03:00:00,1,1,1,null,1,11:05:00,11:05:00,15 oct 2026,15 oct 2026,11:05:00,21:05:00,15 oct 2026,20:05:00,15 oct 2026,20:05:00,15 oct 2026,09:00:00,13:00:00,25:10:00,2946,1,1,0,0,0,-77.12,-84.43,Oeste,A,0,0,0,07:30:00,INT,4.75,00:00:00,00:00:00,15 oct 2026,J,INT
86,3,null,LIM,10 oct 2026,11:05:00,12 oct 2026,05:30:00,1,null,10 oct 2026,Oct-2026,2026Q3,LA,2482,LIM,ATL,LIMATL,12:05:00,19:35:00,12:05:00,20:35:00,17:05:00,00:35:00,NO,763,BASE,NO,01:00:00,FP,07:30:00,null,SI,NO,03:00:00,1,1,1,null,1,11:05:00,11:05:00,10 oct 2026,10 oct 2026,11:05:00,21:05:00,10 oct 2026,20:05:00,10 oct 2026,20:05:00,10 oct 2026,09:00:00,13:00:00,25:10:00,2946,1,1,0,0,0,-77.12,-84.43,Oeste,A,0,0,0,07:30:00,INT,4.75,00:00:00,00:00:00,10 oct 2026,J,INT
5,3,LA2482290926,LIM,29 sept 2026,11:05:00,1 oct 2026,05:30:00,1,null,29 sept 2026,Sep-2026,2026Q3,LA,2482,LIM,ATL,LIMATL,12:05:00,19:35:00,12:05:00,20:35:00,17:05:00,00:35:00,NO,763,BASE,NO,01:00:00,FP,07:30:00,null,SI,NO,03:00:00,1,1,1,null,1,11:05:00,11:05:00,29 sept 2026,29 sept 2026,11:05:00,21:05:00,29 sept 2026,20:05:00,29 sept 2026,20:05:00,29 sept 2026,09:00:00,13:00:00,25:10:00,2946,1,1,0,0,0,-77.12,-84.43,Oeste,A,0,0,0,07:30:00,INT,4.75,00:00:00,00:00:00,29 sept 2026,J,INT
129,3,null,LIM,16 oct 2026,11:05:00,18 oct 2026,05:30:00,1,null,16 oct 2026,Oct-2026,2026Q3,LA,2482,LIM,ATL,LIMATL,12:05:00,19:35:00,12:05:00,20:35:00,17:05:00,00:35:00,NO,763,BASE,NO,01:00:00,FP,07:30:00,null,SI,NO,03:00:00,1,1,1,null,1,11:05:00,11:05:00,16 oct 2026,16 oct 2026,11:05:00,21:05:00,16 oct 2026,20:05:00,16 oct 2026,20:05:00,16 oct 2026,09:00:00,13:00:00,25:10:00,2946,1,1,0,0,0,-77.12,-84.43,Oeste,A,0,0,0,07:30:00,INT,4.75,00:00:00,00:00:00,16 oct 2026,J,INT
58,3,null,LIM,4 oct 2026,11:05:00,6 oct 2026,05:30:00,1,null,4 oct 2026,Oct-2026,2026Q3,LA,2482,LIM,ATL,LIMATL,12:05:00,19:35:00,12:05:00,20:35:00,17:05:00,00:35:00,NO,763,BASE,NO,01:00:00,FP,07:30:00,null,SI,NO,03:00:00,1,1,1,null,1,11:05:00,11:05:00,4 oct 2026,4 oct 2026,11:05:00,21:05:00,4 oct 2026,20:05:00,4 oct 2026,20:05:00,4 oct 2026,09:00:00,13:00:00,25:10:00,2946,0,0,1,0,4,-77.12,-84.43,Oeste," ",0,0,0,07:30:00,INT,4.75,00:00:00,00:00:00,4 oct 2026,J,INT
12,3,LA2482300926,LIM,30 sept 2026,11:05:00,2 oct 2026,05:30:00,1,null,30 sept 2026,Sep-2026,2026Q3,LA,2482,LIM,ATL,LIMATL,12:05:00,19:35:00,12:05:00,20:35:00,17:05:00,00:35:00,NO,763,BASE,NO,01:00:00,FP,07:30:00,null,SI,NO,03:00:00,1,1,1,null,1,11:05:00,11:05:00,30 sept 2026,30 sept 2026,11:05:00,21:05:00,30 sept 2026,20:05:00,30 sept 2026,20:05:00,30 sept 2026,09:00:00,13:00:00,25:10:00,2946,1,1,0,0,0,-77.12,-84.43,Oeste,A,0,0,0,07:30:00,INT,4.75,00:00:00,00:00:00,30 sept 2026,J,INT
212,3,null,LIM,19 oct 2026,11:05:00,21 oct 2026,05:30:00,1,null,19 oct 2026,Oct-2026,2026Q3,LA,2482,LIM,ATL,LIMATL,12:05:00,19:35:00,12:05:00,20:35:00,17:05:00,00:35:00,NO,763,BASE,NO,01:00:00,FP,07:30:00,null,SI,NO,03:00:00,1,1,1,null,1,11:05:00,11:05:00,19 oct 2026,19 oct 2026,11:05:00,21:05:00,19 oct 2026,20:05:00,19 oct 2026,20:05:00,19 oct 2026,09:00:00,13:00:00,25:10:00,2946,0,0,1,0,4,-77.12,-84.43,Oeste," ",0,0,0,07:30:00,INT,4.75,00:00:00,00:00:00,19 oct 2026,J,INT
35,3,null,LIM,3 oct 2026,11:05:00,5 oct 2026,05:30:00,1,null,3 oct 2026,Oct-2026,2026Q3,LA,2482,LIM,ATL,LIMATL,12:05:00,19:35:00,12:05:00,20:35:00,17:05:00,00:35:00,NO,763,BASE,NO,01:00:00,FP,07:30:00,null,SI,NO,03:00:00,1,1,1,null,1,11:05:00,11:05:00,3 oct 2026,3 oct 2026,11:05:00,21:05:00,3 oct 2026,20:05:00,3 oct 2026,20:05:00,3 oct 2026,09:00:00,13:00:00,25:10:00,2946,1,1,0,0,0,-77.12,-84.43,Oeste,A,0,0,0,07:30:00,INT,4.75,00:00:00,00:00:00,3 oct 2026,J,INT
93,3,null,LIM,11 oct 2026,11:05:00,13 oct 2026,05:30:00,1,null,11 oct 2026,Oct-2026,2026Q3,LA,2482,LIM,ATL,LIMATL,12:05:00,19:35:00,12:05:00,20:35:00,17:05:00,00:35:00,NO,763,BASE,NO,01:00:00,FP,07:30:00,null,SI,NO,03:00:00,1,1,1,null,1,11:05:00,11:05:00,11 oct 2026,11 oct 2026,11:05:00,21:05:00,11 oct 2026,20:05:00,11 oct 2026,20:05:00,11 oct 2026,09:00:00,13:00:00,25:10:00,2946,1,1,0,0,0,-77.12,-84.43,Oeste,A,0,0,0,07:30:00,INT,4.75,00:00:00,00:00:00,11 oct 2026,J,INT
243,3,null,LIM,22 oct 2026,11:05:00,24 oct 2026,05:30:00,1,null,22 oct 2026,Oct-2026,2026Q3,LA,2482,LIM,ATL,LIMATL,12:05:00,19:35:00,12:05:00,20:35:00,17:05:00,00:35:00,NO,763,BASE,NO,01:00:00,FP,07:30:00,null,SI,NO,03:00:00,1,1,1,null,1,11:05:00,11:05:00,22 oct 2026,22 oct 2026,11:05:00,21:05:00,22 oct 2026,20:05:00,22 oct 2026,20:05:00,22 oct 2026,09:00:00,13:00:00,25:10:00,2946,0,0,1,0,4,-77.12,-84.43,Oeste," ",0,0,0,07:30:00,INT,4.75,00:00:00,00:00:00,22 oct 2026,J,INT
114,3,null,LIM,14 oct 2026,11:05:00,16 oct 2026,05:30:00,1,null,14 oct 2026,Oct-2026,2026Q3,LA,2482,LIM,ATL,LIMATL,12:05:00,19:35:00,12:05:00,20:35:00,17:05:00,00:35:00,NO,763,BASE,NO,01:00:00,FP,07:30:00,null,SI,NO,03:00:00,1,1,1,null,1,11:05:00,11:05:00,14 oct 2026,14 oct 2026,11:05:00,21:05:00,14 oct 2026,20:05:00,14 oct 2026,20:05:00,14 oct 2026,09:00:00,13:00:00,25:10:00,2946,1,1,0,0,0,-77.12,-84.43,Oeste,A,0,0,0,07:30:00,INT,4.75,00:00:00,00:00:00,14 oct 2026,J,INT
149,3,null,LIM,13 oct 2026,11:05:00,15 oct 2026,05:30:00,1,null,13 oct 2026,Oct-2026,2026Q3,LA,2482,LIM,ATL,LIMATL,12:05:00,19:35:00,12:05:00,20:35:00,17:05:00,00:35:00,NO,763,BASE,NO,01:00:00,FP,07:30:00,null,SI,NO,03:00:00,1,1,1,null,1,11:05:00,11:05:00,13 oct 2026,13 oct 2026,11:05:00,21:05:00,13 oct 2026,20:05:00,13 oct 2026,20:05:00,13 oct 2026,09:00:00,13:00:00,25:10:00,2946,0,0,1,0,4,-77.12,-84.43,Oeste," ",0,0,0,07:30:00,INT,4.75,00:00:00,00:00:00,13 oct 2026,J,INT
181,3,null,LIM,16 oct 2026,11:05:00,18 oct 2026,05:30:00,1,null,16 oct 2026,Oct-2026,2026Q3,LA,2482,LIM,ATL,LIMATL,12:05:00,19:35:00,12:05:00,20:35:00,17:05:00,00:35:00,NO,763,BASE,NO,01:00:00,FP,07:30:00,null,SI,NO,03:00:00,1,1,1,null,1,11:05:00,11:05:00,16 oct 2026,16 oct 2026,11:05:00,21:05:00,16 oct 2026,20:05:00,16 oct 2026,20:05:00,16 oct 2026,09:00:00,13:00:00,25:10:00,2946,0,0,1,0,4,-77.12,-84.43,Oeste," ",0,0,0,07:30:00,INT,4.75,00:00:00,00:00:00,16 oct 2026,J,INT
173,3,null,LIM,22 oct 2026,11:05:00,24 oct 2026,05:30:00,1,null,22 oct 2026,Oct-2026,2026Q3,LA,2482,LIM,ATL,LIMATL,12:05:00,19:35:00,12:05:00,20:35:00,17:05:00,00:35:00,NO,763,BASE,NO,01:00:00,FP,07:30:00,null,SI,NO,03:00:00,1,1,1,null,1,11:05:00,11:05:00,22 oct 2026,22 oct 2026,11:05:00,21:05:00,22 oct 2026,20:05:00,22 oct 2026,20:05:00,22 oct 2026,09:00:00,13:00:00,25:10:00,2946,1,1,0,0,0,-77.12,-84.43,Oeste,A,0,0,0,07:30:00,INT,4.75,00:00:00,00:00:00,22 oct 2026,J,INT
49,3,null,LIM,5 oct 2026,11:05:00,7 oct 2026,05:30:00,1,null,5 oct 2026,Oct-2026,2026Q3,LA,2482,LIM,ATL,LIMATL,12:05:00,19:35:00,12:05:00,20:35:00,17:05:00,00:35:00,NO,763,BASE,NO,01:00:00,FP,07:30:00,null,SI,NO,03:00:00,1,1,1,null,1,11:05:00,11:05:00,5 oct 2026,5 oct 2026,11:05:00,21:05:00,5 oct 2026,20:05:00,5 oct 2026,20:05:00,5 oct 2026,09:00:00,13:00:00,25:10:00,2946,1,1,0,0,0,-77.12,-84.43,Oeste,A,0,0,0,07:30:00,INT,4.75,00:00:00,00:00:00,5 oct 2026,J,INT
189,3,null,LIM,24 oct 2026,11:05:00,26 oct 2026,05:30:00,1,null,24 oct 2026,Oct-2026,2026Q3,LA,2482,LIM,ATL,LIMATL,12:05:00,19:35:00,12:05:00,20:35:00,17:05:00,00:35:00,NO,763,BASE,NO,01:00:00,FP,07:30:00,null,SI,NO,03:00:00,1,1,1,null,1,11:05:00,11:05:00,24 oct 2026,24 oct 2026,11:05:00,21:05:00,24 oct 2026,20:05:00,24 oct 2026,20:05:00,24 oct 2026,09:00:00,13:00:00,25:10:00,2946,1,1,0,0,0,-77.12,-84.43,Oeste,A,0,0,0,07:30:00,INT,4.75,00:00:00,00:00:00,24 oct 2026,J,INT
78,3,null,LIM,6 oct 2026,11:05:00,8 oct 2026,05:30:00,1,null,6 oct 2026,Oct-2026,2026Q3,LA,2482,LIM,ATL,LIMATL,12:05:00,19:35:00,12:05:00,20:35:00,17:05:00,00:35:00,NO,763,BASE,NO,01:00:00,FP,07:30:00,null,SI,NO,03:00:00,1,1,1,null,1,11:05:00,11:05:00,6 oct 2026,6 oct 2026,11:05:00,21:05:00,6 oct 2026,20:05:00,6 oct 2026,20:05:00,6 oct 2026,09:00:00,13:00:00,25:10:00,2946,0,0,1,0,4,-77.12,-84.43,Oeste," ",0,0,0,07:30:00,INT,4.75,00:00:00,00:00:00,6 oct 2026,J,INT
130,3,null,LIM,11 oct 2026,11:05:00,13 oct 2026,05:30:00,1,null,11 oct 2026,Oct-2026,2026Q3,LA,2482,LIM,ATL,LIMATL,12:05:00,19:35:00,12:05:00,20:35:00,17:05:00,00:35:00,NO,763,BASE,NO,01:00:00,FP,07:30:00,null,SI,NO,03:00:00,1,1,1,null,1,11:05:00,11:05:00,11 oct 2026,11 oct 2026,11:05:00,21:05:00,11 oct 2026,20:05:00,11 oct 2026,20:05:00,11 oct 2026,09:00:00,13:00:00,25:10:00,2946,0,0,1,0,4,-77.12,-84.43,Oeste," ",0,0,0,07:30:00,INT,4.75,00:00:00,00:00:00,11 oct 2026,J,INT
36,3,null,LIM,2 oct 2026,11:05:00,4 oct 2026,05:30:00,1,null,2 oct 2026,Oct-2026,2026Q3,LA,2482,LIM,ATL,LIMATL,12:05:00,19:35:00,12:05:00,20:35:00,17:05:00,00:35:00,NO,763,BASE,NO,01:00:00,FP,07:30:00,null,SI,NO,03:00:00,1,1,1,null,1,11:05:00,11:05:00,2 oct 2026,2 oct 2026,11:05:00,21:05:00,2 oct 2026,20:05:00,2 oct 2026,20:05:00,2 oct 2026,09:00:00,13:00:00,25:10:00,2946,0,0,1,0,4,-77.12,-84.43,Oeste," ",0,0,0,07:30:00,INT,4.75,00:00:00,00:00:00,2 oct 2026,J,INT
144,3,null,LIM,18 oct 2026,11:05:00,20 oct 2026,05:30:00,1,null,18 oct 2026,Oct-2026,2026Q3,LA,2482,LIM,ATL,LIMATL,12:05:00,19:35:00,12:05:00,20:35:00,17:05:00,00:35:00,NO,763,BASE,NO,01:00:00,FP,07:30:00,null,SI,NO,03:00:00,1,1,1,null,1,11:05:00,11:05:00,18 oct 2026,18 oct 2026,11:05:00,21:05:00,18 oct 2026,20:05:00,18 oct 2026,20:05:00,18 oct 2026,09:00:00,13:00:00,25:10:00,2946,1,1,0,0,0,-77.12,-84.43,Oeste,A,0,0,0,07:30:00,INT,4.75,00:00:00,00:00:00,18 oct 2026,J,INT
88,3,null,LIM,7 oct 2026,11:05:00,9 oct 2026,05:30:00,1,null,7 oct 2026,Oct-2026,2026Q3,LA,2482,LIM,ATL,LIMATL,12:05:00,19:35:00,12:05:00,20:35:00,17:05:00,00:35:00,NO,763,BASE,NO,01:00:00,FP,07:30:00,null,SI,NO,03:00:00,1,1,1,null,1,11:05:00,11:05:00,7 oct 2026,7 oct 2026,11:05:00,21:05:00,7 oct 2026,20:05:00,7 oct 2026,20:05:00,7 oct 2026,09:00:00,13:00:00,25:10:00,2946,0,0,1,0,4,-77.12,-84.43,Oeste," ",0,0,0,07:30:00,INT,4.75,00:00:00,00:00:00,7 oct 2026,J,INT
109,3,null,LIM,9 oct 2026,11:05:00,11 oct 2026,05:30:00,1,null,9 oct 2026,Oct-2026,2026Q3,LA,2482,LIM,ATL,LIMATL,12:05:00,19:35:00,12:05:00,20:35:00,17:05:00,00:35:00,NO,763,BASE,NO,01:00:00,FP,07:30:00,null,SI,NO,03:00:00,1,1,1,null,1,11:05:00,11:05:00,9 oct 2026,9 oct 2026,11:05:00,21:05:00,9 oct 2026,20:05:00,9 oct 2026,20:05:00,9 oct 2026,09:00:00,13:00:00,25:10:00,2946,0,0,1,0,4,-77.12,-84.43,Oeste," ",0,0,0,07:30:00,INT,4.75,00:00:00,00:00:00,9 oct 2026,J,INT
106,3,null,LIM,13 oct 2026,11:05:00,15 oct 2026,05:30:00,1,null,13 oct 2026,Oct-2026,2026Q3,LA,2482,LIM,ATL,LIMATL,12:05:00,19:35:00,12:05:00,20:35:00,17:05:00,00:35:00,NO,763,BASE,NO,01:00:00,FP,07:30:00,null,SI,NO,03:00:00,1,1,1,null,1,11:05:00,11:05:00,13 oct 2026,13 oct 2026,11:05:00,21:05:00,13 oct 2026,20:05:00,13 oct 2026,20:05:00,13 oct 2026,09:00:00,13:00:00,25:10:00,2946,1,1,0,0,0,-77.12,-84.43,Oeste,A,0,0,0,07:30:00,INT,4.75,00:00:00,00:00:00,13 oct 2026,J,INT
26,3,null,LIM,2 oct 2026,11:05:00,4 oct 2026,05:30:00,1,null,2 oct 2026,Oct-2026,2026Q3,LA,2482,LIM,ATL,LIMATL,12:05:00,19:35:00,12:05:00,20:35:00,17:05:00,00:35:00,NO,763,BASE,NO,01:00:00,FP,07:30:00,null,SI,NO,03:00:00,1,1,1,null,1,11:05:00,11:05:00,2 oct 2026,2 oct 2026,11:05:00,21:05:00,2 oct 2026,20:05:00,2 oct 2026,20:05:00,2 oct 2026,09:00:00,13:00:00,25:10:00,2946,1,1,0,0,0,-77.12,-84.43,Oeste,A,0,0,0,07:30:00,INT,4.75,00:00:00,00:00:00,2 oct 2026,J,INT
26,3,null,LIM,1 oct 2026,11:05:00,3 oct 2026,05:30:00,1,null,1 oct 2026,Oct-2026,2026Q3,LA,2482,LIM,ATL,LIMATL,12:05:00,19:35:00,12:05:00,20:35:00,17:05:00,00:35:00,NO,763,BASE,NO,01:00:00,FP,07:30:00,null,SI,NO,03:00:00,1,1,1,null,1,11:05:00,11:05:00,1 oct 2026,1 oct 2026,11:05:00,21:05:00,1 oct 2026,20:05:00,1 oct 2026,20:05:00,1 oct 2026,09:00:00,13:00:00,25:10:00,2946,0,0,1,0,4,-77.12,-84.43,Oeste," ",0,0,0,07:30:00,INT,4.75,00:00:00,00:00:00,1 oct 2026,J,INT
253,3,null,LIM,23 oct 2026,11:05:00,25 oct 2026,05:30:00,1,null,23 oct 2026,Oct-2026,2026Q3,LA,2482,LIM,ATL,LIMATL,12:05:00,19:35:00,12:05:00,20:35:00,17:05:00,00:35:00,NO,763,BASE,NO,01:00:00,FP,07:30:00,null,SI,NO,03:00:00,1,1,1,null,1,11:05:00,11:05:00,23 oct 2026,23 oct 2026,11:05:00,21:05:00,23 oct 2026,20:05:00,23 oct 2026,20:05:00,23 oct 2026,09:00:00,13:00:00,25:10:00,2946,0,0,1,0,4,-77.12,-84.43,Oeste," ",0,0,0,07:30:00,INT,4.75,00:00:00,00:00:00,23 oct 2026,J,INT
120,3,null,LIM,10 oct 2026,11:05:00,12 oct 2026,05:30:00,1,null,10 oct 2026,Oct-2026,2026Q3,LA,2482,LIM,ATL,LIMATL,12:05:00,19:35:00,12:05:00,20:35:00,17:05:00,00:35:00,NO,763,BASE,NO,01:00:00,FP,07:30:00,null,SI,NO,03:00:00,1,1,1,null,1,11:05:00,11:05:00,10 oct 2026,10 oct 2026,11:05:00,21:05:00,10 oct 2026,20:05:00,10 oct 2026,20:05:00,10 oct 2026,09:00:00,13:00:00,25:10:00,2946,0,0,1,0,4,-77.12,-84.43,Oeste," ",0,0,0,07:30:00,INT,4.75,00:00:00,00:00:00,10 oct 2026,J,INT
99,3,null,LIM,8 oct 2026,11:05:00,10 oct 2026,05:30:00,1,null,8 oct 2026,Oct-2026,2026Q3,LA,2482,LIM,ATL,LIMATL,12:05:00,19:35:00,12:05:00,20:35:00,17:05:00,00:35:00,NO,763,BASE,NO,01:00:00,FP,07:30:00,null,SI,NO,03:00:00,1,1,1,null,1,11:05:00,11:05:00,8 oct 2026,8 oct 2026,11:05:00,21:05:00,8 oct 2026,20:05:00,8 oct 2026,20:05:00,8 oct 2026,09:00:00,13:00:00,25:10:00,2946,0,0,1,0,4,-77.12,-84.43,Oeste," ",0,0,0,07:30:00,INT,4.75,00:00:00,00:00:00,8 oct 2026,J,INT
19,3,null,LIM,1 oct 2026,11:05:00,3 oct 2026,05:30:00,1,null,1 oct 2026,Oct-2026,2026Q3,LA,2482,LIM,ATL,LIMATL,12:05:00,19:35:00,12:05:00,20:35:00,17:05:00,00:35:00,NO,763,BASE,NO,01:00:00,FP,07:30:00,null,SI,NO,03:00:00,1,1,1,null,1,11:05:00,11:05:00,1 oct 2026,1 oct 2026,11:05:00,21:05:00,1 oct 2026,20:05:00,1 oct 2026,20:05:00,1 oct 2026,09:00:00,13:00:00,25:10:00,2946,1,1,0,0,0,-77.12,-84.43,Oeste,A,0,0,0,07:30:00,INT,4.75,00:00:00,00:00:00,1 oct 2026,J,INT
7,3,LA2482290926,LIM,29 sept 2026,11:05:00,1 oct 2026,05:30:00,1,null,29 sept 2026,Sep-2026,2026Q3,LA,2482,LIM,ATL,LIMATL,12:05:00,19:35:00,12:05:00,20:35:00,17:05:00,00:35:00,NO,763,BASE,NO,01:00:00,FP,07:30:00,null,SI,NO,03:00:00,1,1,1,null,1,11:05:00,11:05:00,29 sept 2026,29 sept 2026,11:05:00,21:05:00,29 sept 2026,20:05:00,29 sept 2026,20:05:00,29 sept 2026,09:00:00,13:00:00,25:10:00,2946,0,0,1,0,4,-77.12,-84.43,Oeste," ",0,0,0,07:30:00,INT,4.75,00:00:00,00:00:00,29 sept 2026,J,INT
87,null,null,LIM,10 oct 2026,12:30:00,13 oct 2026,05:30:00,null,1,13 oct 2026,Oct-2026,2026Q3,LA,2699,MIA,LIM,MIALIM,23:15:00,05:00:00,00:15:00,05:00:00,04:15:00,10:00:00,NO,763,OUT,TOUCH,01:00:00,FP,05:45:00,null,SI,NO,02:55:00,2,3,1,null,1,22:15:00,23:15:00,12 oct 2026,12 oct 2026,22:15:00,05:30:00,13 oct 2026,05:30:00,13 oct 2026,05:30:00,13 oct 2026,07:15:00,13:00:00,null,2889,1,1,0,0,0,-80.28,-77.12,Este,A,0,0,0,05:45:00,INT,2.916,00:00:00,00:00:00,13 oct 2026,J,INT
79,null,null,LIM,6 oct 2026,12:30:00,9 oct 2026,05:30:00,null,1,9 oct 2026,Oct-2026,2026Q3,LA,2699,MIA,LIM,MIALIM,23:15:00,05:00:00,00:15:00,05:00:00,04:15:00,10:00:00,NO,763,OUT,TOUCH,01:00:00,FP,05:45:00,null,SI,NO,02:55:00,2,3,1,null,1,22:15:00,23:15:00,8 oct 2026,8 oct 2026,22:15:00,05:30:00,9 oct 2026,05:30:00,9 oct 2026,05:30:00,9 oct 2026,07:15:00,13:00:00,null,2889,0,0,1,0,4,-80.28,-77.12,Este," ",0,0,0,05:45:00,INT,2.916,00:00:00,00:00:00,9 oct 2026,J,INT
27,null,null,LIM,1 oct 2026,12:30:00,4 oct 2026,05:30:00,null,1,4 oct 2026,Oct-2026,2026Q3,LA,2699,MIA,LIM,MIALIM,23:15:00,05:00:00,00:15:00,05:00:00,04:15:00,10:00:00,NO,763,OUT,TOUCH,01:00:00,FP,05:45:00,null,SI,NO,02:55:00,2,3,1,null,1,22:15:00,23:15:00,3 oct 2026,3 oct 2026,22:15:00,05:30:00,4 oct 2026,05:30:00,4 oct 2026,05:30:00,4 oct 2026,07:15:00,13:00:00,null,2889,0,0,1,0,4,-80.28,-77.12,Este," ",0,0,0,05:45:00,INT,2.916,00:00:00,00:00:00,4 oct 2026,J,INT
121,null,null,LIM,10 oct 2026,12:30:00,13 oct 2026,05:30:00,null,1,13 oct 2026,Oct-2026,2026Q3,LA,2699,MIA,LIM,MIALIM,23:15:00,05:00:00,00:15:00,05:00:00,04:15:00,10:00:00,NO,763,OUT,TOUCH,01:00:00,FP,05:45:00,null,SI,NO,02:55:00,2,3,1,null,1,22:15:00,23:15:00,12 oct 2026,12 oct 2026,22:15:00,05:30:00,13 oct 2026,05:30:00,13 oct 2026,05:30:00,13 oct 2026,07:15:00,13:00:00,null,2889,0,0,1,0,4,-80.28,-77.12,Este," ",0,0,0,05:45:00,INT,2.916,00:00:00,00:00:00,13 oct 2026,J,INT
20,null,null,LIM,1 oct 2026,12:30:00,4 oct 2026,05:30:00,null,1,4 oct 2026,Oct-2026,2026Q3,LA,2699,MIA,LIM,MIALIM,23:15:00,05:00:00,00:15:00,05:00:00,04:15:00,10:00:00,NO,763,OUT,TOUCH,01:00:00,FP,05:45:00,null,SI,NO,02:55:00,2,3,1,null,1,22:15:00,23:15:00,3 oct 2026,3 oct 2026,22:15:00,05:30:00,4 oct 2026,05:30:00,4 oct 2026,05:30:00,4 oct 2026,07:15:00,13:00:00,null,2889,1,1,0,0,0,-80.28,-77.12,Este,A,0,0,0,05:45:00,INT,2.916,00:00:00,00:00:00,4 oct 2026,J,INT
150,null,null,LIM,13 oct 2026,12:30:00,16 oct 2026,05:30:00,null,1,16 oct 2026,Oct-2026,2026Q3,LA,2699,MIA,LIM,MIALIM,23:15:00,05:00:00,00:15:00,05:00:00,04:15:00,10:00:00,NO,763,OUT,TOUCH,01:00:00,FP,05:45:00,null,SI,NO,02:55:00,2,3,1,null,1,22:15:00,23:15:00,15 oct 2026,15 oct 2026,22:15:00,05:30:00,16 oct 2026,05:30:00,16 oct 2026,05:30:00,16 oct 2026,07:15:00,13:00:00,null,2889,0,0,1,0,4,-80.28,-77.12,Este," ",0,0,0,05:45:00,INT,2.916,00:00:00,00:00:00,16 oct 2026,J,INT
32,null,null,LIM,3 oct 2026,07:15:00,6 oct 2026,05:30:00,null,1,6 oct 2026,Oct-2026,2026Q3,LA,2699,MIA,LIM,MIALIM,23:15:00,05:00:00,00:15:00,05:00:00,04:15:00,10:00:00,NO,763,OUT,TOUCH,01:00:00,FP,05:45:00,null,SI,NO,02:55:00,2,3,1,null,1,22:15:00,23:15:00,5 oct 2026,5 oct 2026,22:15:00,05:30:00,6 oct 2026,05:30:00,6 oct 2026,05:30:00,6 oct 2026,07:15:00,13:00:00,null,2888,1,1,0,0,0,-80.28,-77.12,Este,A,0,0,0,05:45:00,INT,2.916,00:00:00,00:00:00,6 oct 2026,J,INT
189,null,null,LIM,17 oct 2026,07:15:00,20 oct 2026,05:30:00,null,1,20 oct 2026,Oct-2026,2026Q3,LA,2699,MIA,LIM,MIALIM,23:15:00,05:00:00,00:15:00,05:00:00,04:15:00,10:00:00,NO,763,OUT,TOUCH,01:00:00,FP,05:45:00,null,SI,NO,02:55:00,2,3,1,null,1,22:15:00,23:15:00,19 oct 2026,19 oct 2026,22:15:00,05:30:00,20 oct 2026,05:30:00,20 oct 2026,05:30:00,20 oct 2026,07:15:00,13:00:00,null,2888,0,0,1,0,4,-80.28,-77.12,Este," ",0,0,0,05:45:00,INT,2.916,00:00:00,00:00:00,20 oct 2026,J,INT
119,null,null,LIM,15 oct 2026,07:15:00,18 oct 2026,05:30:00,null,1,18 oct 2026,Oct-2026,2026Q3,LA,2699,MIA,LIM,MIALIM,23:15:00,05:00:00,00:15:00,05:00:00,04:15:00,10:00:00,NO,763,OUT,TOUCH,01:00:00,FP,05:45:00,null,SI,NO,02:55:00,2,3,1,null,1,22:15:00,23:15:00,17 oct 2026,17 oct 2026,22:15:00,05:30:00,18 oct 2026,05:30:00,18 oct 2026,05:30:00,18 oct 2026,07:15:00,13:00:00,null,2888,1,1,0,0,0,-80.28,-77.12,Este,A,0,0,0,05:45:00,INT,2.916,00:00:00,00:00:00,18 oct 2026,J,INT
167,null,null,LIM,15 oct 2026,07:15:00,18 oct 2026,05:30:00,null,1,18 oct 2026,Oct-2026,2026Q3,LA,2699,MIA,LIM,MIALIM,23:15:00,05:00:00,00:15:00,05:00:00,04:15:00,10:00:00,NO,763,OUT,TOUCH,01:00:00,FP,05:45:00,null,SI,NO,02:55:00,2,3,1,null,1,22:15:00,23:15:00,17 oct 2026,17 oct 2026,22:15:00,05:30:00,18 oct 2026,05:30:00,18 oct 2026,05:30:00,18 oct 2026,07:15:00,13:00:00,null,2888,0,0,1,0,4,-80.28,-77.12,Este," ",0,0,0,05:45:00,INT,2.916,00:00:00,00:00:00,18 oct 2026,J,INT
95,null,null,LIM,8 oct 2026,07:15:00,11 oct 2026,05:30:00,null,1,11 oct 2026,Oct-2026,2026Q3,LA,2699,MIA,LIM,MIALIM,23:15:00,05:00:00,00:15:00,05:00:00,04:15:00,10:00:00,NO,763,OUT,TOUCH,01:00:00,FP,05:45:00,null,SI,NO,02:55:00,2,3,1,null,1,22:15:00,23:15:00,10 oct 2026,10 oct 2026,22:15:00,05:30:00,11 oct 2026,05:30:00,11 oct 2026,05:30:00,11 oct 2026,07:15:00,13:00:00,null,2888,0,0,1,0,4,-80.28,-77.12,Este," ",0,0,0,05:45:00,INT,2.916,00:00:00,00:00:00,11 oct 2026,J,INT
157,null,null,LIM,20 oct 2026,07:15:00,23 oct 2026,05:30:00,null,1,23 oct 2026,Oct-2026,2026Q3,LA,2699,MIA,LIM,MIALIM,23:15:00,05:00:00,00:15:00,05:00:00,04:15:00,10:00:00,NO,763,OUT,TOUCH,01:00:00,FP,05:45:00,null,SI,NO,02:55:00,2,3,1,null,1,22:15:00,23:15:00,22 oct 2026,22 oct 2026,22:15:00,05:30:00,23 oct 2026,05:30:00,23 oct 2026,05:30:00,23 oct 2026,07:15:00,13:00:00,null,2888,1,1,0,0,0,-80.28,-77.12,Este,A,0,0,0,05:45:00,INT,2.916,00:00:00,00:00:00,23 oct 2026,J,INT
44,null,null,LIM,3 oct 2026,07:15:00,6 oct 2026,05:30:00,null,1,6 oct 2026,Oct-2026,2026Q3,LA,2699,MIA,LIM,MIALIM,23:15:00,05:00:00,00:15:00,05:00:00,04:15:00,10:00:00,NO,763,OUT,TOUCH,01:00:00,FP,05:45:00,null,SI,NO,02:55:00,2,3,1,null,1,22:15:00,23:15:00,5 oct 2026,5 oct 2026,22:15:00,05:30:00,6 oct 2026,05:30:00,6 oct 2026,05:30:00,6 oct 2026,07:15:00,13:00:00,null,2888,0,0,1,0,4,-80.28,-77.12,Este," ",0,0,0,05:45:00,INT,2.916,00:00:00,00:00:00,6 oct 2026,J,INT
220,null,null,LIM,20 oct 2026,07:15:00,23 oct 2026,05:30:00,null,1,23 oct 2026,Oct-2026,2026Q3,LA,2699,MIA,LIM,MIALIM,23:15:00,05:00:00,00:15:00,05:00:00,04:15:00,10:00:00,NO,763,OUT,TOUCH,01:00:00,FP,05:45:00,null,SI,NO,02:55:00,2,3,1,null,1,22:15:00,23:15:00,22 oct 2026,22 oct 2026,22:15:00,05:30:00,23 oct 2026,05:30:00,23 oct 2026,05:30:00,23 oct 2026,07:15:00,13:00:00,null,2888,0,0,1,0,4,-80.28,-77.12,Este," ",0,0,0,05:45:00,INT,2.916,00:00:00,00:00:00,23 oct 2026,J,INT
68,null,null,LIM,8 oct 2026,07:15:00,11 oct 2026,05:30:00,null,1,11 oct 2026,Oct-2026,2026Q3,LA,2699,MIA,LIM,MIALIM,23:15:00,05:00:00,00:15:00,05:00:00,04:15:00,10:00:00,NO,763,OUT,TOUCH,01:00:00,FP,05:45:00,null,SI,NO,02:55:00,2,3,1,null,1,22:15:00,23:15:00,10 oct 2026,10 oct 2026,22:15:00,05:30:00,11 oct 2026,05:30:00,11 oct 2026,05:30:00,11 oct 2026,07:15:00,13:00:00,null,2888,1,1,0,0,0,-80.28,-77.12,Este,A,0,0,0,05:45:00,INT,2.916,00:00:00,00:00:00,11 oct 2026,J,INT
135,null,null,LIM,17 oct 2026,07:15:00,20 oct 2026,05:30:00,null,1,20 oct 2026,Oct-2026,2026Q3,LA,2699,MIA,LIM,MIALIM,23:15:00,05:00:00,00:15:00,05:00:00,04:15:00,10:00:00,NO,763,OUT,TOUCH,01:00:00,FP,05:45:00,null,SI,NO,02:55:00,2,3,1,null,1,22:15:00,23:15:00,19 oct 2026,19 oct 2026,22:15:00,05:30:00,20 oct 2026,05:30:00,20 oct 2026,05:30:00,20 oct 2026,07:15:00,13:00:00,null,2888,1,1,0,0,0,-80.28,-77.12,Este,A,0,0,0,05:45:00,INT,2.916,00:00:00,00:00:00,20 oct 2026,J,INT
288,null,null,LIM,26 oct 2026,12:30:00,29 oct 2026,05:30:00,null,1,29 oct 2026,Oct-2026,2026Q3,LA,2989,MIA,LIM,MIALIM,23:10:00,05:00:00,00:10:00,05:00:00,04:10:00,10:00:00,NO,763,OUT,TOUCH,01:00:00,FP,05:50:00,null,SI,NO,02:55:00,2,3,1,null,1,22:10:00,23:10:00,28 oct 2026,28 oct 2026,22:10:00,05:30:00,29 oct 2026,05:30:00,29 oct 2026,05:30:00,29 oct 2026,07:20:00,13:00:00,null,2881,0,0,1,0,4,-80.28,-77.12,Este," ",0,0,0,05:50:00,INT,2.937,00:00:00,00:00:00,29 oct 2026,J,INT
206,null,null,LIM,26 oct 2026,12:30:00,29 oct 2026,05:30:00,null,1,29 oct 2026,Oct-2026,2026Q3,LA,2989,MIA,LIM,MIALIM,23:10:00,05:00:00,00:10:00,05:00:00,04:10:00,10:00:00,NO,763,OUT,TOUCH,01:00:00,FP,05:50:00,null,SI,NO,02:55:00,2,3,1,null,1,22:10:00,23:10:00,28 oct 2026,28 oct 2026,22:10:00,05:30:00,29 oct 2026,05:30:00,29 oct 2026,05:30:00,29 oct 2026,07:20:00,13:00:00,null,2881,1,1,0,0,0,-80.28,-77.12,Este,A,0,0,0,05:50:00,INT,2.937,00:00:00,00:00:00,29 oct 2026,J,INT
277,null,null,LIM,25 oct 2026,12:30:00,28 oct 2026,05:30:00,null,1,28 oct 2026,Oct-2026,2026Q3,LA,2989,MIA,LIM,MIALIM,23:10:00,05:00:00,00:10:00,05:00:00,04:10:00,10:00:00,NO,763,OUT,TOUCH,01:00:00,FP,05:50:00,null,SI,NO,02:55:00,2,3,1,null,1,22:10:00,23:10:00,27 oct 2026,27 oct 2026,22:10:00,05:30:00,28 oct 2026,05:30:00,28 oct 2026,05:30:00,28 oct 2026,07:20:00,13:00:00,null,2881,0,0,1,0,4,-80.28,-77.12,Este," ",0,0,0,05:50:00,INT,2.937,00:00:00,00:00:00,28 oct 2026,J,INT
198,null,null,LIM,25 oct 2026,12:30:00,28 oct 2026,05:30:00,null,1,28 oct 2026,Oct-2026,2026Q3,LA,2989,MIA,LIM,MIALIM,23:10:00,05:00:00,00:10:00,05:00:00,04:10:00,10:00:00,NO,763,OUT,TOUCH,01:00:00,FP,05:50:00,null,SI,NO,02:55:00,2,3,1,null,1,22:10:00,23:10:00,27 oct 2026,27 oct 2026,22:10:00,05:30:00,28 oct 2026,05:30:00,28 oct 2026,05:30:00,28 oct 2026,07:20:00,13:00:00,null,2881,1,1,0,0,0,-80.28,-77.12,Este,A,0,0,0,05:50:00,INT,2.937,00:00:00,00:00:00,28 oct 2026,J,INT
261,null,null,LIM,24 oct 2026,07:15:00,27 oct 2026,05:30:00,null,1,27 oct 2026,Oct-2026,2026Q3,LA,2989,MIA,LIM,MIALIM,23:10:00,05:00:00,00:10:00,05:00:00,04:10:00,10:00:00,NO,763,OUT,TOUCH,01:00:00,FP,05:50:00,null,SI,NO,02:55:00,2,3,1,null,1,22:10:00,23:10:00,26 oct 2026,26 oct 2026,22:10:00,05:30:00,27 oct 2026,05:30:00,27 oct 2026,05:30:00,27 oct 2026,07:20:00,13:00:00,null,2880,0,0,1,0,4,-80.28,-77.12,Este," ",0,0,0,05:50:00,INT,2.937,00:00:00,00:00:00,27 oct 2026,J,INT
186,null,null,LIM,24 oct 2026,07:15:00,27 oct 2026,05:30:00,null,1,27 oct 2026,Oct-2026,2026Q3,LA,2989,MIA,LIM,MIALIM,23:10:00,05:00:00,00:10:00,05:00:00,04:10:00,10:00:00,NO,763,OUT,TOUCH,01:00:00,FP,05:50:00,null,SI,NO,02:55:00,2,3,1,null,1,22:10:00,23:10:00,26 oct 2026,26 oct 2026,22:10:00,05:30:00,27 oct 2026,05:30:00,27 oct 2026,05:30:00,27 oct 2026,07:20:00,13:00:00,null,2880,1,1,0,0,0,-80.28,-77.12,Este,A,0,0,0,05:50:00,INT,2.937,00:00:00,00:00:00,27 oct 2026,J,INT
232,null,null,LIM,21 oct 2026,11:00:00,24 oct 2026,08:40:00,null,1,23 oct 2026,Oct-2026,2026Q3,LA,2477,LAX,LIM,LAXLIM,23:30:00,08:10:00,21:30:00,08:10:00,04:30:00,13:10:00,NO,763,OUT,TOUCH,01:00:00,FP,08:40:00,null,SI,NO,02:55:00,2,3,1,null,1,22:30:00,20:30:00,23 oct 2026,23 oct 2026,22:30:00,08:40:00,24 oct 2026,08:40:00,24 oct 2026,08:40:00,24 oct 2026,10:10:00,13:00:00,null,2852,0,0,1,0,6,-118.4,-77.12,Este," ",0,0,0,08:40:00,INT,4.416,00:00:00,00:00:00,24 oct 2026,J,INT
165,null,null,LIM,21 oct 2026,11:00:00,24 oct 2026,08:40:00,null,1,23 oct 2026,Oct-2026,2026Q3,LA,2477,LAX,LIM,LAXLIM,23:30:00,08:10:00,21:30:00,08:10:00,04:30:00,13:10:00,NO,763,OUT,TOUCH,01:00:00,FP,08:40:00,null,SI,NO,02:55:00,2,3,1,null,1,22:30:00,20:30:00,23 oct 2026,23 oct 2026,22:30:00,08:40:00,24 oct 2026,08:40:00,24 oct 2026,08:40:00,24 oct 2026,10:10:00,13:00:00,null,2852,2,1,0,0,0,-118.4,-77.12,Este,B,0,0,0,08:40:00,INT,4.416,00:00:00,00:00:00,24 oct 2026,J,INT
100,null,null,LIM,12 oct 2026,11:05:00,14 oct 2026,05:30:00,null,1,13 oct 2026,Oct-2026,2026Q3,LA,2483,ATL,LIM,ATLLIM,22:15:00,05:00:00,23:15:00,05:00:00,03:15:00,10:00:00,NO,763,OUT,TOUCH,01:00:00,FP,06:45:00,null,SI,NO,02:55:00,2,2,1,null,1,21:15:00,22:15:00,13 oct 2026,13 oct 2026,21:15:00,05:30:00,14 oct 2026,05:30:00,14 oct 2026,05:30:00,14 oct 2026,08:15:00,13:00:00,null,2844,1,1,0,0,0,-84.43,-77.12,Este,A,0,0,0,06:45:00,INT,4.75,00:00:00,00:00:00,14 oct 2026,J,INT
189,null,null,LIM,24 oct 2026,11:05:00,26 oct 2026,05:30:00,null,1,25 oct 2026,Oct-2026,2026Q3,LA,2483,ATL,LIM,ATLLIM,22:15:00,05:00:00,23:15:00,05:00:00,03:15:00,10:00:00,NO,763,OUT,TOUCH,01:00:00,FP,06:45:00,null,SI,NO,02:55:00,2,2,1,null,1,21:15:00,22:15:00,25 oct 2026,25 oct 2026,21:15:00,05:30:00,26 oct 2026,05:30:00,26 oct 2026,05:30:00,26 oct 2026,08:15:00,13:00:00,null,2844,1,1,0,0,0,-84.43,-77.12,Este,A,0,0,0,06:45:00,INT,4.75,00:00:00,00:00:00,26 oct 2026,J,INT
219,null,null,LIM,28 oct 2026,11:10:00,30 oct 2026,05:30:00,null,1,29 oct 2026,Oct-2026,2026Q3,LA,2483,ATL,LIM,ATLLIM,22:15:00,05:00:00,23:15:00,05:00:00,03:15:00,10:00:00,NO,763,OUT,TOUCH,01:00:00,FP,06:45:00,null,SI,NO,02:55:00,2,2,1,null,1,21:15:00,22:15:00,29 oct 2026,29 oct 2026,21:15:00,05:30:00,30 oct 2026,05:30:00,30 oct 2026,05:30:00,30 oct 2026,08:15:00,13:00:00,null,2844,1,1,0,0,0,-84.43,-77.12,Este,A,0,0,0,06:45:00,INT,4.722,00:00:00,00:00:00,30 oct 2026,J,INT
26,null,null,LIM,2 oct 2026,11:05:00,4 oct 2026,05:30:00,null,1,3 oct 2026,Oct-2026,2026Q3,LA,2483,ATL,LIM,ATLLIM,22:15:00,05:00:00,23:15:00,05:00:00,03:15:00,10:00:00,NO,763,OUT,TOUCH,01:00:00,FP,06:45:00,null,SI,NO,02:55:00,2,2,1,null,1,21:15:00,22:15:00,3 oct 2026,3 oct 2026,21:15:00,05:30:00,4 oct 2026,05:30:00,4 oct 2026,05:30:00,4 oct 2026,08:15:00,13:00:00,null,2844,1,1,0,0,0,-84.43,-77.12,Este,A,0,0,0,06:45:00,INT,4.75,00:00:00,00:00:00,4 oct 2026,J,INT
49,null,null,LIM,5 oct 2026,11:05:00,7 oct 2026,05:30:00,null,1,6 oct 2026,Oct-2026,2026Q3,LA,2483,ATL,LIM,ATLLIM,22:15:00,05:00:00,23:15:00,05:00:00,03:15:00,10:00:00,NO,763,OUT,TOUCH,01:00:00,FP,06:45:00,null,SI,NO,02:55:00,2,2,1,null,1,21:15:00,22:15:00,6 oct 2026,6 oct 2026,21:15:00,05:30:00,7 oct 2026,05:30:00,7 oct 2026,05:30:00,7 oct 2026,08:15:00,13:00:00,null,2844,1,1,0,0,0,-84.43,-77.12,Este,A,0,0,0,06:45:00,INT,4.75,00:00:00,00:00:00,7 oct 2026,J,INT
19,null,null,LIM,1 oct 2026,11:05:00,3 oct 2026,05:30:00,null,1,2 oct 2026,Oct-2026,2026Q3,LA,2483,ATL,LIM,ATLLIM,22:15:00,05:00:00,23:15:00,05:00:00,03:15:00,10:00:00,NO,763,OUT,TOUCH,01:00:00,FP,06:45:00,null,SI,NO,02:55:00,2,2,1,null,1,21:15:00,22:15:00,2 oct 2026,2 oct 2026,21:15:00,05:30:00,3 oct 2026,05:30:00,3 oct 2026,05:30:00,3 oct 2026,08:15:00,13:00:00,null,2844,1,1,0,0,0,-84.43,-77.12,Este,A,0,0,0,06:45:00,INT,4.75,00:00:00,00:00:00,3 oct 2026,J,INT
99,null,null,LIM,8 oct 2026,11:05:00,10 oct 2026,05:30:00,null,1,9 oct 2026,Oct-2026,2026Q3,LA,2483,ATL,LIM,ATLLIM,22:15:00,05:00:00,23:15:00,05:00:00,03:15:00,10:00:00,NO,763,OUT,TOUCH,01:00:00,FP,06:45:00,null,SI,NO,02:55:00,2,2,1,null,1,21:15:00,22:15:00,9 oct 2026,9 oct 2026,21:15:00,05:30:00,10 oct 2026,05:30:00,10 oct 2026,05:30:00,10 oct 2026,08:15:00,13:00:00,null,2844,0,0,1,0,4,-84.43,-77.12,Este," ",0,0,0,06:45:00,INT,4.75,00:00:00,00:00:00,10 oct 2026,J,INT
93,null,null,LIM,11 oct 2026,11:05:00,13 oct 2026,05:30:00,null,1,12 oct 2026,Oct-2026,2026Q3,LA,2483,ATL,LIM,ATLLIM,22:15:00,05:00:00,23:15:00,05:00:00,03:15:00,10:00:00,NO,763,OUT,TOUCH,01:00:00,FP,06:45:00,null,SI,NO,02:55:00,2,2,1,null,1,21:15:00,22:15:00,12 oct 2026,12 oct 2026,21:15:00,05:30:00,13 oct 2026,05:30:00,13 oct 2026,05:30:00,13 oct 2026,08:15:00,13:00:00,null,2844,1,1,0,0,0,-84.43,-77.12,Este,A,0,0,0,06:45:00,INT,4.75,00:00:00,00:00:00,13 oct 2026,J,INT
243,null,null,LIM,22 oct 2026,11:05:00,24 oct 2026,05:30:00,null,1,23 oct 2026,Oct-2026,2026Q3,LA,2483,ATL,LIM,ATLLIM,22:15:00,05:00:00,23:15:00,05:00:00,03:15:00,10:00:00,NO,763,OUT,TOUCH,01:00:00,FP,06:45:00,null,SI,NO,02:55:00,2,2,1,null,1,21:15:00,22:15:00,23 oct 2026,23 oct 2026,21:15:00,05:30:00,24 oct 2026,05:30:00,24 oct 2026,05:30:00,24 oct 2026,08:15:00,13:00:00,null,2844,0,0,1,0,4,-84.43,-77.12,Este," ",0,0,0,06:45:00,INT,4.75,00:00:00,00:00:00,24 oct 2026,J,INT
58,null,null,LIM,4 oct 2026,11:05:00,6 oct 2026,05:30:00,null,1,5 oct 2026,Oct-2026,2026Q3,LA,2483,ATL,LIM,ATLLIM,22:15:00,05:00:00,23:15:00,05:00:00,03:15:00,10:00:00,NO,763,OUT,TOUCH,01:00:00,FP,06:45:00,null,SI,NO,02:55:00,2,2,1,null,1,21:15:00,22:15:00,5 oct 2026,5 oct 2026,21:15:00,05:30:00,6 oct 2026,05:30:00,6 oct 2026,05:30:00,6 oct 2026,08:15:00,13:00:00,null,2844,0,0,1,0,4,-84.43,-77.12,Este," ",0,0,0,06:45:00,INT,4.75,00:00:00,00:00:00,6 oct 2026,J,INT
212,null,null,LIM,19 oct 2026,11:05:00,21 oct 2026,05:30:00,null,1,20 oct 2026,Oct-2026,2026Q3,LA,2483,ATL,LIM,ATLLIM,22:15:00,05:00:00,23:15:00,05:00:00,03:15:00,10:00:00,NO,763,OUT,TOUCH,01:00:00,FP,06:45:00,null,SI,NO,02:55:00,2,2,1,null,1,21:15:00,22:15:00,20 oct 2026,20 oct 2026,21:15:00,05:30:00,21 oct 2026,05:30:00,21 oct 2026,05:30:00,21 oct 2026,08:15:00,13:00:00,null,2844,0,0,1,0,4,-84.43,-77.12,Este," ",0,0,0,06:45:00,INT,4.75,00:00:00,00:00:00,21 oct 2026,J,INT
233,null,null,LIM,21 oct 2026,11:05:00,23 oct 2026,05:30:00,null,1,22 oct 2026,Oct-2026,2026Q3,LA,2483,ATL,LIM,ATLLIM,22:15:00,05:00:00,23:15:00,05:00:00,03:15:00,10:00:00,NO,763,OUT,TOUCH,01:00:00,FP,06:45:00,null,SI,NO,02:55:00,2,2,1,null,1,21:15:00,22:15:00,22 oct 2026,22 oct 2026,21:15:00,05:30:00,23 oct 2026,05:30:00,23 oct 2026,05:30:00,23 oct 2026,08:15:00,13:00:00,null,2844,0,0,1,0,4,-84.43,-77.12,Este," ",0,0,0,06:45:00,INT,4.75,00:00:00,00:00:00,23 oct 2026,J,INT
5,null,LA2482290926,LIM,29 sept 2026,11:05:00,1 oct 2026,05:30:00,null,1,30 sept 2026,Sep-2026,2026Q3,LA,2483,ATL,LIM,ATLLIM,22:15:00,05:00:00,23:15:00,05:00:00,03:15:00,10:00:00,NO,763,OUT,TOUCH,01:00:00,FP,06:45:00,null,SI,NO,02:55:00,2,2,1,null,1,21:15:00,22:15:00,30 sept 2026,30 sept 2026,21:15:00,05:30:00,1 oct 2026,05:30:00,1 oct 2026,05:30:00,1 oct 2026,08:15:00,13:00:00,null,2844,1,1,0,0,0,-84.43,-77.12,Este,A,0,0,0,06:45:00,INT,4.75,00:00:00,00:00:00,1 oct 2026,J,INT
26,null,null,LIM,1 oct 2026,11:05:00,3 oct 2026,05:30:00,null,1,2 oct 2026,Oct-2026,2026Q3,LA,2483,ATL,LIM,ATLLIM,22:15:00,05:00:00,23:15:00,05:00:00,03:15:00,10:00:00,NO,763,OUT,TOUCH,01:00:00,FP,06:45:00,null,SI,NO,02:55:00,2,2,1,null,1,21:15:00,22:15:00,2 oct 2026,2 oct 2026,21:15:00,05:30:00,3 oct 2026,05:30:00,3 oct 2026,05:30:00,3 oct 2026,08:15:00,13:00:00,null,2844,0,0,1,0,4,-84.43,-77.12,Este," ",0,0,0,06:45:00,INT,4.75,00:00:00,00:00:00,3 oct 2026,J,INT
88,null,null,LIM,7 oct 2026,11:05:00,9 oct 2026,05:30:00,null,1,8 oct 2026,Oct-2026,2026Q3,LA,2483,ATL,LIM,ATLLIM,22:15:00,05:00:00,23:15:00,05:00:00,03:15:00,10:00:00,NO,763,OUT,TOUCH,01:00:00,FP,06:45:00,null,SI,NO,02:55:00,2,2,1,null,1,21:15:00,22:15:00,8 oct 2026,8 oct 2026,21:15:00,05:30:00,9 oct 2026,05:30:00,9 oct 2026,05:30:00,9 oct 2026,08:15:00,13:00:00,null,2844,0,0,1,0,4,-84.43,-77.12,Este," ",0,0,0,06:45:00,INT,4.75,00:00:00,00:00:00,9 oct 2026,J,INT
63,null,null,LIM,7 oct 2026,11:05:00,9 oct 2026,05:30:00,null,1,8 oct 2026,Oct-2026,2026Q3,LA,2483,ATL,LIM,ATLLIM,22:15:00,05:00:00,23:15:00,05:00:00,03:15:00,10:00:00,NO,763,OUT,TOUCH,01:00:00,FP,06:45:00,null,SI,NO,02:55:00,2,2,1,null,1,21:15:00,22:15:00,8 oct 2026,8 oct 2026,21:15:00,05:30:00,9 oct 2026,05:30:00,9 oct 2026,05:30:00,9 oct 2026,08:15:00,13:00:00,null,2844,1,1,0,0,0,-84.43,-77.12,Este,A,0,0,0,06:45:00,INT,4.75,00:00:00,00:00:00,9 oct 2026,J,INT
160,null,null,LIM,14 oct 2026,11:05:00,16 oct 2026,05:30:00,null,1,15 oct 2026,Oct-2026,2026Q3,LA,2483,ATL,LIM,ATLLIM,22:15:00,05:00:00,23:15:00,05:00:00,03:15:00,10:00:00,NO,763,OUT,TOUCH,01:00:00,FP,06:45:00,null,SI,NO,02:55:00,2,2,1,null,1,21:15:00,22:15:00,15 oct 2026,15 oct 2026,21:15:00,05:30:00,16 oct 2026,05:30:00,16 oct 2026,05:30:00,16 oct 2026,08:15:00,13:00:00,null,2844,0,0,1,0,4,-84.43,-77.12,Este," ",0,0,0,06:45:00,INT,4.75,00:00:00,00:00:00,16 oct 2026,J,INT
86,null,null,LIM,10 oct 2026,11:05:00,12 oct 2026,05:30:00,null,1,11 oct 2026,Oct-2026,2026Q3,LA,2483,ATL,LIM,ATLLIM,22:15:00,05:00:00,23:15:00,05:00:00,03:15:00,10:00:00,NO,763,OUT,TOUCH,01:00:00,FP,06:45:00,null,SI,NO,02:55:00,2,2,1,null,1,21:15:00,22:15:00,11 oct 2026,11 oct 2026,21:15:00,05:30:00,12 oct 2026,05:30:00,12 oct 2026,05:30:00,12 oct 2026,08:15:00,13:00:00,null,2844,1,1,0,0,0,-84.43,-77.12,Este,A,0,0,0,06:45:00,INT,4.75,00:00:00,00:00:00,12 oct 2026,J,INT
307,null,null,LIM,28 oct 2026,11:10:00,30 oct 2026,05:30:00,null,1,29 oct 2026,Oct-2026,2026Q3,LA,2483,ATL,LIM,ATLLIM,22:15:00,05:00:00,23:15:00,05:00:00,03:15:00,10:00:00,NO,763,OUT,TOUCH,01:00:00,FP,06:45:00,null,SI,NO,02:55:00,2,2,1,null,1,21:15:00,22:15:00,29 oct 2026,29 oct 2026,21:15:00,05:30:00,30 oct 2026,05:30:00,30 oct 2026,05:30:00,30 oct 2026,08:15:00,13:00:00,null,2844,0,0,1,0,4,-84.43,-77.12,Este," ",0,0,0,06:45:00,INT,4.722,00:00:00,00:00:00,30 oct 2026,J,INT
180,null,null,LIM,23 oct 2026,11:05:00,25 oct 2026,05:30:00,null,1,24 oct 2026,Oct-2026,2026Q3,LA,2483,ATL,LIM,ATLLIM,22:15:00,05:00:00,23:15:00,05:00:00,03:15:00,10:00:00,NO,763,OUT,TOUCH,01:00:00,FP,06:45:00,null,SI,NO,02:55:00,2,2,1,null,1,21:15:00,22:15:00,24 oct 2026,24 oct 2026,21:15:00,05:30:00,25 oct 2026,05:30:00,25 oct 2026,05:30:00,25 oct 2026,08:15:00,13:00:00,null,2844,1,1,0,0,0,-84.43,-77.12,Este,A,0,0,0,06:45:00,INT,4.75,00:00:00,00:00:00,25 oct 2026,J,INT
56,null,null,LIM,6 oct 2026,11:05:00,8 oct 2026,05:30:00,null,1,7 oct 2026,Oct-2026,2026Q3,LA,2483,ATL,LIM,ATLLIM,22:15:00,05:00:00,23:15:00,05:00:00,03:15:00,10:00:00,NO,763,OUT,TOUCH,01:00:00,FP,06:45:00,null,SI,NO,02:55:00,2,2,1,null,1,21:15:00,22:15:00,7 oct 2026,7 oct 2026,21:15:00,05:30:00,8 oct 2026,05:30:00,8 oct 2026,05:30:00,8 oct 2026,08:15:00,13:00:00,null,2844,1,1,0,0,0,-84.43,-77.12,Este,A,0,0,0,06:45:00,INT,4.75,00:00:00,00:00:00,8 oct 2026,J,INT
223,null,null,LIM,20 oct 2026,11:05:00,22 oct 2026,05:30:00,null,1,21 oct 2026,Oct-2026,2026Q3,LA,2483,ATL,LIM,ATLLIM,22:15:00,05:00:00,23:15:00,05:00:00,03:15:00,10:00:00,NO,763,OUT,TOUCH,01:00:00,FP,06:45:00,null,SI,NO,02:55:00,2,2,1,null,1,21:15:00,22:15:00,21 oct 2026,21 oct 2026,21:15:00,05:30:00,22 oct 2026,05:30:00,22 oct 2026,05:30:00,22 oct 2026,08:15:00,13:00:00,null,2844,0,0,1,0,4,-84.43,-77.12,Este," ",0,0,0,06:45:00,INT,4.75,00:00:00,00:00:00,22 oct 2026,J,INT
78,null,null,LIM,6 oct 2026,11:05:00,8 oct 2026,05:30:00,null,1,7 oct 2026,Oct-2026,2026Q3,LA,2483,ATL,LIM,ATLLIM,22:15:00,05:00:00,23:15:00,05:00:00,03:15:00,10:00:00,NO,763,OUT,TOUCH,01:00:00,FP,06:45:00,null,SI,NO,02:55:00,2,2,1,null,1,21:15:00,22:15:00,7 oct 2026,7 oct 2026,21:15:00,05:30:00,8 oct 2026,05:30:00,8 oct 2026,05:30:00,8 oct 2026,08:15:00,13:00:00,null,2844,0,0,1,0,4,-84.43,-77.12,Este," ",0,0,0,06:45:00,INT,4.75,00:00:00,00:00:00,8 oct 2026,J,INT
36,null,null,LIM,2 oct 2026,11:05:00,4 oct 2026,05:30:00,null,1,3 oct 2026,Oct-2026,2026Q3,LA,2483,ATL,LIM,ATLLIM,22:15:00,05:00:00,23:15:00,05:00:00,03:15:00,10:00:00,NO,763,OUT,TOUCH,01:00:00,FP,06:45:00,null,SI,NO,02:55:00,2,2,1,null,1,21:15:00,22:15:00,3 oct 2026,3 oct 2026,21:15:00,05:30:00,4 oct 2026,05:30:00,4 oct 2026,05:30:00,4 oct 2026,08:15:00,13:00:00,null,2844,0,0,1,0,4,-84.43,-77.12,Este," ",0,0,0,06:45:00,INT,4.75,00:00:00,00:00:00,4 oct 2026,J,INT
181,null,null,LIM,16 oct 2026,11:05:00,18 oct 2026,05:30:00,null,1,17 oct 2026,Oct-2026,2026Q3,LA,2483,ATL,LIM,ATLLIM,22:15:00,05:00:00,23:15:00,05:00:00,03:15:00,10:00:00,NO,763,OUT,TOUCH,01:00:00,FP,06:45:00,null,SI,NO,02:55:00,2,2,1,null,1,21:15:00,22:15:00,17 oct 2026,17 oct 2026,21:15:00,05:30:00,18 oct 2026,05:30:00,18 oct 2026,05:30:00,18 oct 2026,08:15:00,13:00:00,null,2844,0,0,1,0,4,-84.43,-77.12,Este," ",0,0,0,06:45:00,INT,4.75,00:00:00,00:00:00,18 oct 2026,J,INT
192,null,null,LIM,17 oct 2026,11:05:00,19 oct 2026,05:30:00,null,1,18 oct 2026,Oct-2026,2026Q3,LA,2483,ATL,LIM,ATLLIM,22:15:00,05:00:00,23:15:00,05:00:00,03:15:00,10:00:00,NO,763,OUT,TOUCH,01:00:00,FP,06:45:00,null,SI,NO,02:55:00,2,2,1,null,1,21:15:00,22:15:00,18 oct 2026,18 oct 2026,21:15:00,05:30:00,19 oct 2026,05:30:00,19 oct 2026,05:30:00,19 oct 2026,08:15:00,13:00:00,null,2844,0,0,1,0,4,-84.43,-77.12,Este," ",0,0,0,06:45:00,INT,4.75,00:00:00,00:00:00,19 oct 2026,J,INT
233,null,null,LIM,30 oct 2026,11:10:00,1 nov 2026,05:30:00,null,1,31 oct 2026,Oct-2026,2026Q3,LA,2483,ATL,LIM,ATLLIM,22:15:00,05:00:00,23:15:00,05:00:00,03:15:00,10:00:00,NO,763,OUT,TOUCH,01:00:00,FP,06:45:00,null,SI,NO,02:55:00,2,2,1,null,1,21:15:00,22:15:00,31 oct 2026,31 oct 2026,21:15:00,05:30:00,1 nov 2026,05:30:00,1 nov 2026,05:30:00,1 nov 2026,08:15:00,13:00:00,null,2844,1,1,0,0,0,-84.43,-77.12,Este,A,0,0,0,06:45:00,INT,4.722,00:00:00,00:00:00,1 nov 2026,J,INT
35,null,null,LIM,3 oct 2026,11:05:00,5 oct 2026,05:30:00,null,1,4 oct 2026,Oct-2026,2026Q3,LA,2483,ATL,LIM,ATLLIM,22:15:00,05:00:00,23:15:00,05:00:00,03:15:00,10:00:00,NO,763,OUT,TOUCH,01:00:00,FP,06:45:00,null,SI,NO,02:55:00,2,2,1,null,1,21:15:00,22:15:00,4 oct 2026,4 oct 2026,21:15:00,05:30:00,5 oct 2026,05:30:00,5 oct 2026,05:30:00,5 oct 2026,08:15:00,13:00:00,null,2844,1,1,0,0,0,-84.43,-77.12,Este,A,0,0,0,06:45:00,INT,4.75,00:00:00,00:00:00,5 oct 2026,J,INT
42,null,null,LIM,4 oct 2026,11:05:00,6 oct 2026,05:30:00,null,1,5 oct 2026,Oct-2026,2026Q3,LA,2483,ATL,LIM,ATLLIM,22:15:00,05:00:00,23:15:00,05:00:00,03:15:00,10:00:00,NO,763,OUT,TOUCH,01:00:00,FP,06:45:00,null,SI,NO,02:55:00,2,2,1,null,1,21:15:00,22:15:00,5 oct 2026,5 oct 2026,21:15:00,05:30:00,6 oct 2026,05:30:00,6 oct 2026,05:30:00,6 oct 2026,08:15:00,13:00:00,null,2844,1,1,0,0,0,-84.43,-77.12,Este,A,0,0,0,06:45:00,INT,4.75,00:00:00,00:00:00,6 oct 2026,J,INT
173,null,null,LIM,22 oct 2026,11:05:00,24 oct 2026,05:30:00,null,1,23 oct 2026,Oct-2026,2026Q3,LA,2483,ATL,LIM,ATLLIM,22:15:00,05:00:00,23:15:00,05:00:00,03:15:00,10:00:00,NO,763,OUT,TOUCH,01:00:00,FP,06:45:00,null,SI,NO,02:55:00,2,2,1,null,1,21:15:00,22:15:00,23 oct 2026,23 oct 2026,21:15:00,05:30:00,24 oct 2026,05:30:00,24 oct 2026,05:30:00,24 oct 2026,08:15:00,13:00:00,null,2844,1,1,0,0,0,-84.43,-77.12,Este,A,0,0,0,06:45:00,INT,4.75,00:00:00,00:00:00,24 oct 2026,J,INT
122,null,null,LIM,15 oct 2026,11:05:00,17 oct 2026,05:30:00,null,1,16 oct 2026,Oct-2026,2026Q3,LA,2483,ATL,LIM,ATLLIM,22:15:00,05:00:00,23:15:00,05:00:00,03:15:00,10:00:00,NO,763,OUT,TOUCH,01:00:00,FP,06:45:00,null,SI,NO,02:55:00,2,2,1,null,1,21:15:00,22:15:00,16 oct 2026,16 oct 2026,21:15:00,05:30:00,17 oct 2026,05:30:00,17 oct 2026,05:30:00,17 oct 2026,08:15:00,13:00:00,null,2844,1,1,0,0,0,-84.43,-77.12,Este,A,0,0,0,06:45:00,INT,4.75,00:00:00,00:00:00,17 oct 2026,J,INT
196,null,null,LIM,25 oct 2026,11:10:00,27 oct 2026,05:30:00,null,1,26 oct 2026,Oct-2026,2026Q3,LA,2483,ATL,LIM,ATLLIM,22:15:00,05:00:00,23:15:00,05:00:00,03:15:00,10:00:00,NO,763,OUT,TOUCH,01:00:00,FP,06:45:00,null,SI,NO,02:55:00,2,2,1,null,1,21:15:00,22:15:00,26 oct 2026,26 oct 2026,21:15:00,05:30:00,27 oct 2026,05:30:00,27 oct 2026,05:30:00,27 oct 2026,08:15:00,13:00:00,null,2844,1,1,0,0,0,-84.43,-77.12,Este,A,0,0,0,06:45:00,INT,4.722,00:00:00,00:00:00,27 oct 2026,J,INT
171,null,null,LIM,15 oct 2026,11:05:00,17 oct 2026,05:30:00,null,1,16 oct 2026,Oct-2026,2026Q3,LA,2483,ATL,LIM,ATLLIM,22:15:00,05:00:00,23:15:00,05:00:00,03:15:00,10:00:00,NO,763,OUT,TOUCH,01:00:00,FP,06:45:00,null,SI,NO,02:55:00,2,2,1,null,1,21:15:00,22:15:00,16 oct 2026,16 oct 2026,21:15:00,05:30:00,17 oct 2026,05:30:00,17 oct 2026,05:30:00,17 oct 2026,08:15:00,13:00:00,null,2844,0,0,1,0,4,-84.43,-77.12,Este," ",0,0,0,06:45:00,INT,4.75,00:00:00,00:00:00,17 oct 2026,J,INT
202,null,null,LIM,18 oct 2026,11:05:00,20 oct 2026,05:30:00,null,1,19 oct 2026,Oct-2026,2026Q3,LA,2483,ATL,LIM,ATLLIM,22:15:00,05:00:00,23:15:00,05:00:00,03:15:00,10:00:00,NO,763,OUT,TOUCH,01:00:00,FP,06:45:00,null,SI,NO,02:55:00,2,2,1,null,1,21:15:00,22:15:00,19 oct 2026,19 oct 2026,21:15:00,05:30:00,20 oct 2026,05:30:00,20 oct 2026,05:30:00,20 oct 2026,08:15:00,13:00:00,null,2844,0,0,1,0,4,-84.43,-77.12,Este," ",0,0,0,06:45:00,INT,4.75,00:00:00,00:00:00,20 oct 2026,J,INT
106,null,null,LIM,13 oct 2026,11:05:00,15 oct 2026,05:30:00,null,1,14 oct 2026,Oct-2026,2026Q3,LA,2483,ATL,LIM,ATLLIM,22:15:00,05:00:00,23:15:00,05:00:00,03:15:00,10:00:00,NO,763,OUT,TOUCH,01:00:00,FP,06:45:00,null,SI,NO,02:55:00,2,2,1,null,1,21:15:00,22:15:00,14 oct 2026,14 oct 2026,21:15:00,05:30:00,15 oct 2026,05:30:00,15 oct 2026,05:30:00,15 oct 2026,08:15:00,13:00:00,null,2844,1,1,0,0,0,-84.43,-77.12,Este,A,0,0,0,06:45:00,INT,4.75,00:00:00,00:00:00,15 oct 2026,J,INT
318,null,null,LIM,29 oct 2026,11:10:00,31 oct 2026,05:30:00,null,1,30 oct 2026,Oct-2026,2026Q3,LA,2483,ATL,LIM,ATLLIM,22:15:00,05:00:00,23:15:00,05:00:00,03:15:00,10:00:00,NO,763,OUT,TOUCH,01:00:00,FP,06:45:00,null,SI,NO,02:55:00,2,2,1,null,1,21:15:00,22:15:00,30 oct 2026,30 oct 2026,21:15:00,05:30:00,31 oct 2026,05:30:00,31 oct 2026,05:30:00,31 oct 2026,08:15:00,13:00:00,null,2844,0,0,1,0,4,-84.43,-77.12,Este," ",0,0,0,06:45:00,INT,4.722,00:00:00,00:00:00,31 oct 2026,J,INT
338,null,null,LIM,31 oct 2026,11:10:00,2 nov 2026,05:30:00,null,1,1 nov 2026,Nov-2026,2026Q3,LA,2483,ATL,LIM,ATLLIM,22:15:00,05:00:00,22:15:00,05:00:00,03:15:00,10:00:00,NO,763,OUT,TOUCH,01:00:00,FP,06:45:00,null,SI,NO,02:55:00,2,2,1,null,1,21:15:00,21:15:00,1 nov 2026,1 nov 2026,21:15:00,05:30:00,2 nov 2026,05:30:00,2 nov 2026,05:30:00,2 nov 2026,08:15:00,13:00:00,null,2844,0,0,1,0,4,-84.43,-77.12,Este," ",0,0,0,06:45:00,INT,4.722,00:00:00,00:00:00,2 nov 2026,J,INT
114,null,null,LIM,14 oct 2026,11:05:00,16 oct 2026,05:30:00,null,1,15 oct 2026,Oct-2026,2026Q3,LA,2483,ATL,LIM,ATLLIM,22:15:00,05:00:00,23:15:00,05:00:00,03:15:00,10:00:00,NO,763,OUT,TOUCH,01:00:00,FP,06:45:00,null,SI,NO,02:55:00,2,2,1,null,1,21:15:00,22:15:00,15 oct 2026,15 oct 2026,21:15:00,05:30:00,16 oct 2026,05:30:00,16 oct 2026,05:30:00,16 oct 2026,08:15:00,13:00:00,null,2844,1,1,0,0,0,-84.43,-77.12,Este,A,0,0,0,06:45:00,INT,4.75,00:00:00,00:00:00,16 oct 2026,J,INT
129,null,null,LIM,16 oct 2026,11:05:00,18 oct 2026,05:30:00,null,1,17 oct 2026,Oct-2026,2026Q3,LA,2483,ATL,LIM,ATLLIM,22:15:00,05:00:00,23:15:00,05:00:00,03:15:00,10:00:00,NO,763,OUT,TOUCH,01:00:00,FP,06:45:00,null,SI,NO,02:55:00,2,2,1,null,1,21:15:00,22:15:00,17 oct 2026,17 oct 2026,21:15:00,05:30:00,18 oct 2026,05:30:00,18 oct 2026,05:30:00,18 oct 2026,08:15:00,13:00:00,null,2844,1,1,0,0,0,-84.43,-77.12,Este,A,0,0,0,06:45:00,INT,4.75,00:00:00,00:00:00,18 oct 2026,J,INT
151,null,null,LIM,19 oct 2026,11:05:00,21 oct 2026,05:30:00,null,1,20 oct 2026,Oct-2026,2026Q3,LA,2483,ATL,LIM,ATLLIM,22:15:00,05:00:00,23:15:00,05:00:00,03:15:00,10:00:00,NO,763,OUT,TOUCH,01:00:00,FP,06:45:00,null,SI,NO,02:55:00,2,2,1,null,1,21:15:00,22:15:00,20 oct 2026,20 oct 2026,21:15:00,05:30:00,21 oct 2026,05:30:00,21 oct 2026,05:30:00,21 oct 2026,08:15:00,13:00:00,null,2844,1,1,0,0,0,-84.43,-77.12,Este,A,0,0,0,06:45:00,INT,4.75,00:00:00,00:00:00,21 oct 2026,J,INT
297,null,null,LIM,27 oct 2026,11:10:00,29 oct 2026,05:30:00,null,1,28 oct 2026,Oct-2026,2026Q3,LA,2483,ATL,LIM,ATLLIM,22:15:00,05:00:00,23:15:00,05:00:00,03:15:00,10:00:00,NO,763,OUT,TOUCH,01:00:00,FP,06:45:00,null,SI,NO,02:55:00,2,2,1,null,1,21:15:00,22:15:00,28 oct 2026,28 oct 2026,21:15:00,05:30:00,29 oct 2026,05:30:00,29 oct 2026,05:30:00,29 oct 2026,08:15:00,13:00:00,null,2844,0,0,1,0,4,-84.43,-77.12,Este," ",0,0,0,06:45:00,INT,4.722,00:00:00,00:00:00,29 oct 2026,J,INT
16,null,LA2482300926,LIM,30 sept 2026,11:05:00,2 oct 2026,05:30:00,null,1,1 oct 2026,Oct-2026,2026Q3,LA,2483,ATL,LIM,ATLLIM,22:15:00,05:00:00,23:15:00,05:00:00,03:15:00,10:00:00,NO,763,OUT,TOUCH,01:00:00,FP,06:45:00,null,SI,NO,02:55:00,2,2,1,null,1,21:15:00,22:15:00,1 oct 2026,1 oct 2026,21:15:00,05:30:00,2 oct 2026,05:30:00,2 oct 2026,05:30:00,2 oct 2026,08:15:00,13:00:00,null,2844,0,0,1,0,4,-84.43,-77.12,Este," ",0,0,0,06:45:00,INT,4.75,00:00:00,00:00:00,2 oct 2026,J,INT
212,null,null,LIM,27 oct 2026,11:10:00,29 oct 2026,05:30:00,null,1,28 oct 2026,Oct-2026,2026Q3,LA,2483,ATL,LIM,ATLLIM,22:15:00,05:00:00,23:15:00,05:00:00,03:15:00,10:00:00,NO,763,OUT,TOUCH,01:00:00,FP,06:45:00,null,SI,NO,02:55:00,2,2,1,null,1,21:15:00,22:15:00,28 oct 2026,28 oct 2026,21:15:00,05:30:00,29 oct 2026,05:30:00,29 oct 2026,05:30:00,29 oct 2026,08:15:00,13:00:00,null,2844,1,1,0,0,0,-84.43,-77.12,Este,A,0,0,0,06:45:00,INT,4.722,00:00:00,00:00:00,29 oct 2026,J,INT
120,null,null,LIM,10 oct 2026,11:05:00,12 oct 2026,05:30:00,null,1,11 oct 2026,Oct-2026,2026Q3,LA,2483,ATL,LIM,ATLLIM,22:15:00,05:00:00,23:15:00,05:00:00,03:15:00,10:00:00,NO,763,OUT,TOUCH,01:00:00,FP,06:45:00,null,SI,NO,02:55:00,2,2,1,null,1,21:15:00,22:15:00,11 oct 2026,11 oct 2026,21:15:00,05:30:00,12 oct 2026,05:30:00,12 oct 2026,05:30:00,12 oct 2026,08:15:00,13:00:00,null,2844,0,0,1,0,4,-84.43,-77.12,Este," ",0,0,0,06:45:00,INT,4.75,00:00:00,00:00:00,12 oct 2026,J,INT
7,null,LA2482290926,LIM,29 sept 2026,11:05:00,1 oct 2026,05:30:00,null,1,30 sept 2026,Sep-2026,2026Q3,LA,2483,ATL,LIM,ATLLIM,22:15:00,05:00:00,23:15:00,05:00:00,03:15:00,10:00:00,NO,763,OUT,TOUCH,01:00:00,FP,06:45:00,null,SI,NO,02:55:00,2,2,1,null,1,21:15:00,22:15:00,30 sept 2026,30 sept 2026,21:15:00,05:30:00,1 oct 2026,05:30:00,1 oct 2026,05:30:00,1 oct 2026,08:15:00,13:00:00,null,2844,0,0,1,0,4,-84.43,-77.12,Este," ",0,0,0,06:45:00,INT,4.75,00:00:00,00:00:00,1 oct 2026,J,INT
241,null,null,LIM,31 oct 2026,11:10:00,2 nov 2026,05:30:00,null,1,1 nov 2026,Nov-2026,2026Q3,LA,2483,ATL,LIM,ATLLIM,22:15:00,05:00:00,22:15:00,05:00:00,03:15:00,10:00:00,NO,763,OUT,TOUCH,01:00:00,FP,06:45:00,null,SI,NO,02:55:00,2,2,1,null,1,21:15:00,21:15:00,1 nov 2026,1 nov 2026,21:15:00,05:30:00,2 nov 2026,05:30:00,2 nov 2026,05:30:00,2 nov 2026,08:15:00,13:00:00,null,2844,1,1,0,0,0,-84.43,-77.12,Este,A,0,0,0,06:45:00,INT,4.722,00:00:00,00:00:00,2 nov 2026,J,INT
48,null,null,LIM,3 oct 2026,11:05:00,5 oct 2026,05:30:00,null,1,4 oct 2026,Oct-2026,2026Q3,LA,2483,ATL,LIM,ATLLIM,22:15:00,05:00:00,23:15:00,05:00:00,03:15:00,10:00:00,NO,763,OUT,TOUCH,01:00:00,FP,06:45:00,null,SI,NO,02:55:00,2,2,1,null,1,21:15:00,22:15:00,4 oct 2026,4 oct 2026,21:15:00,05:30:00,5 oct 2026,05:30:00,5 oct 2026,05:30:00,5 oct 2026,08:15:00,13:00:00,null,2844,0,0,1,0,4,-84.43,-77.12,Este," ",0,0,0,06:45:00,INT,4.75,00:00:00,00:00:00,5 oct 2026,J,INT
71,null,null,LIM,8 oct 2026,11:05:00,10 oct 2026,05:30:00,null,1,9 oct 2026,Oct-2026,2026Q3,LA,2483,ATL,LIM,ATLLIM,22:15:00,05:00:00,23:15:00,05:00:00,03:15:00,10:00:00,NO,763,OUT,TOUCH,01:00:00,FP,06:45:00,null,SI,NO,02:55:00,2,2,1,null,1,21:15:00,22:15:00,9 oct 2026,9 oct 2026,21:15:00,05:30:00,10 oct 2026,05:30:00,10 oct 2026,05:30:00,10 oct 2026,08:15:00,13:00:00,null,2844,1,1,0,0,0,-84.43,-77.12,Este,A,0,0,0,06:45:00,INT,4.75,00:00:00,00:00:00,10 oct 2026,J,INT
137,null,null,LIM,17 oct 2026,11:05:00,19 oct 2026,05:30:00,null,1,18 oct 2026,Oct-2026,2026Q3,LA,2483,ATL,LIM,ATLLIM,22:15:00,05:00:00,23:15:00,05:00:00,03:15:00,10:00:00,NO,763,OUT,TOUCH,01:00:00,FP,06:45:00,null,SI,NO,02:55:00,2,2,1,null,1,21:15:00,22:15:00,18 oct 2026,18 oct 2026,21:15:00,05:30:00,19 oct 2026,05:30:00,19 oct 2026,05:30:00,19 oct 2026,08:15:00,13:00:00,null,2844,1,1,0,0,0,-84.43,-77.12,Este,A,0,0,0,06:45:00,INT,4.75,00:00:00,00:00:00,19 oct 2026,J,INT
144,null,null,LIM,18 oct 2026,11:05:00,20 oct 2026,05:30:00,null,1,19 oct 2026,Oct-2026,2026Q3,LA,2483,ATL,LIM,ATLLIM,22:15:00,05:00:00,23:15:00,05:00:00,03:15:00,10:00:00,NO,763,OUT,TOUCH,01:00:00,FP,06:45:00,null,SI,NO,02:55:00,2,2,1,null,1,21:15:00,22:15:00,19 oct 2026,19 oct 2026,21:15:00,05:30:00,20 oct 2026,05:30:00,20 oct 2026,05:30:00,20 oct 2026,08:15:00,13:00:00,null,2844,1,1,0,0,0,-84.43,-77.12,Este,A,0,0,0,06:45:00,INT,4.75,00:00:00,00:00:00,20 oct 2026,J,INT
12,null,LA2482300926,LIM,30 sept 2026,11:05:00,2 oct 2026,05:30:00,null,1,1 oct 2026,Oct-2026,2026Q3,LA,2483,ATL,LIM,ATLLIM,22:15:00,05:00:00,23:15:00,05:00:00,03:15:00,10:00:00,NO,763,OUT,TOUCH,01:00:00,FP,06:45:00,null,SI,NO,02:55:00,2,2,1,null,1,21:15:00,22:15:00,1 oct 2026,1 oct 2026,21:15:00,05:30:00,2 oct 2026,05:30:00,2 oct 2026,05:30:00,2 oct 2026,08:15:00,13:00:00,null,2844,1,1,0,0,0,-84.43,-77.12,Este,A,0,0,0,06:45:00,INT,4.75,00:00:00,00:00:00,2 oct 2026,J,INT
166,null,null,LIM,21 oct 2026,11:05:00,23 oct 2026,05:30:00,null,1,22 oct 2026,Oct-2026,2026Q3,LA,2483,ATL,LIM,ATLLIM,22:15:00,05:00:00,23:15:00,05:00:00,03:15:00,10:00:00,NO,763,OUT,TOUCH,01:00:00,FP,06:45:00,null,SI,NO,02:55:00,2,2,1,null,1,21:15:00,22:15:00,22 oct 2026,22 oct 2026,21:15:00,05:30:00,23 oct 2026,05:30:00,23 oct 2026,05:30:00,23 oct 2026,08:15:00,13:00:00,null,2844,1,1,0,0,0,-84.43,-77.12,Este,A,0,0,0,06:45:00,INT,4.75,00:00:00,00:00:00,23 oct 2026,J,INT
205,null,null,LIM,26 oct 2026,11:10:00,28 oct 2026,05:30:00,null,1,27 oct 2026,Oct-2026,2026Q3,LA,2483,ATL,LIM,ATLLIM,22:15:00,05:00:00,23:15:00,05:00:00,03:15:00,10:00:00,NO,763,OUT,TOUCH,01:00:00,FP,06:45:00,null,SI,NO,02:55:00,2,2,1,null,1,21:15:00,22:15:00,27 oct 2026,27 oct 2026,21:15:00,05:30:00,28 oct 2026,05:30:00,28 oct 2026,05:30:00,28 oct 2026,08:15:00,13:00:00,null,2844,1,1,0,0,0,-84.43,-77.12,Este,A,0,0,0,06:45:00,INT,4.722,00:00:00,00:00:00,28 oct 2026,J,INT
253,null,null,LIM,23 oct 2026,11:05:00,25 oct 2026,05:30:00,null,1,24 oct 2026,Oct-2026,2026Q3,LA,2483,ATL,LIM,ATLLIM,22:15:00,05:00:00,23:15:00,05:00:00,03:15:00,10:00:00,NO,763,OUT,TOUCH,01:00:00,FP,06:45:00,null,SI,NO,02:55:00,2,2,1,null,1,21:15:00,22:15:00,24 oct 2026,24 oct 2026,21:15:00,05:30:00,25 oct 2026,05:30:00,25 oct 2026,05:30:00,25 oct 2026,08:15:00,13:00:00,null,2844,0,0,1,0,4,-84.43,-77.12,Este," ",0,0,0,06:45:00,INT,4.75,00:00:00,00:00:00,25 oct 2026,J,INT
227,null,null,LIM,29 oct 2026,11:10:00,31 oct 2026,05:30:00,null,1,30 oct 2026,Oct-2026,2026Q3,LA,2483,ATL,LIM,ATLLIM,22:15:00,05:00:00,23:15:00,05:00:00,03:15:00,10:00:00,NO,763,OUT,TOUCH,01:00:00,FP,06:45:00,null,SI,NO,02:55:00,2,2,1,null,1,21:15:00,22:15:00,30 oct 2026,30 oct 2026,21:15:00,05:30:00,31 oct 2026,05:30:00,31 oct 2026,05:30:00,31 oct 2026,08:15:00,13:00:00,null,2844,1,1,0,0,0,-84.43,-77.12,Este,A,0,0,0,06:45:00,INT,4.722,00:00:00,00:00:00,31 oct 2026,J,INT
68,null,null,LIM,5 oct 2026,11:05:00,7 oct 2026,05:30:00,null,1,6 oct 2026,Oct-2026,2026Q3,LA,2483,ATL,LIM,ATLLIM,22:15:00,05:00:00,23:15:00,05:00:00,03:15:00,10:00:00,NO,763,OUT,TOUCH,01:00:00,FP,06:45:00,null,SI,NO,02:55:00,2,2,1,null,1,21:15:00,22:15:00,6 oct 2026,6 oct 2026,21:15:00,05:30:00,7 oct 2026,05:30:00,7 oct 2026,05:30:00,7 oct 2026,08:15:00,13:00:00,null,2844,0,0,1,0,4,-84.43,-77.12,Este," ",0,0,0,06:45:00,INT,4.75,00:00:00,00:00:00,7 oct 2026,J,INT
130,null,null,LIM,11 oct 2026,11:05:00,13 oct 2026,05:30:00,null,1,12 oct 2026,Oct-2026,2026Q3,LA,2483,ATL,LIM,ATLLIM,22:15:00,05:00:00,23:15:00,05:00:00,03:15:00,10:00:00,NO,763,OUT,TOUCH,01:00:00,FP,06:45:00,null,SI,NO,02:55:00,2,2,1,null,1,21:15:00,22:15:00,12 oct 2026,12 oct 2026,21:15:00,05:30:00,13 oct 2026,05:30:00,13 oct 2026,05:30:00,13 oct 2026,08:15:00,13:00:00,null,2844,0,0,1,0,4,-84.43,-77.12,Este," ",0,0,0,06:45:00,INT,4.75,00:00:00,00:00:00,13 oct 2026,J,INT
109,null,null,LIM,9 oct 2026,11:05:00,11 oct 2026,05:30:00,null,1,10 oct 2026,Oct-2026,2026Q3,LA,2483,ATL,LIM,ATLLIM,22:15:00,05:00:00,23:15:00,05:00:00,03:15:00,10:00:00,NO,763,OUT,TOUCH,01:00:00,FP,06:45:00,null,SI,NO,02:55:00,2,2,1,null,1,21:15:00,22:15:00,10 oct 2026,10 oct 2026,21:15:00,05:30:00,11 oct 2026,05:30:00,11 oct 2026,05:30:00,11 oct 2026,08:15:00,13:00:00,null,2844,0,0,1,0,4,-84.43,-77.12,Este," ",0,0,0,06:45:00,INT,4.75,00:00:00,00:00:00,11 oct 2026,J,INT
78,null,null,LIM,9 oct 2026,11:05:00,11 oct 2026,05:30:00,null,1,10 oct 2026,Oct-2026,2026Q3,LA,2483,ATL,LIM,ATLLIM,22:15:00,05:00:00,23:15:00,05:00:00,03:15:00,10:00:00,NO,763,OUT,TOUCH,01:00:00,FP,06:45:00,null,SI,NO,02:55:00,2,2,1,null,1,21:15:00,22:15:00,10 oct 2026,10 oct 2026,21:15:00,05:30:00,11 oct 2026,05:30:00,11 oct 2026,05:30:00,11 oct 2026,08:15:00,13:00:00,null,2844,1,1,0,0,0,-84.43,-77.12,Este,A,0,0,0,06:45:00,INT,4.75,00:00:00,00:00:00,11 oct 2026,J,INT
327,null,null,LIM,30 oct 2026,11:10:00,1 nov 2026,05:30:00,null,1,31 oct 2026,Oct-2026,2026Q3,LA,2483,ATL,LIM,ATLLIM,22:15:00,05:00:00,23:15:00,05:00:00,03:15:00,10:00:00,NO,763,OUT,TOUCH,01:00:00,FP,06:45:00,null,SI,NO,02:55:00,2,2,1,null,1,21:15:00,22:15:00,31 oct 2026,31 oct 2026,21:15:00,05:30:00,1 nov 2026,05:30:00,1 nov 2026,05:30:00,1 nov 2026,08:15:00,13:00:00,null,2844,0,0,1,0,4,-84.43,-77.12,Este," ",0,0,0,06:45:00,INT,4.722,00:00:00,00:00:00,1 nov 2026,J,INT
275,null,null,LIM,25 oct 2026,11:10:00,27 oct 2026,05:30:00,null,1,26 oct 2026,Oct-2026,2026Q3,LA,2483,ATL,LIM,ATLLIM,22:15:00,05:00:00,23:15:00,05:00:00,03:15:00,10:00:00,NO,763,OUT,TOUCH,01:00:00,FP,06:45:00,null,SI,NO,02:55:00,2,2,1,null,1,21:15:00,22:15:00,26 oct 2026,26 oct 2026,21:15:00,05:30:00,27 oct 2026,05:30:00,27 oct 2026,05:30:00,27 oct 2026,08:15:00,13:00:00,null,2844,0,0,1,0,4,-84.43,-77.12,Este," ",0,0,0,06:45:00,INT,4.722,00:00:00,00:00:00,27 oct 2026,J,INT
149,null,null,LIM,13 oct 2026,11:05:00,15 oct 2026,05:30:00,null,1,14 oct 2026,Oct-2026,2026Q3,LA,2483,ATL,LIM,ATLLIM,22:15:00,05:00:00,23:15:00,05:00:00,03:15:00,10:00:00,NO,763,OUT,TOUCH,01:00:00,FP,06:45:00,null,SI,NO,02:55:00,2,2,1,null,1,21:15:00,22:15:00,14 oct 2026,14 oct 2026,21:15:00,05:30:00,15 oct 2026,05:30:00,15 oct 2026,05:30:00,15 oct 2026,08:15:00,13:00:00,null,2844,0,0,1,0,4,-84.43,-77.12,Este," ",0,0,0,06:45:00,INT,4.75,00:00:00,00:00:00,15 oct 2026,J,INT
265,null,null,LIM,24 oct 2026,11:05:00,26 oct 2026,05:30:00,null,1,25 oct 2026,Oct-2026,2026Q3,LA,2483,ATL,LIM,ATLLIM,22:15:00,05:00:00,23:15:00,05:00:00,03:15:00,10:00:00,NO,763,OUT,TOUCH,01:00:00,FP,06:45:00,null,SI,NO,02:55:00,2,2,1,null,1,21:15:00,22:15:00,25 oct 2026,25 oct 2026,21:15:00,05:30:00,26 oct 2026,05:30:00,26 oct 2026,05:30:00,26 oct 2026,08:15:00,13:00:00,null,2844,0,0,1,0,4,-84.43,-77.12,Este," ",0,0,0,06:45:00,INT,4.75,00:00:00,00:00:00,26 oct 2026,J,INT
287,null,null,LIM,26 oct 2026,11:10:00,28 oct 2026,05:30:00,null,1,27 oct 2026,Oct-2026,2026Q3,LA,2483,ATL,LIM,ATLLIM,22:15:00,05:00:00,23:15:00,05:00:00,03:15:00,10:00:00,NO,763,OUT,TOUCH,01:00:00,FP,06:45:00,null,SI,NO,02:55:00,2,2,1,null,1,21:15:00,22:15:00,27 oct 2026,27 oct 2026,21:15:00,05:30:00,28 oct 2026,05:30:00,28 oct 2026,05:30:00,28 oct 2026,08:15:00,13:00:00,null,2844,0,0,1,0,4,-84.43,-77.12,Este," ",0,0,0,06:45:00,INT,4.722,00:00:00,00:00:00,28 oct 2026,J,INT
140,null,null,LIM,12 oct 2026,11:05:00,14 oct 2026,05:30:00,null,1,13 oct 2026,Oct-2026,2026Q3,LA,2483,ATL,LIM,ATLLIM,22:15:00,05:00:00,23:15:00,05:00:00,03:15:00,10:00:00,NO,763,OUT,TOUCH,01:00:00,FP,06:45:00,null,SI,NO,02:55:00,2,2,1,null,1,21:15:00,22:15:00,13 oct 2026,13 oct 2026,21:15:00,05:30:00,14 oct 2026,05:30:00,14 oct 2026,05:30:00,14 oct 2026,08:15:00,13:00:00,null,2844,0,0,1,0,4,-84.43,-77.12,Este," ",0,0,0,06:45:00,INT,4.75,00:00:00,00:00:00,14 oct 2026,J,INT
159,null,null,LIM,20 oct 2026,11:05:00,22 oct 2026,05:30:00,null,1,21 oct 2026,Oct-2026,2026Q3,LA,2483,ATL,LIM,ATLLIM,22:15:00,05:00:00,23:15:00,05:00:00,03:15:00,10:00:00,NO,763,OUT,TOUCH,01:00:00,FP,06:45:00,null,SI,NO,02:55:00,2,2,1,null,1,21:15:00,22:15:00,21 oct 2026,21 oct 2026,21:15:00,05:30:00,22 oct 2026,05:30:00,22 oct 2026,05:30:00,22 oct 2026,08:15:00,13:00:00,null,2844,1,1,0,0,0,-84.43,-77.12,Este,A,0,0,0,06:45:00,INT,4.75,00:00:00,00:00:00,22 oct 2026,J,INT
2,null,LA2694280926,LIM,28 sept 2026,12:30:00,2 oct 2026,05:30:00,null,1,2 oct 2026,Oct-2026,2026Q3,LA,2699,MIA,LIM,MIALIM,23:15:00,05:00:00,00:15:00,05:00:00,04:15:00,10:00:00,NO,763,OUT,TOUCH,01:00:00,FP,05:45:00,null,SI,NO,02:55:00,2,4,1,null,1,22:15:00,23:15:00,1 oct 2026,1 oct 2026,22:15:00,05:30:00,2 oct 2026,05:30:00,2 oct 2026,05:30:00,2 oct 2026,07:15:00,13:00:00,null,2796,0,0,1,0,4,-80.28,-77.12,Este," ",0,0,0,05:45:00,INT,2.366,00:00:00,00:00:00,2 oct 2026,J,INT
278,4,null,LIM,25 oct 2026,22:10:00,28 oct 2026,07:05:00,1,null,25 oct 2026,Oct-2026,2026Q3,LA,2484,LIM,MAD,LIMMAD,23:10:00,10:35:00,23:10:00,16:35:00,04:10:00,15:35:00,NO,789,BASE,NO,01:00:00,FP,11:25:00,null,SI,NO,03:00:00,1,1,1,null,1,22:10:00,22:10:00,25 oct 2026,25 oct 2026,22:10:00,17:05:00,26 oct 2026,11:05:00,26 oct 2026,11:05:00,26 oct 2026,12:55:00,13:00:00,30:35:00,2763,0,0,1,0,8,-77.12,-3.57,Este," ",0,0,0,11:25:00,INT,5.833,00:00:00,00:00:00,26 oct 2026,J,INT
53,4,null,LIM,25 oct 2026,22:10:00,28 oct 2026,07:05:00,1,null,25 oct 2026,Oct-2026,2026Q3,LA,2484,LIM,MAD,LIMMAD,23:10:00,10:35:00,23:10:00,16:35:00,04:10:00,15:35:00,NO,789,BASE,NO,01:00:00,FP,11:25:00,null,SI,NO,03:00:00,1,1,1,null,1,22:10:00,22:10:00,25 oct 2026,25 oct 2026,22:10:00,17:05:00,26 oct 2026,11:05:00,26 oct 2026,11:05:00,26 oct 2026,12:55:00,13:00:00,30:35:00,2763,2,2,0,0,0,-77.12,-3.57,Este,C,0,0,0,11:25:00,INT,5.833,00:00:00,00:00:00,26 oct 2026,J,INT
329,4,null,LIM,30 oct 2026,22:10:00,2 nov 2026,07:05:00,1,null,30 oct 2026,Oct-2026,2026Q3,LA,2484,LIM,MAD,LIMMAD,23:10:00,10:35:00,23:10:00,16:35:00,04:10:00,15:35:00,NO,788,BASE,NO,01:00:00,FP,11:25:00,null,SI,SI,03:00:00,1,1,1,null,1,22:10:00,22:10:00,30 oct 2026,30 oct 2026,22:10:00,17:05:00,31 oct 2026,11:05:00,31 oct 2026,11:05:00,31 oct 2026,12:55:00,13:00:00,30:35:00,2763,0,0,1,0,8,-77.12,-3.57,Este," ",0,0,0,11:25:00,INT,5.833,00:00:00,00:00:00,31 oct 2026,J,INT
55,4,null,LIM,26 oct 2026,22:10:00,29 oct 2026,07:05:00,1,null,26 oct 2026,Oct-2026,2026Q3,LA,2484,LIM,MAD,LIMMAD,23:10:00,10:35:00,23:10:00,16:35:00,04:10:00,15:35:00,NO,789,BASE,NO,01:00:00,FP,11:25:00,null,SI,NO,03:00:00,1,1,1,null,1,22:10:00,22:10:00,26 oct 2026,26 oct 2026,22:10:00,17:05:00,27 oct 2026,11:05:00,27 oct 2026,11:05:00,27 oct 2026,12:55:00,13:00:00,30:35:00,2763,2,2,0,0,0,-77.12,-3.57,Este,C,0,0,0,11:25:00,INT,5.833,00:00:00,00:00:00,27 oct 2026,J,INT
65,4,null,LIM,31 oct 2026,22:10:00,3 nov 2026,07:05:00,1,null,31 oct 2026,Oct-2026,2026Q3,LA,2484,LIM,MAD,LIMMAD,23:10:00,10:35:00,23:10:00,16:35:00,04:10:00,15:35:00,NO,789,BASE,NO,01:00:00,FP,11:25:00,null,SI,SI,03:00:00,1,1,1,null,1,22:10:00,22:10:00,31 oct 2026,31 oct 2026,22:10:00,17:05:00,1 nov 2026,11:05:00,1 nov 2026,11:05:00,1 nov 2026,12:55:00,13:00:00,30:35:00,2763,2,2,0,0,0,-77.12,-3.57,Este,C,0,0,0,11:25:00,INT,5.833,00:00:00,00:00:00,1 nov 2026,J,INT
51,4,null,LIM,24 oct 2026,22:10:00,27 oct 2026,07:05:00,1,null,24 oct 2026,Oct-2026,2026Q3,LA,2484,LIM,MAD,LIMMAD,23:10:00,10:35:00,23:10:00,16:35:00,04:10:00,15:35:00,NO,789,BASE,NO,01:00:00,FP,11:25:00,null,SI,NO,03:00:00,1,1,1,null,1,22:10:00,22:10:00,24 oct 2026,24 oct 2026,22:10:00,17:05:00,25 oct 2026,11:05:00,25 oct 2026,11:05:00,25 oct 2026,12:55:00,13:00:00,30:35:00,2763,2,2,0,0,0,-77.12,-3.57,Este,C,0,0,0,11:25:00,INT,5.833,00:00:00,00:00:00,25 oct 2026,J,INT
319,4,null,LIM,29 oct 2026,22:10:00,1 nov 2026,07:05:00,1,null,29 oct 2026,Oct-2026,2026Q3,LA,2484,LIM,MAD,LIMMAD,23:10:00,10:35:00,23:10:00,16:35:00,04:10:00,15:35:00,NO,789,BASE,NO,01:00:00,FP,11:25:00,null,SI,SI,03:00:00,1,1,1,null,1,22:10:00,22:10:00,29 oct 2026,29 oct 2026,22:10:00,17:05:00,30 oct 2026,11:05:00,30 oct 2026,11:05:00,30 oct 2026,12:55:00,13:00:00,30:35:00,2763,0,0,1,0,8,-77.12,-3.57,Este," ",0,0,0,11:25:00,INT,5.833,00:00:00,00:00:00,30 oct 2026,J,INT
61,4,null,LIM,29 oct 2026,22:10:00,1 nov 2026,07:05:00,1,null,29 oct 2026,Oct-2026,2026Q3,LA,2484,LIM,MAD,LIMMAD,23:10:00,10:35:00,23:10:00,16:35:00,04:10:00,15:35:00,NO,789,BASE,NO,01:00:00,FP,11:25:00,null,SI,SI,03:00:00,1,1,1,null,1,22:10:00,22:10:00,29 oct 2026,29 oct 2026,22:10:00,17:05:00,30 oct 2026,11:05:00,30 oct 2026,11:05:00,30 oct 2026,12:55:00,13:00:00,30:35:00,2763,2,2,0,0,0,-77.12,-3.57,Este,C,0,0,0,11:25:00,INT,5.833,00:00:00,00:00:00,30 oct 2026,J,INT
63,4,null,LIM,30 oct 2026,22:10:00,2 nov 2026,07:05:00,1,null,30 oct 2026,Oct-2026,2026Q3,LA,2484,LIM,MAD,LIMMAD,23:10:00,10:35:00,23:10:00,16:35:00,04:10:00,15:35:00,NO,788,BASE,NO,01:00:00,FP,11:25:00,null,SI,SI,03:00:00,1,1,1,null,1,22:10:00,22:10:00,30 oct 2026,30 oct 2026,22:10:00,17:05:00,31 oct 2026,11:05:00,31 oct 2026,11:05:00,31 oct 2026,12:55:00,13:00:00,30:35:00,2763,2,2,0,0,0,-77.12,-3.57,Este,C,0,0,0,11:25:00,INT,5.833,00:00:00,00:00:00,31 oct 2026,J,INT
299,4,null,LIM,27 oct 2026,22:10:00,30 oct 2026,07:05:00,1,null,27 oct 2026,Oct-2026,2026Q3,LA,2484,LIM,MAD,LIMMAD,23:10:00,10:35:00,23:10:00,16:35:00,04:10:00,15:35:00,NO,789,BASE,NO,01:00:00,FP,11:25:00,null,SI,SI,03:00:00,1,1,1,null,1,22:10:00,22:10:00,27 oct 2026,27 oct 2026,22:10:00,17:05:00,28 oct 2026,11:05:00,28 oct 2026,11:05:00,28 oct 2026,12:55:00,13:00:00,30:35:00,2763,0,0,1,0,8,-77.12,-3.57,Este," ",0,0,0,11:25:00,INT,5.833,00:00:00,00:00:00,28 oct 2026,J,INT
340,4,null,LIM,31 oct 2026,22:10:00,3 nov 2026,07:05:00,1,null,31 oct 2026,Oct-2026,2026Q3,LA,2484,LIM,MAD,LIMMAD,23:10:00,10:35:00,23:10:00,16:35:00,04:10:00,15:35:00,NO,789,BASE,NO,01:00:00,FP,11:25:00,null,SI,SI,03:00:00,1,1,1,null,1,22:10:00,22:10:00,31 oct 2026,31 oct 2026,22:10:00,17:05:00,1 nov 2026,11:05:00,1 nov 2026,11:05:00,1 nov 2026,12:55:00,13:00:00,30:35:00,2763,0,0,1,0,8,-77.12,-3.57,Este," ",0,0,0,11:25:00,INT,5.833,00:00:00,00:00:00,1 nov 2026,J,INT
289,4,null,LIM,26 oct 2026,22:10:00,29 oct 2026,07:05:00,1,null,26 oct 2026,Oct-2026,2026Q3,LA,2484,LIM,MAD,LIMMAD,23:10:00,10:35:00,23:10:00,16:35:00,04:10:00,15:35:00,NO,789,BASE,NO,01:00:00,FP,11:25:00,null,SI,NO,03:00:00,1,1,1,null,1,22:10:00,22:10:00,26 oct 2026,26 oct 2026,22:10:00,17:05:00,27 oct 2026,11:05:00,27 oct 2026,11:05:00,27 oct 2026,12:55:00,13:00:00,30:35:00,2763,0,0,1,0,8,-77.12,-3.57,Este," ",0,0,0,11:25:00,INT,5.833,00:00:00,00:00:00,27 oct 2026,J,INT
309,4,null,LIM,28 oct 2026,22:10:00,31 oct 2026,07:05:00,1,null,28 oct 2026,Oct-2026,2026Q3,LA,2484,LIM,MAD,LIMMAD,23:10:00,10:35:00,23:10:00,16:35:00,04:10:00,15:35:00,NO,788,BASE,NO,01:00:00,FP,11:25:00,null,SI,SI,03:00:00,1,1,1,null,1,22:10:00,22:10:00,28 oct 2026,28 oct 2026,22:10:00,17:05:00,29 oct 2026,11:05:00,29 oct 2026,11:05:00,29 oct 2026,12:55:00,13:00:00,30:35:00,2763,0,0,1,0,8,-77.12,-3.57,Este," ",0,0,0,11:25:00,INT,5.833,00:00:00,00:00:00,29 oct 2026,J,INT
59,4,null,LIM,28 oct 2026,22:10:00,31 oct 2026,07:05:00,1,null,28 oct 2026,Oct-2026,2026Q3,LA,2484,LIM,MAD,LIMMAD,23:10:00,10:35:00,23:10:00,16:35:00,04:10:00,15:35:00,NO,788,BASE,NO,01:00:00,FP,11:25:00,null,SI,SI,03:00:00,1,1,1,null,1,22:10:00,22:10:00,28 oct 2026,28 oct 2026,22:10:00,17:05:00,29 oct 2026,11:05:00,29 oct 2026,11:05:00,29 oct 2026,12:55:00,13:00:00,30:35:00,2763,2,2,0,0,0,-77.12,-3.57,Este,C,0,0,0,11:25:00,INT,5.833,00:00:00,00:00:00,29 oct 2026,J,INT
267,4,null,LIM,24 oct 2026,22:10:00,27 oct 2026,07:05:00,1,null,24 oct 2026,Oct-2026,2026Q3,LA,2484,LIM,MAD,LIMMAD,23:10:00,10:35:00,23:10:00,16:35:00,04:10:00,15:35:00,NO,789,BASE,NO,01:00:00,FP,11:25:00,null,SI,NO,03:00:00,1,1,1,null,1,22:10:00,22:10:00,24 oct 2026,24 oct 2026,22:10:00,17:05:00,25 oct 2026,11:05:00,25 oct 2026,11:05:00,25 oct 2026,12:55:00,13:00:00,30:35:00,2763,0,0,1,0,8,-77.12,-3.57,Este," ",0,0,0,11:25:00,INT,5.833,00:00:00,00:00:00,25 oct 2026,J,INT
57,4,null,LIM,27 oct 2026,22:10:00,30 oct 2026,07:05:00,1,null,27 oct 2026,Oct-2026,2026Q3,LA,2484,LIM,MAD,LIMMAD,23:10:00,10:35:00,23:10:00,16:35:00,04:10:00,15:35:00,NO,789,BASE,NO,01:00:00,FP,11:25:00,null,SI,SI,03:00:00,1,1,1,null,1,22:10:00,22:10:00,27 oct 2026,27 oct 2026,22:10:00,17:05:00,28 oct 2026,11:05:00,28 oct 2026,11:05:00,28 oct 2026,12:55:00,13:00:00,30:35:00,2763,2,2,0,0,0,-77.12,-3.57,Este,C,0,0,0,11:25:00,INT,5.833,00:00:00,00:00:00,28 oct 2026,J,INT
244,null,null,LIM,22 oct 2026,12:30:00,25 oct 2026,04:30:00,null,1,24 oct 2026,Oct-2026,2026Q3,LA,2379,MIA,LIM,MIALIM,22:15:00,04:00:00,23:15:00,04:00:00,03:15:00,09:00:00,NO,763,OUT,TOUCH,01:00:00,FP,05:45:00,null,SI,NO,02:55:00,2,3,1,null,1,21:15:00,22:15:00,24 oct 2026,24 oct 2026,21:15:00,04:30:00,25 oct 2026,04:30:00,25 oct 2026,04:30:00,25 oct 2026,07:15:00,13:00:00,null,2748,0,0,1,0,4,-80.28,-77.12,Este," ",0,0,0,05:45:00,INT,2.916,00:00:00,00:00:00,25 oct 2026,J,INT
174,null,null,LIM,22 oct 2026,12:30:00,25 oct 2026,04:30:00,null,1,24 oct 2026,Oct-2026,2026Q3,LA,2379,MIA,LIM,MIALIM,22:15:00,04:00:00,23:15:00,04:00:00,03:15:00,09:00:00,NO,763,OUT,TOUCH,01:00:00,FP,05:45:00,null,SI,NO,02:55:00,2,3,1,null,1,21:15:00,22:15:00,24 oct 2026,24 oct 2026,21:15:00,04:30:00,25 oct 2026,04:30:00,25 oct 2026,04:30:00,25 oct 2026,07:15:00,13:00:00,null,2748,1,1,0,0,0,-80.28,-77.12,Este,A,0,0,0,05:45:00,INT,2.916,00:00:00,00:00:00,25 oct 2026,J,INT
108,null,null,LIM,13 oct 2026,18:55:00,14 oct 2026,23:00:00,null,1,14 oct 2026,Oct-2026,2026Q3,LA,2425,GRU,LIM,GRULIM,17:10:00,22:30:00,19:10:00,22:30:00,22:10:00,03:30:00,NO,763,OUT,TOUCH,01:00:00,FP,05:20:00,null,SI,NO,03:00:00,2,2,1,null,1,16:10:00,18:10:00,14 oct 2026,14 oct 2026,16:10:00,23:00:00,14 oct 2026,23:00:00,14 oct 2026,23:00:00,14 oct 2026,06:50:00,13:00:00,null,2719,1,1,0,0,0,-46.47,-77.12,Oeste,A,0,0,0,05:20:00,INT,2.666,00:00:00,00:00:00,14 oct 2026,J,REG
151,null,null,LIM,13 oct 2026,18:55:00,14 oct 2026,23:00:00,null,1,14 oct 2026,Oct-2026,2026Q3,LA,2425,GRU,LIM,GRULIM,17:10:00,22:30:00,19:10:00,22:30:00,22:10:00,03:30:00,NO,763,OUT,TOUCH,01:00:00,FP,05:20:00,null,SI,NO,03:00:00,2,2,1,null,1,16:10:00,18:10:00,14 oct 2026,14 oct 2026,16:10:00,23:00:00,14 oct 2026,23:00:00,14 oct 2026,23:00:00,14 oct 2026,06:50:00,13:00:00,null,2719,0,0,1,0,4,-46.47,-77.12,Oeste," ",0,0,0,05:20:00,INT,2.666,00:00:00,00:00:00,14 oct 2026,J,REG
70,3,null,LIM,5 oct 2026,22:00:00,7 oct 2026,23:15:00,1,null,5 oct 2026,Oct-2026,2026Q3,LA,2484,LIM,MAD,LIMMAD,23:00:00,10:20:00,23:00:00,17:20:00,04:00:00,15:20:00,PAX,789,BASE,NO,01:00:00,FP,00:00:00,null,SI,SI,03:00:00,1,1,1,null,1,22:00:00,22:00:00,5 oct 2026,5 oct 2026,22:00:00,17:50:00,6 oct 2026,10:50:00,6 oct 2026,10:50:00,6 oct 2026,12:50:00,13:00:00,22:45:00,2718,0,0,1,0,6,-77.12,-3.57,Este," ",0,0,0,00:00:00,INT,4.055,00:00:00,00:00:00,6 oct 2026,J,INT
111,3,null,LIM,9 oct 2026,22:00:00,11 oct 2026,23:15:00,1,null,9 oct 2026,Oct-2026,2026Q3,LA,2484,LIM,MAD,LIMMAD,23:00:00,10:20:00,23:00:00,17:20:00,04:00:00,15:20:00,PAX,788,BASE,NO,01:00:00,FP,00:00:00,null,SI,SI,03:00:00,1,1,1,null,1,22:00:00,22:00:00,9 oct 2026,9 oct 2026,22:00:00,17:50:00,10 oct 2026,10:50:00,10 oct 2026,10:50:00,10 oct 2026,12:50:00,13:00:00,22:45:00,2718,0,0,1,0,6,-77.12,-3.57,Este," ",0,0,0,00:00:00,INT,4.055,00:00:00,00:00:00,10 oct 2026,J,INT
123,3,null,LIM,10 oct 2026,22:00:00,12 oct 2026,23:15:00,1,null,10 oct 2026,Oct-2026,2026Q3,LA,2484,LIM,MAD,LIMMAD,23:00:00,10:20:00,23:00:00,17:20:00,04:00:00,15:20:00,PAX,789,BASE,NO,01:00:00,FP,00:00:00,null,SI,SI,03:00:00,1,1,1,null,1,22:00:00,22:00:00,10 oct 2026,10 oct 2026,22:00:00,17:50:00,11 oct 2026,10:50:00,11 oct 2026,10:50:00,11 oct 2026,12:50:00,13:00:00,22:45:00,2718,0,0,1,0,6,-77.12,-3.57,Este," ",0,0,0,00:00:00,INT,4.055,00:00:00,00:00:00,11 oct 2026,J,INT
131,3,null,LIM,16 oct 2026,22:00:00,18 oct 2026,23:15:00,1,null,16 oct 2026,Oct-2026,2026Q3,LA,2484,LIM,MAD,LIMMAD,23:00:00,10:20:00,23:00:00,17:20:00,04:00:00,15:20:00,PAX,789,BASE,NO,01:00:00,FP,00:00:00,null,SI,SI,03:00:00,1,1,1,null,1,22:00:00,22:00:00,16 oct 2026,16 oct 2026,22:00:00,17:50:00,17 oct 2026,10:50:00,17 oct 2026,10:50:00,17 oct 2026,12:50:00,13:00:00,22:45:00,2718,2,2,0,0,0,-77.12,-3.57,Este," ",0,0,0,00:00:00,INT,4.055,00:00:00,00:00:00,17 oct 2026,J,INT
51,3,null,LIM,5 oct 2026,22:00:00,7 oct 2026,23:15:00,1,null,5 oct 2026,Oct-2026,2026Q3,LA,2484,LIM,MAD,LIMMAD,23:00:00,10:20:00,23:00:00,17:20:00,04:00:00,15:20:00,PAX,789,BASE,NO,01:00:00,FP,00:00:00,null,SI,SI,03:00:00,1,1,1,null,1,22:00:00,22:00:00,5 oct 2026,5 oct 2026,22:00:00,17:50:00,6 oct 2026,10:50:00,6 oct 2026,10:50:00,6 oct 2026,12:50:00,13:00:00,22:45:00,2718,2,2,0,0,0,-77.12,-3.57,Este," ",0,0,0,00:00:00,INT,4.055,00:00:00,00:00:00,6 oct 2026,J,INT
80,3,null,LIM,9 oct 2026,22:00:00,11 oct 2026,23:15:00,1,null,9 oct 2026,Oct-2026,2026Q3,LA,2484,LIM,MAD,LIMMAD,23:00:00,10:20:00,23:00:00,17:20:00,04:00:00,15:20:00,PAX,788,BASE,NO,01:00:00,FP,00:00:00,null,SI,SI,03:00:00,1,1,1,null,1,22:00:00,22:00:00,9 oct 2026,9 oct 2026,22:00:00,17:50:00,10 oct 2026,10:50:00,10 oct 2026,10:50:00,10 oct 2026,12:50:00,13:00:00,22:45:00,2718,2,2,0,0,0,-77.12,-3.57,Este," ",0,0,0,00:00:00,INT,4.055,00:00:00,00:00:00,10 oct 2026,J,INT
183,3,null,LIM,16 oct 2026,22:00:00,18 oct 2026,23:15:00,1,null,16 oct 2026,Oct-2026,2026Q3,LA,2484,LIM,MAD,LIMMAD,23:00:00,10:20:00,23:00:00,17:20:00,04:00:00,15:20:00,PAX,789,BASE,NO,01:00:00,FP,00:00:00,null,SI,SI,03:00:00,1,1,1,null,1,22:00:00,22:00:00,16 oct 2026,16 oct 2026,22:00:00,17:50:00,17 oct 2026,10:50:00,17 oct 2026,10:50:00,17 oct 2026,12:50:00,13:00:00,22:45:00,2718,0,0,1,0,6,-77.12,-3.57,Este," ",0,0,0,00:00:00,INT,4.055,00:00:00,00:00:00,17 oct 2026,J,INT
89,3,null,LIM,10 oct 2026,22:00:00,12 oct 2026,23:15:00,1,null,10 oct 2026,Oct-2026,2026Q3,LA,2484,LIM,MAD,LIMMAD,23:00:00,10:20:00,23:00:00,17:20:00,04:00:00,15:20:00,PAX,789,BASE,NO,01:00:00,FP,00:00:00,null,SI,SI,03:00:00,1,1,1,null,1,22:00:00,22:00:00,10 oct 2026,10 oct 2026,22:00:00,17:50:00,11 oct 2026,10:50:00,11 oct 2026,10:50:00,11 oct 2026,12:50:00,13:00:00,22:45:00,2718,2,2,0,0,0,-77.12,-3.57,Este," ",0,0,0,00:00:00,INT,4.055,00:00:00,00:00:00,11 oct 2026,J,INT
267,null,null,LIM,24 oct 2026,22:10:00,27 oct 2026,07:05:00,null,1,27 oct 2026,Oct-2026,2026Q3,LA,2485,MAD,LIM,MADLIM,18:40:00,06:35:00,00:40:00,06:35:00,23:40:00,11:35:00,NO,789,OUT,TOUCH,01:00:00,FP,11:55:00,null,SI,NO,02:55:00,2,3,1,null,1,17:40:00,23:40:00,26 oct 2026,26 oct 2026,17:40:00,07:05:00,27 oct 2026,07:05:00,27 oct 2026,07:05:00,27 oct 2026,13:25:00,13:00:00,null,2704,0,0,1,0,8,-3.57,-77.12,Oeste," ",0,0,0,11:55:00,INT,5.833,00:00:00,00:00:00,26 oct 2026,J,INT
59,null,null,LIM,28 oct 2026,22:10:00,31 oct 2026,07:05:00,null,1,31 oct 2026,Oct-2026,2026Q3,LA,2485,MAD,LIM,MADLIM,18:40:00,06:35:00,00:40:00,06:35:00,23:40:00,11:35:00,NO,789,OUT,TOUCH,01:00:00,FP,11:55:00,null,SI,NO,02:55:00,2,3,1,null,1,17:40:00,23:40:00,30 oct 2026,30 oct 2026,17:40:00,07:05:00,31 oct 2026,07:05:00,31 oct 2026,07:05:00,31 oct 2026,13:25:00,13:00:00,null,2704,2,2,0,0,0,-3.57,-77.12,Oeste,C,0,0,0,11:55:00,INT,5.833,00:00:00,00:00:00,30 oct 2026,J,INT
340,null,null,LIM,31 oct 2026,22:10:00,3 nov 2026,07:05:00,null,1,3 nov 2026,Nov-2026,2026Q3,LA,2485,MAD,LIM,MADLIM,18:40:00,06:35:00,00:40:00,06:35:00,23:40:00,11:35:00,NO,788,OUT,TOUCH,01:00:00,FP,11:55:00,null,SI,NO,02:55:00,2,3,1,null,1,17:40:00,23:40:00,2 nov 2026,2 nov 2026,17:40:00,07:05:00,3 nov 2026,07:05:00,3 nov 2026,07:05:00,3 nov 2026,13:25:00,13:00:00,null,2704,0,0,1,0,8,-3.57,-77.12,Oeste," ",0,0,0,11:55:00,INT,5.833,00:00:00,00:00:00,2 nov 2026,J,INT
289,null,null,LIM,26 oct 2026,22:10:00,29 oct 2026,07:05:00,null,1,29 oct 2026,Oct-2026,2026Q3,LA,2485,MAD,LIM,MADLIM,18:40:00,06:35:00,00:40:00,06:35:00,23:40:00,11:35:00,NO,789,OUT,TOUCH,01:00:00,FP,11:55:00,null,SI,NO,02:55:00,2,3,1,null,1,17:40:00,23:40:00,28 oct 2026,28 oct 2026,17:40:00,07:05:00,29 oct 2026,07:05:00,29 oct 2026,07:05:00,29 oct 2026,13:25:00,13:00:00,null,2704,0,0,1,0,8,-3.57,-77.12,Oeste," ",0,0,0,11:55:00,INT,5.833,00:00:00,00:00:00,28 oct 2026,J,INT
278,null,null,LIM,25 oct 2026,22:10:00,28 oct 2026,07:05:00,null,1,28 oct 2026,Oct-2026,2026Q3,LA,2485,MAD,LIM,MADLIM,18:40:00,06:35:00,00:40:00,06:35:00,23:40:00,11:35:00,NO,789,OUT,TOUCH,01:00:00,FP,11:55:00,null,SI,NO,02:55:00,2,3,1,null,1,17:40:00,23:40:00,27 oct 2026,27 oct 2026,17:40:00,07:05:00,28 oct 2026,07:05:00,28 oct 2026,07:05:00,28 oct 2026,13:25:00,13:00:00,null,2704,0,0,1,0,8,-3.57,-77.12,Oeste," ",0,0,0,11:55:00,INT,5.833,00:00:00,00:00:00,27 oct 2026,J,INT
53,null,null,LIM,25 oct 2026,22:10:00,28 oct 2026,07:05:00,null,1,28 oct 2026,Oct-2026,2026Q3,LA,2485,MAD,LIM,MADLIM,18:40:00,06:35:00,00:40:00,06:35:00,23:40:00,11:35:00,NO,789,OUT,TOUCH,01:00:00,FP,11:55:00,null,SI,NO,02:55:00,2,3,1,null,1,17:40:00,23:40:00,27 oct 2026,27 oct 2026,17:40:00,07:05:00,28 oct 2026,07:05:00,28 oct 2026,07:05:00,28 oct 2026,13:25:00,13:00:00,null,2704,2,2,0,0,0,-3.57,-77.12,Oeste,C,0,0,0,11:55:00,INT,5.833,00:00:00,00:00:00,27 oct 2026,J,INT
309,null,null,LIM,28 oct 2026,22:10:00,31 oct 2026,07:05:00,null,1,31 oct 2026,Oct-2026,2026Q3,LA,2485,MAD,LIM,MADLIM,18:40:00,06:35:00,00:40:00,06:35:00,23:40:00,11:35:00,NO,789,OUT,TOUCH,01:00:00,FP,11:55:00,null,SI,NO,02:55:00,2,3,1,null,1,17:40:00,23:40:00,30 oct 2026,30 oct 2026,17:40:00,07:05:00,31 oct 2026,07:05:00,31 oct 2026,07:05:00,31 oct 2026,13:25:00,13:00:00,null,2704,0,0,1,0,8,-3.57,-77.12,Oeste," ",0,0,0,11:55:00,INT,5.833,00:00:00,00:00:00,30 oct 2026,J,INT
65,null,null,LIM,31 oct 2026,22:10:00,3 nov 2026,07:05:00,null,1,3 nov 2026,Nov-2026,2026Q3,LA,2485,MAD,LIM,MADLIM,18:40:00,06:35:00,00:40:00,06:35:00,23:40:00,11:35:00,NO,788,OUT,TOUCH,01:00:00,FP,11:55:00,null,SI,NO,02:55:00,2,3,1,null,1,17:40:00,23:40:00,2 nov 2026,2 nov 2026,17:40:00,07:05:00,3 nov 2026,07:05:00,3 nov 2026,07:05:00,3 nov 2026,13:25:00,13:00:00,null,2704,2,2,0,0,0,-3.57,-77.12,Oeste,C,0,0,0,11:55:00,INT,5.833,00:00:00,00:00:00,2 nov 2026,J,INT
57,null,null,LIM,27 oct 2026,22:10:00,30 oct 2026,07:05:00,null,1,30 oct 2026,Oct-2026,2026Q3,LA,2485,MAD,LIM,MADLIM,18:40:00,06:35:00,00:40:00,06:35:00,23:40:00,11:35:00,NO,788,OUT,TOUCH,01:00:00,FP,11:55:00,null,SI,NO,02:55:00,2,3,1,null,1,17:40:00,23:40:00,29 oct 2026,29 oct 2026,17:40:00,07:05:00,30 oct 2026,07:05:00,30 oct 2026,07:05:00,30 oct 2026,13:25:00,13:00:00,null,2704,2,2,0,0,0,-3.57,-77.12,Oeste,C,0,0,0,11:55:00,INT,5.833,00:00:00,00:00:00,29 oct 2026,J,INT
51,null,null,LIM,24 oct 2026,22:10:00,27 oct 2026,07:05:00,null,1,27 oct 2026,Oct-2026,2026Q3,LA,2485,MAD,LIM,MADLIM,18:40:00,06:35:00,00:40:00,06:35:00,23:40:00,11:35:00,NO,789,OUT,TOUCH,01:00:00,FP,11:55:00,null,SI,NO,02:55:00,2,3,1,null,1,17:40:00,23:40:00,26 oct 2026,26 oct 2026,17:40:00,07:05:00,27 oct 2026,07:05:00,27 oct 2026,07:05:00,27 oct 2026,13:25:00,13:00:00,null,2704,2,2,0,0,0,-3.57,-77.12,Oeste,C,0,0,0,11:55:00,INT,5.833,00:00:00,00:00:00,26 oct 2026,J,INT
61,null,null,LIM,29 oct 2026,22:10:00,1 nov 2026,07:05:00,null,1,1 nov 2026,Oct-2026,2026Q3,LA,2485,MAD,LIM,MADLIM,18:40:00,06:35:00,00:40:00,06:35:00,23:40:00,11:35:00,NO,788,OUT,TOUCH,01:00:00,FP,11:55:00,null,SI,NO,02:55:00,2,3,1,null,1,17:40:00,23:40:00,31 oct 2026,31 oct 2026,17:40:00,07:05:00,1 nov 2026,07:05:00,1 nov 2026,07:05:00,1 nov 2026,13:25:00,13:00:00,null,2704,2,2,0,0,0,-3.57,-77.12,Oeste,C,0,0,0,11:55:00,INT,5.833,00:00:00,00:00:00,31 oct 2026,J,INT
55,null,null,LIM,26 oct 2026,22:10:00,29 oct 2026,07:05:00,null,1,29 oct 2026,Oct-2026,2026Q3,LA,2485,MAD,LIM,MADLIM,18:40:00,06:35:00,00:40:00,06:35:00,23:40:00,11:35:00,NO,789,OUT,TOUCH,01:00:00,FP,11:55:00,null,SI,NO,02:55:00,2,3,1,null,1,17:40:00,23:40:00,28 oct 2026,28 oct 2026,17:40:00,07:05:00,29 oct 2026,07:05:00,29 oct 2026,07:05:00,29 oct 2026,13:25:00,13:00:00,null,2704,2,2,0,0,0,-3.57,-77.12,Oeste,C,0,0,0,11:55:00,INT,5.833,00:00:00,00:00:00,28 oct 2026,J,INT
319,null,null,LIM,29 oct 2026,22:10:00,1 nov 2026,07:05:00,null,1,1 nov 2026,Oct-2026,2026Q3,LA,2485,MAD,LIM,MADLIM,18:40:00,06:35:00,00:40:00,06:35:00,23:40:00,11:35:00,NO,788,OUT,TOUCH,01:00:00,FP,11:55:00,null,SI,NO,02:55:00,2,3,1,null,1,17:40:00,23:40:00,31 oct 2026,31 oct 2026,17:40:00,07:05:00,1 nov 2026,07:05:00,1 nov 2026,07:05:00,1 nov 2026,13:25:00,13:00:00,null,2704,0,0,1,0,8,-3.57,-77.12,Oeste," ",0,0,0,11:55:00,INT,5.833,00:00:00,00:00:00,31 oct 2026,J,INT
63,null,null,LIM,30 oct 2026,22:10:00,2 nov 2026,07:05:00,null,1,2 nov 2026,Nov-2026,2026Q3,LA,2485,MAD,LIM,MADLIM,18:40:00,06:35:00,00:40:00,06:35:00,23:40:00,11:35:00,NO,789,OUT,TOUCH,01:00:00,FP,11:55:00,null,SI,NO,02:55:00,2,3,1,null,1,17:40:00,23:40:00,1 nov 2026,1 nov 2026,17:40:00,07:05:00,2 nov 2026,07:05:00,2 nov 2026,07:05:00,2 nov 2026,13:25:00,13:00:00,null,2704,2,2,0,0,0,-3.57,-77.12,Oeste,C,0,0,0,11:55:00,INT,5.833,00:00:00,00:00:00,1 nov 2026,J,INT
299,null,null,LIM,27 oct 2026,22:10:00,30 oct 2026,07:05:00,null,1,30 oct 2026,Oct-2026,2026Q3,LA,2485,MAD,LIM,MADLIM,18:40:00,06:35:00,00:40:00,06:35:00,23:40:00,11:35:00,NO,788,OUT,TOUCH,01:00:00,FP,11:55:00,null,SI,NO,02:55:00,2,3,1,null,1,17:40:00,23:40:00,29 oct 2026,29 oct 2026,17:40:00,07:05:00,30 oct 2026,07:05:00,30 oct 2026,07:05:00,30 oct 2026,13:25:00,13:00:00,null,2704,0,0,1,0,8,-3.57,-77.12,Oeste," ",0,0,0,11:55:00,INT,5.833,00:00:00,00:00:00,29 oct 2026,J,INT
329,null,null,LIM,30 oct 2026,22:10:00,2 nov 2026,07:05:00,null,1,2 nov 2026,Nov-2026,2026Q3,LA,2485,MAD,LIM,MADLIM,18:40:00,06:35:00,00:40:00,06:35:00,23:40:00,11:35:00,NO,789,OUT,TOUCH,01:00:00,FP,11:55:00,null,SI,NO,02:55:00,2,3,1,null,1,17:40:00,23:40:00,1 nov 2026,1 nov 2026,17:40:00,07:05:00,2 nov 2026,07:05:00,2 nov 2026,07:05:00,2 nov 2026,13:25:00,13:00:00,null,2704,0,0,1,0,8,-3.57,-77.12,Oeste," ",0,0,0,11:55:00,INT,5.833,00:00:00,00:00:00,1 nov 2026,J,INT
3,4,LA2484280926,LIM,28 sept 2026,22:00:00,1 oct 2026,07:00:00,1,null,28 sept 2026,Sep-2026,2026Q3,LA,2484,LIM,MAD,LIMMAD,23:00:00,10:20:00,23:00:00,17:20:00,04:00:00,15:20:00,NO,789,BASE,NO,01:00:00,FP,11:20:00,null,SI,SI,03:00:00,1,1,1,null,1,22:00:00,22:00:00,28 sept 2026,28 sept 2026,22:00:00,17:50:00,29 sept 2026,10:50:00,29 sept 2026,10:50:00,29 sept 2026,12:50:00,13:00:00,30:55:00,2691,0,0,1,0,8,-77.12,-3.57,Este," ",0,0,0,11:20:00,INT,5.77,00:00:00,00:00:00,29 sept 2026,J,INT
18,4,LA2484300926,LIM,30 sept 2026,22:00:00,3 oct 2026,07:00:00,1,null,30 sept 2026,Sep-2026,2026Q3,LA,2484,LIM,MAD,LIMMAD,23:00:00,10:20:00,23:00:00,17:20:00,04:00:00,15:20:00,NO,789,BASE,NO,01:00:00,FP,11:20:00,null,SI,NO,03:00:00,1,1,1,null,1,22:00:00,22:00:00,30 sept 2026,30 sept 2026,22:00:00,17:50:00,1 oct 2026,10:50:00,1 oct 2026,10:50:00,1 oct 2026,12:50:00,13:00:00,30:55:00,2691,0,0,1,0,8,-77.12,-3.57,Este," ",0,0,0,11:20:00,INT,5.77,00:00:00,00:00:00,1 oct 2026,J,INT
23,4,null,LIM,10 oct 2026,22:00:00,13 oct 2026,07:00:00,1,null,10 oct 2026,Oct-2026,2026Q3,LA,2484,LIM,MAD,LIMMAD,23:00:00,10:20:00,23:00:00,17:20:00,04:00:00,15:20:00,NO,789,BASE,NO,01:00:00,FP,11:20:00,null,SI,NO,03:00:00,1,1,1,null,1,22:00:00,22:00:00,10 oct 2026,10 oct 2026,22:00:00,17:50:00,11 oct 2026,10:50:00,11 oct 2026,10:50:00,11 oct 2026,12:50:00,13:00:00,30:55:00,2691,2,2,0,0,0,-77.12,-3.57,Este,C,0,0,0,11:20:00,INT,5.77,00:00:00,00:00:00,11 oct 2026,J,INT
11,4,null,LIM,4 oct 2026,22:00:00,7 oct 2026,07:00:00,1,null,4 oct 2026,Oct-2026,2026Q3,LA,2484,LIM,MAD,LIMMAD,23:00:00,10:20:00,23:00:00,17:20:00,04:00:00,15:20:00,NO,789,BASE,NO,01:00:00,FP,11:20:00,null,SI,NO,03:00:00,1,1,1,null,1,22:00:00,22:00:00,4 oct 2026,4 oct 2026,22:00:00,17:50:00,5 oct 2026,10:50:00,5 oct 2026,10:50:00,5 oct 2026,12:50:00,13:00:00,30:55:00,2691,2,2,0,0,0,-77.12,-3.57,Este,C,0,0,0,11:20:00,INT,5.77,00:00:00,00:00:00,5 oct 2026,J,INT
7,4,null,LIM,2 oct 2026,22:00:00,5 oct 2026,07:00:00,1,null,2 oct 2026,Oct-2026,2026Q3,LA,2484,LIM,MAD,LIMMAD,23:00:00,10:20:00,23:00:00,17:20:00,04:00:00,15:20:00,NO,789,BASE,NO,01:00:00,FP,11:20:00,null,SI,NO,03:00:00,1,1,1,null,1,22:00:00,22:00:00,2 oct 2026,2 oct 2026,22:00:00,17:50:00,3 oct 2026,10:50:00,3 oct 2026,10:50:00,3 oct 2026,12:50:00,13:00:00,30:55:00,2691,2,2,0,0,0,-77.12,-3.57,Este,C,0,0,0,11:20:00,INT,5.77,00:00:00,00:00:00,3 oct 2026,J,INT
43,4,null,LIM,20 oct 2026,22:00:00,23 oct 2026,07:00:00,1,null,20 oct 2026,Oct-2026,2026Q3,LA,2484,LIM,MAD,LIMMAD,23:00:00,10:20:00,23:00:00,17:20:00,04:00:00,15:20:00,NO,789,BASE,NO,01:00:00,FP,11:20:00,null,SI,NO,03:00:00,1,1,1,null,1,22:00:00,22:00:00,20 oct 2026,20 oct 2026,22:00:00,17:50:00,21 oct 2026,10:50:00,21 oct 2026,10:50:00,21 oct 2026,12:50:00,13:00:00,30:55:00,2691,2,2,0,0,0,-77.12,-3.57,Este,C,0,0,0,11:20:00,INT,5.77,00:00:00,00:00:00,21 oct 2026,J,INT
90,4,null,LIM,7 oct 2026,22:00:00,10 oct 2026,07:00:00,1,null,7 oct 2026,Oct-2026,2026Q3,LA,2484,LIM,MAD,LIMMAD,23:00:00,10:20:00,23:00:00,17:20:00,04:00:00,15:20:00,NO,788,BASE,NO,01:00:00,FP,11:20:00,null,SI,SI,03:00:00,1,1,1,null,1,22:00:00,22:00:00,7 oct 2026,7 oct 2026,22:00:00,17:50:00,8 oct 2026,10:50:00,8 oct 2026,10:50:00,8 oct 2026,12:50:00,13:00:00,30:55:00,2691,0,0,1,0,8,-77.12,-3.57,Este," ",0,0,0,11:20:00,INT,5.77,00:00:00,00:00:00,8 oct 2026,J,INT
162,4,null,LIM,14 oct 2026,22:00:00,17 oct 2026,07:00:00,1,null,14 oct 2026,Oct-2026,2026Q3,LA,2484,LIM,MAD,LIMMAD,23:00:00,10:20:00,23:00:00,17:20:00,04:00:00,15:20:00,NO,788,BASE,NO,01:00:00,FP,11:20:00,null,SI,SI,03:00:00,1,1,1,null,1,22:00:00,22:00:00,14 oct 2026,14 oct 2026,22:00:00,17:50:00,15 oct 2026,10:50:00,15 oct 2026,10:50:00,15 oct 2026,12:50:00,13:00:00,30:55:00,2691,0,0,1,0,8,-77.12,-3.57,Este," ",0,0,0,11:20:00,INT,5.77,00:00:00,00:00:00,15 oct 2026,J,INT
25,4,null,LIM,11 oct 2026,22:00:00,14 oct 2026,07:00:00,1,null,11 oct 2026,Oct-2026,2026Q3,LA,2484,LIM,MAD,LIMMAD,23:00:00,10:20:00,23:00:00,17:20:00,04:00:00,15:20:00,NO,789,BASE,NO,01:00:00,FP,11:20:00,null,SI,NO,03:00:00,1,1,1,null,1,22:00:00,22:00:00,11 oct 2026,11 oct 2026,22:00:00,17:50:00,12 oct 2026,10:50:00,12 oct 2026,10:50:00,12 oct 2026,12:50:00,13:00:00,30:55:00,2691,2,2,0,0,0,-77.12,-3.57,Este,C,0,0,0,11:20:00,INT,5.77,00:00:00,00:00:00,12 oct 2026,J,INT
204,4,null,LIM,18 oct 2026,22:00:00,21 oct 2026,07:00:00,1,null,18 oct 2026,Oct-2026,2026Q3,LA,2484,LIM,MAD,LIMMAD,23:00:00,10:20:00,23:00:00,17:20:00,04:00:00,15:20:00,NO,789,BASE,NO,01:00:00,FP,11:20:00,null,SI,NO,03:00:00,1,1,1,null,1,22:00:00,22:00:00,18 oct 2026,18 oct 2026,22:00:00,17:50:00,19 oct 2026,10:50:00,19 oct 2026,10:50:00,19 oct 2026,12:50:00,13:00:00,30:55:00,2691,0,0,1,0,8,-77.12,-3.57,Este," ",0,0,0,11:20:00,INT,5.77,00:00:00,00:00:00,19 oct 2026,J,INT
39,4,null,LIM,2 oct 2026,22:00:00,5 oct 2026,07:00:00,1,null,2 oct 2026,Oct-2026,2026Q3,LA,2484,LIM,MAD,LIMMAD,23:00:00,10:20:00,23:00:00,17:20:00,04:00:00,15:20:00,NO,789,BASE,NO,01:00:00,FP,11:20:00,null,SI,NO,03:00:00,1,1,1,null,1,22:00:00,22:00:00,2 oct 2026,2 oct 2026,22:00:00,17:50:00,3 oct 2026,10:50:00,3 oct 2026,10:50:00,3 oct 2026,12:50:00,13:00:00,30:55:00,2691,0,0,1,0,8,-77.12,-3.57,Este," ",0,0,0,11:20:00,INT,5.77,00:00:00,00:00:00,3 oct 2026,J,INT
5,4,null,LIM,1 oct 2026,22:00:00,4 oct 2026,07:00:00,1,null,1 oct 2026,Oct-2026,2026Q3,LA,2484,LIM,MAD,LIMMAD,23:00:00,10:20:00,23:00:00,17:20:00,04:00:00,15:20:00,NO,789,BASE,NO,01:00:00,FP,11:20:00,null,SI,NO,03:00:00,1,1,1,null,1,22:00:00,22:00:00,1 oct 2026,1 oct 2026,22:00:00,17:50:00,2 oct 2026,10:50:00,2 oct 2026,10:50:00,2 oct 2026,12:50:00,13:00:00,30:55:00,2691,2,2,0,0,0,-77.12,-3.57,Este,C,0,0,0,11:20:00,INT,5.77,00:00:00,00:00:00,2 oct 2026,J,INT
101,4,null,LIM,8 oct 2026,22:00:00,11 oct 2026,07:00:00,1,null,8 oct 2026,Oct-2026,2026Q3,LA,2484,LIM,MAD,LIMMAD,23:00:00,10:20:00,23:00:00,17:20:00,04:00:00,15:20:00,NO,789,BASE,NO,01:00:00,FP,11:20:00,null,SI,SI,03:00:00,1,1,1,null,1,22:00:00,22:00:00,8 oct 2026,8 oct 2026,22:00:00,17:50:00,9 oct 2026,10:50:00,9 oct 2026,10:50:00,9 oct 2026,12:50:00,13:00:00,30:55:00,2691,0,0,1,0,8,-77.12,-3.57,Este," ",0,0,0,11:20:00,INT,5.77,00:00:00,00:00:00,9 oct 2026,J,INT
51,4,null,LIM,3 oct 2026,22:00:00,6 oct 2026,07:00:00,1,null,3 oct 2026,Oct-2026,2026Q3,LA,2484,LIM,MAD,LIMMAD,23:00:00,10:20:00,23:00:00,17:20:00,04:00:00,15:20:00,NO,789,BASE,NO,01:00:00,FP,11:20:00,null,SI,NO,03:00:00,1,1,1,null,1,22:00:00,22:00:00,3 oct 2026,3 oct 2026,22:00:00,17:50:00,4 oct 2026,10:50:00,4 oct 2026,10:50:00,4 oct 2026,12:50:00,13:00:00,30:55:00,2691,0,0,1,0,8,-77.12,-3.57,Este," ",0,0,0,11:20:00,INT,5.77,00:00:00,00:00:00,4 oct 2026,J,INT
214,4,null,LIM,19 oct 2026,22:00:00,22 oct 2026,07:00:00,1,null,19 oct 2026,Oct-2026,2026Q3,LA,2484,LIM,MAD,LIMMAD,23:00:00,10:20:00,23:00:00,17:20:00,04:00:00,15:20:00,NO,789,BASE,NO,01:00:00,FP,11:20:00,null,SI,NO,03:00:00,1,1,1,null,1,22:00:00,22:00:00,19 oct 2026,19 oct 2026,22:00:00,17:50:00,20 oct 2026,10:50:00,20 oct 2026,10:50:00,20 oct 2026,12:50:00,13:00:00,30:55:00,2691,0,0,1,0,8,-77.12,-3.57,Este," ",0,0,0,11:20:00,INT,5.77,00:00:00,00:00:00,20 oct 2026,J,INT
3,4,LA2484300926,LIM,30 sept 2026,22:00:00,3 oct 2026,07:00:00,1,null,30 sept 2026,Sep-2026,2026Q3,LA,2484,LIM,MAD,LIMMAD,23:00:00,10:20:00,23:00:00,17:20:00,04:00:00,15:20:00,NO,789,BASE,NO,01:00:00,FP,11:20:00,null,SI,NO,03:00:00,1,1,1,null,1,22:00:00,22:00:00,30 sept 2026,30 sept 2026,22:00:00,17:50:00,1 oct 2026,10:50:00,1 oct 2026,10:50:00,1 oct 2026,12:50:00,13:00:00,30:55:00,2691,2,2,0,0,0,-77.12,-3.57,Este,C,0,0,0,11:20:00,INT,5.77,00:00:00,00:00:00,1 oct 2026,J,INT
47,4,null,LIM,22 oct 2026,22:00:00,25 oct 2026,07:05:00,1,null,22 oct 2026,Oct-2026,2026Q3,LA,2484,LIM,MAD,LIMMAD,23:00:00,10:20:00,23:00:00,17:20:00,04:00:00,15:20:00,NO,789,BASE,NO,01:00:00,FP,11:20:00,null,SI,NO,03:00:00,1,1,1,null,1,22:00:00,22:00:00,22 oct 2026,22 oct 2026,22:00:00,17:50:00,23 oct 2026,10:50:00,23 oct 2026,10:50:00,23 oct 2026,12:50:00,13:00:00,30:50:00,2691,2,2,0,0,0,-77.12,-3.57,Este,C,0,0,0,11:20:00,INT,5.812,00:00:00,00:00:00,23 oct 2026,J,INT
112,4,null,LIM,9 oct 2026,22:00:00,12 oct 2026,07:00:00,1,null,9 oct 2026,Oct-2026,2026Q3,LA,2484,LIM,MAD,LIMMAD,23:00:00,10:20:00,23:00:00,17:20:00,04:00:00,15:20:00,NO,788,BASE,NO,01:00:00,FP,11:20:00,null,SI,SI,03:00:00,1,1,1,null,1,22:00:00,22:00:00,9 oct 2026,9 oct 2026,22:00:00,17:50:00,10 oct 2026,10:50:00,10 oct 2026,10:50:00,10 oct 2026,12:50:00,13:00:00,30:55:00,2691,0,0,1,0,8,-77.12,-3.57,Este," ",0,0,0,11:20:00,INT,5.77,00:00:00,00:00:00,10 oct 2026,J,INT
13,4,null,LIM,5 oct 2026,22:00:00,8 oct 2026,07:00:00,1,null,5 oct 2026,Oct-2026,2026Q3,LA,2484,LIM,MAD,LIMMAD,23:00:00,10:20:00,23:00:00,17:20:00,04:00:00,15:20:00,NO,789,BASE,NO,01:00:00,FP,11:20:00,null,SI,NO,03:00:00,1,1,1,null,1,22:00:00,22:00:00,5 oct 2026,5 oct 2026,22:00:00,17:50:00,6 oct 2026,10:50:00,6 oct 2026,10:50:00,6 oct 2026,12:50:00,13:00:00,30:55:00,2691,2,2,0,0,0,-77.12,-3.57,Este,C,0,0,0,11:20:00,INT,5.77,00:00:00,00:00:00,6 oct 2026,J,INT
235,4,null,LIM,21 oct 2026,22:00:00,24 oct 2026,07:00:00,1,null,21 oct 2026,Oct-2026,2026Q3,LA,2484,LIM,MAD,LIMMAD,23:00:00,10:20:00,23:00:00,17:20:00,04:00:00,15:20:00,NO,789,BASE,NO,01:00:00,FP,11:20:00,null,SI,NO,03:00:00,1,1,1,null,1,22:00:00,22:00:00,21 oct 2026,21 oct 2026,22:00:00,17:50:00,22 oct 2026,10:50:00,22 oct 2026,10:50:00,22 oct 2026,12:50:00,13:00:00,30:55:00,2691,0,0,1,0,8,-77.12,-3.57,Este," ",0,0,0,11:20:00,INT,5.77,00:00:00,00:00:00,22 oct 2026,J,INT
245,4,null,LIM,22 oct 2026,22:00:00,25 oct 2026,07:05:00,1,null,22 oct 2026,Oct-2026,2026Q3,LA,2484,LIM,MAD,LIMMAD,23:00:00,10:20:00,23:00:00,17:20:00,04:00:00,15:20:00,NO,789,BASE,NO,01:00:00,FP,11:20:00,null,SI,NO,03:00:00,1,1,1,null,1,22:00:00,22:00:00,22 oct 2026,22 oct 2026,22:00:00,17:50:00,23 oct 2026,10:50:00,23 oct 2026,10:50:00,23 oct 2026,12:50:00,13:00:00,30:50:00,2691,0,0,1,0,8,-77.12,-3.57,Este," ",0,0,0,11:20:00,INT,5.812,00:00:00,00:00:00,23 oct 2026,J,INT
133,4,null,LIM,11 oct 2026,22:00:00,14 oct 2026,07:00:00,1,null,11 oct 2026,Oct-2026,2026Q3,LA,2484,LIM,MAD,LIMMAD,23:00:00,10:20:00,23:00:00,17:20:00,04:00:00,15:20:00,NO,789,BASE,NO,01:00:00,FP,11:20:00,null,SI,NO,03:00:00,1,1,1,null,1,22:00:00,22:00:00,11 oct 2026,11 oct 2026,22:00:00,17:50:00,12 oct 2026,10:50:00,12 oct 2026,10:50:00,12 oct 2026,12:50:00,13:00:00,30:55:00,2691,0,0,1,0,8,-77.12,-3.57,Este," ",0,0,0,11:20:00,INT,5.77,00:00:00,00:00:00,12 oct 2026,J,INT
41,4,null,LIM,19 oct 2026,22:00:00,22 oct 2026,07:00:00,1,null,19 oct 2026,Oct-2026,2026Q3,LA,2484,LIM,MAD,LIMMAD,23:00:00,10:20:00,23:00:00,17:20:00,04:00:00,15:20:00,NO,789,BASE,NO,01:00:00,FP,11:20:00,null,SI,NO,03:00:00,1,1,1,null,1,22:00:00,22:00:00,19 oct 2026,19 oct 2026,22:00:00,17:50:00,20 oct 2026,10:50:00,20 oct 2026,10:50:00,20 oct 2026,12:50:00,13:00:00,30:55:00,2691,2,2,0,0,0,-77.12,-3.57,Este,C,0,0,0,11:20:00,INT,5.77,00:00:00,00:00:00,20 oct 2026,J,INT
9,4,LA2484290926,LIM,29 sept 2026,22:00:00,2 oct 2026,07:00:00,1,null,29 sept 2026,Sep-2026,2026Q3,LA,2484,LIM,MAD,LIMMAD,23:00:00,10:20:00,23:00:00,17:20:00,04:00:00,15:20:00,NO,788,BASE,NO,01:00:00,FP,11:20:00,null,SI,SI,03:00:00,1,1,1,null,1,22:00:00,22:00:00,29 sept 2026,29 sept 2026,22:00:00,17:50:00,30 sept 2026,10:50:00,30 sept 2026,10:50:00,30 sept 2026,12:50:00,13:00:00,30:55:00,2691,0,0,1,0,8,-77.12,-3.57,Este," ",0,0,0,11:20:00,INT,5.77,00:00:00,00:00:00,30 sept 2026,J,INT
225,4,null,LIM,20 oct 2026,22:00:00,23 oct 2026,07:00:00,1,null,20 oct 2026,Oct-2026,2026Q3,LA,2484,LIM,MAD,LIMMAD,23:00:00,10:20:00,23:00:00,17:20:00,04:00:00,15:20:00,NO,789,BASE,NO,01:00:00,FP,11:20:00,null,SI,NO,03:00:00,1,1,1,null,1,22:00:00,22:00:00,20 oct 2026,20 oct 2026,22:00:00,17:50:00,21 oct 2026,10:50:00,21 oct 2026,10:50:00,21 oct 2026,12:50:00,13:00:00,30:55:00,2691,0,0,1,0,8,-77.12,-3.57,Este," ",0,0,0,11:20:00,INT,5.77,00:00:00,00:00:00,21 oct 2026,J,INT
184,4,null,LIM,16 oct 2026,22:00:00,19 oct 2026,07:00:00,1,null,16 oct 2026,Oct-2026,2026Q3,LA,2484,LIM,MAD,LIMMAD,23:00:00,10:20:00,23:00:00,17:20:00,04:00:00,15:20:00,NO,789,BASE,NO,01:00:00,FP,11:20:00,null,SI,NO,03:00:00,1,1,1,null,1,22:00:00,22:00:00,16 oct 2026,16 oct 2026,22:00:00,17:50:00,17 oct 2026,10:50:00,17 oct 2026,10:50:00,17 oct 2026,12:50:00,13:00:00,30:55:00,2691,0,0,1,0,8,-77.12,-3.57,Este," ",0,0,0,11:20:00,INT,5.77,00:00:00,00:00:00,17 oct 2026,J,INT
39,4,null,LIM,18 oct 2026,22:00:00,21 oct 2026,07:00:00,1,null,18 oct 2026,Oct-2026,2026Q3,LA,2484,LIM,MAD,LIMMAD,23:00:00,10:20:00,23:00:00,17:20:00,04:00:00,15:20:00,NO,789,BASE,NO,01:00:00,FP,11:20:00,null,SI,NO,03:00:00,1,1,1,null,1,22:00:00,22:00:00,18 oct 2026,18 oct 2026,22:00:00,17:50:00,19 oct 2026,10:50:00,19 oct 2026,10:50:00,19 oct 2026,12:50:00,13:00:00,30:55:00,2691,2,2,0,0,0,-77.12,-3.57,Este,C,0,0,0,11:20:00,INT,5.77,00:00:00,00:00:00,19 oct 2026,J,INT
19,4,null,LIM,8 oct 2026,22:00:00,11 oct 2026,07:00:00,1,null,8 oct 2026,Oct-2026,2026Q3,LA,2484,LIM,MAD,LIMMAD,23:00:00,10:20:00,23:00:00,17:20:00,04:00:00,15:20:00,NO,789,BASE,NO,01:00:00,FP,11:20:00,null,SI,SI,03:00:00,1,1,1,null,1,22:00:00,22:00:00,8 oct 2026,8 oct 2026,22:00:00,17:50:00,9 oct 2026,10:50:00,9 oct 2026,10:50:00,9 oct 2026,12:50:00,13:00:00,30:55:00,2691,2,2,0,0,0,-77.12,-3.57,Este,C,0,0,0,11:20:00,INT,5.77,00:00:00,00:00:00,9 oct 2026,J,INT
28,4,null,LIM,1 oct 2026,22:00:00,4 oct 2026,07:00:00,1,null,1 oct 2026,Oct-2026,2026Q3,LA,2484,LIM,MAD,LIMMAD,23:00:00,10:20:00,23:00:00,17:20:00,04:00:00,15:20:00,NO,789,BASE,NO,01:00:00,FP,11:20:00,null,SI,NO,03:00:00,1,1,1,null,1,22:00:00,22:00:00,1 oct 2026,1 oct 2026,22:00:00,17:50:00,2 oct 2026,10:50:00,2 oct 2026,10:50:00,2 oct 2026,12:50:00,13:00:00,30:55:00,2691,0,0,1,0,8,-77.12,-3.57,Este," ",0,0,0,11:20:00,INT,5.77,00:00:00,00:00:00,2 oct 2026,J,INT
49,4,null,LIM,23 oct 2026,22:00:00,26 oct 2026,07:05:00,1,null,23 oct 2026,Oct-2026,2026Q3,LA,2484,LIM,MAD,LIMMAD,23:00:00,10:20:00,23:00:00,17:20:00,04:00:00,15:20:00,NO,789,BASE,NO,01:00:00,FP,11:20:00,null,SI,NO,03:00:00,1,1,1,null,1,22:00:00,22:00:00,23 oct 2026,23 oct 2026,22:00:00,17:50:00,24 oct 2026,10:50:00,24 oct 2026,10:50:00,24 oct 2026,12:50:00,13:00:00,30:50:00,2691,2,2,0,0,0,-77.12,-3.57,Este,C,0,0,0,11:20:00,INT,5.812,00:00:00,00:00:00,24 oct 2026,J,INT
153,4,null,LIM,13 oct 2026,22:00:00,16 oct 2026,07:00:00,1,null,13 oct 2026,Oct-2026,2026Q3,LA,2484,LIM,MAD,LIMMAD,23:00:00,10:20:00,23:00:00,17:20:00,04:00:00,15:20:00,NO,789,BASE,NO,01:00:00,FP,11:20:00,null,SI,SI,03:00:00,1,1,1,null,1,22:00:00,22:00:00,13 oct 2026,13 oct 2026,22:00:00,17:50:00,14 oct 2026,10:50:00,14 oct 2026,10:50:00,14 oct 2026,12:50:00,13:00:00,30:55:00,2691,0,0,1,0,8,-77.12,-3.57,Este," ",0,0,0,11:20:00,INT,5.77,00:00:00,00:00:00,14 oct 2026,J,INT
256,4,null,LIM,23 oct 2026,22:00:00,26 oct 2026,07:05:00,1,null,23 oct 2026,Oct-2026,2026Q3,LA,2484,LIM,MAD,LIMMAD,23:00:00,10:20:00,23:00:00,17:20:00,04:00:00,15:20:00,NO,789,BASE,NO,01:00:00,FP,11:20:00,null,SI,NO,03:00:00,1,1,1,null,1,22:00:00,22:00:00,23 oct 2026,23 oct 2026,22:00:00,17:50:00,24 oct 2026,10:50:00,24 oct 2026,10:50:00,24 oct 2026,12:50:00,13:00:00,30:50:00,2691,0,0,1,0,8,-77.12,-3.57,Este," ",0,0,0,11:20:00,INT,5.812,00:00:00,00:00:00,24 oct 2026,J,INT
29,4,null,LIM,13 oct 2026,22:00:00,16 oct 2026,07:00:00,1,null,13 oct 2026,Oct-2026,2026Q3,LA,2484,LIM,MAD,LIMMAD,23:00:00,10:20:00,23:00:00,17:20:00,04:00:00,15:20:00,NO,789,BASE,NO,01:00:00,FP,11:20:00,null,SI,SI,03:00:00,1,1,1,null,1,22:00:00,22:00:00,13 oct 2026,13 oct 2026,22:00:00,17:50:00,14 oct 2026,10:50:00,14 oct 2026,10:50:00,14 oct 2026,12:50:00,13:00:00,30:55:00,2691,2,2,0,0,0,-77.12,-3.57,Este,C,0,0,0,11:20:00,INT,5.77,00:00:00,00:00:00,14 oct 2026,J,INT
31,4,null,LIM,14 oct 2026,22:00:00,17 oct 2026,07:00:00,1,null,14 oct 2026,Oct-2026,2026Q3,LA,2484,LIM,MAD,LIMMAD,23:00:00,10:20:00,23:00:00,17:20:00,04:00:00,15:20:00,NO,788,BASE,NO,01:00:00,FP,11:20:00,null,SI,SI,03:00:00,1,1,1,null,1,22:00:00,22:00:00,14 oct 2026,14 oct 2026,22:00:00,17:50:00,15 oct 2026,10:50:00,15 oct 2026,10:50:00,15 oct 2026,12:50:00,13:00:00,30:55:00,2691,2,2,0,0,0,-77.12,-3.57,Este,C,0,0,0,11:20:00,INT,5.77,00:00:00,00:00:00,15 oct 2026,J,INT
45,4,null,LIM,21 oct 2026,22:00:00,24 oct 2026,07:00:00,1,null,21 oct 2026,Oct-2026,2026Q3,LA,2484,LIM,MAD,LIMMAD,23:00:00,10:20:00,23:00:00,17:20:00,04:00:00,15:20:00,NO,789,BASE,NO,01:00:00,FP,11:20:00,null,SI,NO,03:00:00,1,1,1,null,1,22:00:00,22:00:00,21 oct 2026,21 oct 2026,22:00:00,17:50:00,22 oct 2026,10:50:00,22 oct 2026,10:50:00,22 oct 2026,12:50:00,13:00:00,30:55:00,2691,2,2,0,0,0,-77.12,-3.57,Este,C,0,0,0,11:20:00,INT,5.77,00:00:00,00:00:00,22 oct 2026,J,INT
35,4,null,LIM,16 oct 2026,22:00:00,19 oct 2026,07:00:00,1,null,16 oct 2026,Oct-2026,2026Q3,LA,2484,LIM,MAD,LIMMAD,23:00:00,10:20:00,23:00:00,17:20:00,04:00:00,15:20:00,NO,789,BASE,NO,01:00:00,FP,11:20:00,null,SI,NO,03:00:00,1,1,1,null,1,22:00:00,22:00:00,16 oct 2026,16 oct 2026,22:00:00,17:50:00,17 oct 2026,10:50:00,17 oct 2026,10:50:00,17 oct 2026,12:50:00,13:00:00,30:55:00,2691,2,2,0,0,0,-77.12,-3.57,Este,C,0,0,0,11:20:00,INT,5.77,00:00:00,00:00:00,17 oct 2026,J,INT
71,4,null,LIM,5 oct 2026,22:00:00,8 oct 2026,07:00:00,1,null,5 oct 2026,Oct-2026,2026Q3,LA,2484,LIM,MAD,LIMMAD,23:00:00,10:20:00,23:00:00,17:20:00,04:00:00,15:20:00,NO,789,BASE,NO,01:00:00,FP,11:20:00,null,SI,NO,03:00:00,1,1,1,null,1,22:00:00,22:00:00,5 oct 2026,5 oct 2026,22:00:00,17:50:00,6 oct 2026,10:50:00,6 oct 2026,10:50:00,6 oct 2026,12:50:00,13:00:00,30:55:00,2691,0,0,1,0,8,-77.12,-3.57,Este," ",0,0,0,11:20:00,INT,5.77,00:00:00,00:00:00,6 oct 2026,J,INT
2,4,LA2484290926,LIM,29 sept 2026,22:00:00,2 oct 2026,07:00:00,1,null,29 sept 2026,Sep-2026,2026Q3,LA,2484,LIM,MAD,LIMMAD,23:00:00,10:20:00,23:00:00,17:20:00,04:00:00,15:20:00,NO,788,BASE,NO,01:00:00,FP,11:20:00,null,SI,SI,03:00:00,1,1,1,null,1,22:00:00,22:00:00,29 sept 2026,29 sept 2026,22:00:00,17:50:00,30 sept 2026,10:50:00,30 sept 2026,10:50:00,30 sept 2026,12:50:00,13:00:00,30:55:00,2691,2,2,0,0,0,-77.12,-3.57,Este,C,0,0,0,11:20:00,INT,5.77,00:00:00,00:00:00,30 sept 2026,J,INT
195,4,null,LIM,17 oct 2026,22:00:00,20 oct 2026,07:00:00,1,null,17 oct 2026,Oct-2026,2026Q3,LA,2484,LIM,MAD,LIMMAD,23:00:00,10:20:00,23:00:00,17:20:00,04:00:00,15:20:00,NO,789,BASE,NO,01:00:00,FP,11:20:00,null,SI,NO,03:00:00,1,1,1,null,1,22:00:00,22:00:00,17 oct 2026,17 oct 2026,22:00:00,17:50:00,18 oct 2026,10:50:00,18 oct 2026,10:50:00,18 oct 2026,12:50:00,13:00:00,30:55:00,2691,0,0,1,0,8,-77.12,-3.57,Este," ",0,0,0,11:20:00,INT,5.77,00:00:00,00:00:00,18 oct 2026,J,INT
33,4,null,LIM,15 oct 2026,22:00:00,18 oct 2026,07:00:00,1,null,15 oct 2026,Oct-2026,2026Q3,LA,2484,LIM,MAD,LIMMAD,23:00:00,10:20:00,23:00:00,17:20:00,04:00:00,15:20:00,NO,789,BASE,NO,01:00:00,FP,11:20:00,null,SI,NO,03:00:00,1,1,1,null,1,22:00:00,22:00:00,15 oct 2026,15 oct 2026,22:00:00,17:50:00,16 oct 2026,10:50:00,16 oct 2026,10:50:00,16 oct 2026,12:50:00,13:00:00,30:55:00,2691,2,2,0,0,0,-77.12,-3.57,Este,C,0,0,0,11:20:00,INT,5.77,00:00:00,00:00:00,16 oct 2026,J,INT
17,4,null,LIM,7 oct 2026,22:00:00,10 oct 2026,07:00:00,1,null,7 oct 2026,Oct-2026,2026Q3,LA,2484,LIM,MAD,LIMMAD,23:00:00,10:20:00,23:00:00,17:20:00,04:00:00,15:20:00,NO,788,BASE,NO,01:00:00,FP,11:20:00,null,SI,SI,03:00:00,1,1,1,null,1,22:00:00,22:00:00,7 oct 2026,7 oct 2026,22:00:00,17:50:00,8 oct 2026,10:50:00,8 oct 2026,10:50:00,8 oct 2026,12:50:00,13:00:00,30:55:00,2691,2,2,0,0,0,-77.12,-3.57,Este,C,0,0,0,11:20:00,INT,5.77,00:00:00,00:00:00,8 oct 2026,J,INT
15,4,null,LIM,6 oct 2026,22:00:00,9 oct 2026,07:00:00,1,null,6 oct 2026,Oct-2026,2026Q3,LA,2484,LIM,MAD,LIMMAD,23:00:00,10:20:00,23:00:00,17:20:00,04:00:00,15:20:00,NO,789,BASE,NO,01:00:00,FP,11:20:00,null,SI,SI,03:00:00,1,1,1,null,1,22:00:00,22:00:00,6 oct 2026,6 oct 2026,22:00:00,17:50:00,7 oct 2026,10:50:00,7 oct 2026,10:50:00,7 oct 2026,12:50:00,13:00:00,30:55:00,2691,2,2,0,0,0,-77.12,-3.57,Este,C,0,0,0,11:20:00,INT,5.77,00:00:00,00:00:00,7 oct 2026,J,INT
124,4,null,LIM,10 oct 2026,22:00:00,13 oct 2026,07:00:00,1,null,10 oct 2026,Oct-2026,2026Q3,LA,2484,LIM,MAD,LIMMAD,23:00:00,10:20:00,23:00:00,17:20:00,04:00:00,15:20:00,NO,789,BASE,NO,01:00:00,FP,11:20:00,null,SI,NO,03:00:00,1,1,1,null,1,22:00:00,22:00:00,10 oct 2026,10 oct 2026,22:00:00,17:50:00,11 oct 2026,10:50:00,11 oct 2026,10:50:00,11 oct 2026,12:50:00,13:00:00,30:55:00,2691,0,0,1,0,8,-77.12,-3.57,Este," ",0,0,0,11:20:00,INT,5.77,00:00:00,00:00:00,11 oct 2026,J,INT
9,4,null,LIM,3 oct 2026,22:00:00,6 oct 2026,07:00:00,1,null,3 oct 2026,Oct-2026,2026Q3,LA,2484,LIM,MAD,LIMMAD,23:00:00,10:20:00,23:00:00,17:20:00,04:00:00,15:20:00,NO,789,BASE,NO,01:00:00,FP,11:20:00,null,SI,NO,03:00:00,1,1,1,null,1,22:00:00,22:00:00,3 oct 2026,3 oct 2026,22:00:00,17:50:00,4 oct 2026,10:50:00,4 oct 2026,10:50:00,4 oct 2026,12:50:00,13:00:00,30:55:00,2691,2,2,0,0,0,-77.12,-3.57,Este,C,0,0,0,11:20:00,INT,5.77,00:00:00,00:00:00,4 oct 2026,J,INT
142,4,null,LIM,12 oct 2026,22:00:00,15 oct 2026,07:00:00,1,null,12 oct 2026,Oct-2026,2026Q3,LA,2484,LIM,MAD,LIMMAD,23:00:00,10:20:00,23:00:00,17:20:00,04:00:00,15:20:00,NO,789,BASE,NO,01:00:00,FP,11:20:00,null,SI,NO,03:00:00,1,1,1,null,1,22:00:00,22:00:00,12 oct 2026,12 oct 2026,22:00:00,17:50:00,13 oct 2026,10:50:00,13 oct 2026,10:50:00,13 oct 2026,12:50:00,13:00:00,30:55:00,2691,0,0,1,0,8,-77.12,-3.57,Este," ",0,0,0,11:20:00,INT,5.77,00:00:00,00:00:00,13 oct 2026,J,INT
173,4,null,LIM,15 oct 2026,22:00:00,18 oct 2026,07:00:00,1,null,15 oct 2026,Oct-2026,2026Q3,LA,2484,LIM,MAD,LIMMAD,23:00:00,10:20:00,23:00:00,17:20:00,04:00:00,15:20:00,NO,789,BASE,NO,01:00:00,FP,11:20:00,null,SI,NO,03:00:00,1,1,1,null,1,22:00:00,22:00:00,15 oct 2026,15 oct 2026,22:00:00,17:50:00,16 oct 2026,10:50:00,16 oct 2026,10:50:00,16 oct 2026,12:50:00,13:00:00,30:55:00,2691,0,0,1,0,8,-77.12,-3.57,Este," ",0,0,0,11:20:00,INT,5.77,00:00:00,00:00:00,16 oct 2026,J,INT
21,4,null,LIM,9 oct 2026,22:00:00,12 oct 2026,07:00:00,1,null,9 oct 2026,Oct-2026,2026Q3,LA,2484,LIM,MAD,LIMMAD,23:00:00,10:20:00,23:00:00,17:20:00,04:00:00,15:20:00,NO,788,BASE,NO,01:00:00,FP,11:20:00,null,SI,SI,03:00:00,1,1,1,null,1,22:00:00,22:00:00,9 oct 2026,9 oct 2026,22:00:00,17:50:00,10 oct 2026,10:50:00,10 oct 2026,10:50:00,10 oct 2026,12:50:00,13:00:00,30:55:00,2691,2,2,0,0,0,-77.12,-3.57,Este,C,0,0,0,11:20:00,INT,5.77,00:00:00,00:00:00,10 oct 2026,J,INT
27,4,null,LIM,12 oct 2026,22:00:00,15 oct 2026,07:00:00,1,null,12 oct 2026,Oct-2026,2026Q3,LA,2484,LIM,MAD,LIMMAD,23:00:00,10:20:00,23:00:00,17:20:00,04:00:00,15:20:00,NO,789,BASE,NO,01:00:00,FP,11:20:00,null,SI,NO,03:00:00,1,1,1,null,1,22:00:00,22:00:00,12 oct 2026,12 oct 2026,22:00:00,17:50:00,13 oct 2026,10:50:00,13 oct 2026,10:50:00,13 oct 2026,12:50:00,13:00:00,30:55:00,2691,2,2,0,0,0,-77.12,-3.57,Este,C,0,0,0,11:20:00,INT,5.77,00:00:00,00:00:00,13 oct 2026,J,INT
37,4,null,LIM,17 oct 2026,22:00:00,20 oct 2026,07:00:00,1,null,17 oct 2026,Oct-2026,2026Q3,LA,2484,LIM,MAD,LIMMAD,23:00:00,10:20:00,23:00:00,17:20:00,04:00:00,15:20:00,NO,789,BASE,NO,01:00:00,FP,11:20:00,null,SI,NO,03:00:00,1,1,1,null,1,22:00:00,22:00:00,17 oct 2026,17 oct 2026,22:00:00,17:50:00,18 oct 2026,10:50:00,18 oct 2026,10:50:00,18 oct 2026,12:50:00,13:00:00,30:55:00,2691,2,2,0,0,0,-77.12,-3.57,Este,C,0,0,0,11:20:00,INT,5.77,00:00:00,00:00:00,18 oct 2026,J,INT
1,4,LA2484280926,LIM,28 sept 2026,22:00:00,1 oct 2026,07:00:00,1,null,28 sept 2026,Sep-2026,2026Q3,LA,2484,LIM,MAD,LIMMAD,23:00:00,10:20:00,23:00:00,17:20:00,04:00:00,15:20:00,NO,789,BASE,NO,01:00:00,FP,11:20:00,null,SI,SI,03:00:00,1,1,1,null,1,22:00:00,22:00:00,28 sept 2026,28 sept 2026,22:00:00,17:50:00,29 sept 2026,10:50:00,29 sept 2026,10:50:00,29 sept 2026,12:50:00,13:00:00,30:55:00,2691,2,2,0,0,0,-77.12,-3.57,Este,C,0,0,0,11:20:00,INT,5.77,00:00:00,00:00:00,29 sept 2026,J,INT
60,4,null,LIM,4 oct 2026,22:00:00,7 oct 2026,07:00:00,1,null,4 oct 2026,Oct-2026,2026Q3,LA,2484,LIM,MAD,LIMMAD,23:00:00,10:20:00,23:00:00,17:20:00,04:00:00,15:20:00,NO,789,BASE,NO,01:00:00,FP,11:20:00,null,SI,NO,03:00:00,1,1,1,null,1,22:00:00,22:00:00,4 oct 2026,4 oct 2026,22:00:00,17:50:00,5 oct 2026,10:50:00,5 oct 2026,10:50:00,5 oct 2026,12:50:00,13:00:00,30:55:00,2691,0,0,1,0,8,-77.12,-3.57,Este," ",0,0,0,11:20:00,INT,5.77,00:00:00,00:00:00,5 oct 2026,J,INT
81,4,null,LIM,6 oct 2026,22:00:00,9 oct 2026,07:00:00,1,null,6 oct 2026,Oct-2026,2026Q3,LA,2484,LIM,MAD,LIMMAD,23:00:00,10:20:00,23:00:00,17:20:00,04:00:00,15:20:00,NO,789,BASE,NO,01:00:00,FP,11:20:00,null,SI,SI,03:00:00,1,1,1,null,1,22:00:00,22:00:00,6 oct 2026,6 oct 2026,22:00:00,17:50:00,7 oct 2026,10:50:00,7 oct 2026,10:50:00,7 oct 2026,12:50:00,13:00:00,30:55:00,2691,0,0,1,0,8,-77.12,-3.57,Este," ",0,0,0,11:20:00,INT,5.77,00:00:00,00:00:00,7 oct 2026,J,INT
1,null,LA2935270926,LIM,27 sept 2026,12:30:00,1 oct 2026,01:40:00,null,1,30 sept 2026,Sep-2026,2026Q3,LA,2934,GRU,LIM,GRULIM,19:40:00,01:10:00,21:40:00,01:10:00,00:40:00,06:10:00,NO,763,OUT,TOUCH,01:00:00,FP,05:30:00,null,SI,NO,02:55:00,2,4,1,null,1,18:40:00,20:40:00,30 sept 2026,30 sept 2026,18:40:00,01:40:00,1 oct 2026,01:40:00,1 oct 2026,01:40:00,1 oct 2026,07:00:00,13:00:00,null,2661,1,1,0,0,0,-46.47,-77.12,Oeste,A,0,0,0,05:30:00,INT,2.033,00:00:00,00:00:00,1 oct 2026,J,REG
1,null,LA2935270926,LIM,27 sept 2026,12:30:00,1 oct 2026,01:40:00,null,1,30 sept 2026,Sep-2026,2026Q3,LA,2934,GRU,LIM,GRULIM,19:40:00,01:10:00,21:40:00,01:10:00,00:40:00,06:10:00,NO,763,OUT,TOUCH,01:00:00,FP,05:30:00,null,SI,NO,02:55:00,2,4,1,null,1,18:40:00,20:40:00,30 sept 2026,30 sept 2026,18:40:00,01:40:00,1 oct 2026,01:40:00,1 oct 2026,01:40:00,1 oct 2026,07:00:00,13:00:00,null,2661,0,0,1,0,4,-46.47,-77.12,Oeste," ",0,0,0,05:30:00,INT,2.033,00:00:00,00:00:00,1 oct 2026,J,REG
94,null,null,LIM,11 oct 2026,12:30:00,15 oct 2026,01:40:00,null,1,14 oct 2026,Oct-2026,2026Q3,LA,2934,GRU,LIM,GRULIM,19:40:00,01:10:00,21:40:00,01:10:00,00:40:00,06:10:00,NO,763,OUT,TOUCH,01:00:00,FP,05:30:00,null,SI,NO,02:55:00,2,4,1,null,1,18:40:00,20:40:00,14 oct 2026,14 oct 2026,18:40:00,01:40:00,15 oct 2026,01:40:00,15 oct 2026,01:40:00,15 oct 2026,07:00:00,13:00:00,null,2661,1,1,0,0,0,-46.47,-77.12,Oeste,A,0,0,0,05:30:00,INT,2.033,00:00:00,00:00:00,15 oct 2026,J,REG
131,null,null,LIM,11 oct 2026,12:30:00,15 oct 2026,01:40:00,null,1,14 oct 2026,Oct-2026,2026Q3,LA,2934,GRU,LIM,GRULIM,19:40:00,01:10:00,21:40:00,01:10:00,00:40:00,06:10:00,NO,763,OUT,TOUCH,01:00:00,FP,05:30:00,null,SI,NO,02:55:00,2,4,1,null,1,18:40:00,20:40:00,14 oct 2026,14 oct 2026,18:40:00,01:40:00,15 oct 2026,01:40:00,15 oct 2026,01:40:00,15 oct 2026,07:00:00,13:00:00,null,2661,0,0,1,0,4,-46.47,-77.12,Oeste," ",0,0,0,05:30:00,INT,2.033,00:00:00,00:00:00,15 oct 2026,J,REG
106,null,null,LIM,9 oct 2026,08:25:00,12 oct 2026,01:40:00,null,1,11 oct 2026,Oct-2026,2026Q3,LA,2934,GRU,LIM,GRULIM,19:40:00,01:10:00,21:40:00,01:10:00,00:40:00,06:10:00,NO,763,OUT,TOUCH,01:00:00,FP,05:30:00,null,SI,NO,02:55:00,2,3,1,null,1,18:40:00,20:40:00,11 oct 2026,11 oct 2026,18:40:00,01:40:00,12 oct 2026,01:40:00,12 oct 2026,01:40:00,12 oct 2026,07:00:00,13:00:00,null,2613,0,0,1,0,4,-46.47,-77.12,Oeste," ",0,0,0,05:30:00,INT,2.583,00:00:00,00:00:00,12 oct 2026,J,REG
76,null,null,LIM,9 oct 2026,08:25:00,12 oct 2026,01:40:00,null,1,11 oct 2026,Oct-2026,2026Q3,LA,2934,GRU,LIM,GRULIM,19:40:00,01:10:00,21:40:00,01:10:00,00:40:00,06:10:00,NO,763,OUT,TOUCH,01:00:00,FP,05:30:00,null,SI,NO,02:55:00,2,3,1,null,1,18:40:00,20:40:00,11 oct 2026,11 oct 2026,18:40:00,01:40:00,12 oct 2026,01:40:00,12 oct 2026,01:40:00,12 oct 2026,07:00:00,13:00:00,null,2613,1,1,0,0,0,-46.47,-77.12,Oeste,A,0,0,0,05:30:00,INT,2.583,00:00:00,00:00:00,12 oct 2026,J,REG
66,null,null,LIM,5 oct 2026,08:25:00,8 oct 2026,01:40:00,null,1,7 oct 2026,Oct-2026,2026Q3,LA,2934,GRU,LIM,GRULIM,19:40:00,01:10:00,21:40:00,01:10:00,00:40:00,06:10:00,NO,763,OUT,TOUCH,01:00:00,FP,05:30:00,null,SI,NO,02:55:00,2,3,1,null,1,18:40:00,20:40:00,7 oct 2026,7 oct 2026,18:40:00,01:40:00,8 oct 2026,01:40:00,8 oct 2026,01:40:00,8 oct 2026,07:00:00,13:00:00,null,2613,0,0,1,0,4,-46.47,-77.12,Oeste," ",0,0,0,05:30:00,INT,2.583,00:00:00,00:00:00,8 oct 2026,J,REG
48,null,null,LIM,5 oct 2026,08:25:00,8 oct 2026,01:40:00,null,1,7 oct 2026,Oct-2026,2026Q3,LA,2934,GRU,LIM,GRULIM,19:40:00,01:10:00,21:40:00,01:10:00,00:40:00,06:10:00,NO,763,OUT,TOUCH,01:00:00,FP,05:30:00,null,SI,NO,02:55:00,2,3,1,null,1,18:40:00,20:40:00,7 oct 2026,7 oct 2026,18:40:00,01:40:00,8 oct 2026,01:40:00,8 oct 2026,01:40:00,8 oct 2026,07:00:00,13:00:00,null,2613,1,1,0,0,0,-46.47,-77.12,Oeste,A,0,0,0,05:30:00,INT,2.583,00:00:00,00:00:00,8 oct 2026,J,REG
13,null,LA2935300926,LIM,30 sept 2026,12:30:00,3 oct 2026,01:40:00,null,1,2 oct 2026,Oct-2026,2026Q3,LA,2934,GRU,LIM,GRULIM,19:40:00,01:10:00,21:40:00,01:10:00,00:40:00,06:10:00,NO,763,OUT,TOUCH,01:00:00,FP,05:30:00,null,SI,NO,02:55:00,2,3,1,null,1,18:40:00,20:40:00,2 oct 2026,2 oct 2026,18:40:00,01:40:00,3 oct 2026,01:40:00,3 oct 2026,01:40:00,3 oct 2026,07:00:00,13:00:00,null,2610,1,1,0,0,0,-46.47,-77.12,Oeste,A,0,0,0,05:30:00,INT,2.541,00:00:00,00:00:00,3 oct 2026,J,REG
182,null,null,LIM,16 oct 2026,12:30:00,19 oct 2026,01:40:00,null,1,18 oct 2026,Oct-2026,2026Q3,LA,2934,GRU,LIM,GRULIM,19:40:00,01:10:00,21:40:00,01:10:00,00:40:00,06:10:00,NO,763,OUT,TOUCH,01:00:00,FP,05:30:00,null,SI,NO,02:55:00,2,3,1,null,1,18:40:00,20:40:00,18 oct 2026,18 oct 2026,18:40:00,01:40:00,19 oct 2026,01:40:00,19 oct 2026,01:40:00,19 oct 2026,07:00:00,13:00:00,null,2610,0,0,1,0,4,-46.47,-77.12,Oeste," ",0,0,0,05:30:00,INT,2.541,00:00:00,00:00:00,19 oct 2026,J,REG
130,null,null,LIM,16 oct 2026,12:30:00,19 oct 2026,01:40:00,null,1,18 oct 2026,Oct-2026,2026Q3,LA,2934,GRU,LIM,GRULIM,19:40:00,01:10:00,21:40:00,01:10:00,00:40:00,06:10:00,NO,763,OUT,TOUCH,01:00:00,FP,05:30:00,null,SI,NO,02:55:00,2,3,1,null,1,18:40:00,20:40:00,18 oct 2026,18 oct 2026,18:40:00,01:40:00,19 oct 2026,01:40:00,19 oct 2026,01:40:00,19 oct 2026,07:00:00,13:00:00,null,2610,1,1,0,0,0,-46.47,-77.12,Oeste,A,0,0,0,05:30:00,INT,2.541,00:00:00,00:00:00,19 oct 2026,J,REG
17,null,LA2935300926,LIM,30 sept 2026,12:30:00,3 oct 2026,01:40:00,null,1,2 oct 2026,Oct-2026,2026Q3,LA,2934,GRU,LIM,GRULIM,19:40:00,01:10:00,21:40:00,01:10:00,00:40:00,06:10:00,NO,763,OUT,TOUCH,01:00:00,FP,05:30:00,null,SI,NO,02:55:00,2,3,1,null,1,18:40:00,20:40:00,2 oct 2026,2 oct 2026,18:40:00,01:40:00,3 oct 2026,01:40:00,3 oct 2026,01:40:00,3 oct 2026,07:00:00,13:00:00,null,2610,0,0,1,0,4,-46.47,-77.12,Oeste," ",0,0,0,05:30:00,INT,2.541,00:00:00,00:00:00,3 oct 2026,J,REG
179,3,null,LIM,23 oct 2026,11:00:00,25 oct 2026,21:30:00,1,null,23 oct 2026,Oct-2026,2026Q3,LA,2690,LIM,JFK,LIMJFK,12:00:00,20:05:00,12:00:00,21:05:00,17:00:00,01:05:00,NO,763,BASE,NO,01:00:00,FP,08:05:00,null,SI,NO,03:00:00,1,1,1,null,1,11:00:00,11:00:00,23 oct 2026,23 oct 2026,11:00:00,21:35:00,23 oct 2026,20:35:00,23 oct 2026,20:35:00,23 oct 2026,09:35:00,13:00:00,39:15:00,2608,2,1,0,0,0,-77.12,-73.78,Este,B,0,0,0,08:05:00,INT,5.416,00:00:00,00:00:00,23 oct 2026,J,INT
252,3,null,LIM,23 oct 2026,11:00:00,25 oct 2026,21:30:00,1,null,23 oct 2026,Oct-2026,2026Q3,LA,2690,LIM,JFK,LIMJFK,12:00:00,20:05:00,12:00:00,21:05:00,17:00:00,01:05:00,NO,763,BASE,NO,01:00:00,FP,08:05:00,null,SI,NO,03:00:00,1,1,1,null,1,11:00:00,11:00:00,23 oct 2026,23 oct 2026,11:00:00,21:35:00,23 oct 2026,20:35:00,23 oct 2026,20:35:00,23 oct 2026,09:35:00,13:00:00,39:15:00,2608,0,0,1,0,6,-77.12,-73.78,Este," ",0,0,0,08:05:00,INT,5.416,00:00:00,00:00:00,23 oct 2026,J,INT
231,3,null,LIM,21 oct 2026,11:00:00,23 oct 2026,21:30:00,1,null,21 oct 2026,Oct-2026,2026Q3,LA,2690,LIM,JFK,LIMJFK,12:00:00,20:05:00,12:00:00,21:05:00,17:00:00,01:05:00,NO,763,BASE,NO,01:00:00,FP,08:05:00,null,SI,NO,03:00:00,1,1,1,null,1,11:00:00,11:00:00,21 oct 2026,21 oct 2026,11:00:00,21:35:00,21 oct 2026,20:35:00,21 oct 2026,20:35:00,21 oct 2026,09:35:00,13:00:00,39:20:00,2608,0,0,1,0,6,-77.12,-73.78,Este," ",0,0,0,08:05:00,INT,5.388,00:00:00,00:00:00,21 oct 2026,J,INT
164,3,null,LIM,21 oct 2026,11:00:00,23 oct 2026,21:30:00,1,null,21 oct 2026,Oct-2026,2026Q3,LA,2690,LIM,JFK,LIMJFK,12:00:00,20:05:00,12:00:00,21:05:00,17:00:00,01:05:00,NO,763,BASE,NO,01:00:00,FP,08:05:00,null,SI,NO,03:00:00,1,1,1,null,1,11:00:00,11:00:00,21 oct 2026,21 oct 2026,11:00:00,21:35:00,21 oct 2026,20:35:00,21 oct 2026,20:35:00,21 oct 2026,09:35:00,13:00:00,39:20:00,2608,2,1,0,0,0,-77.12,-73.78,Este,B,0,0,0,08:05:00,INT,5.388,00:00:00,00:00:00,21 oct 2026,J,INT
14,3,LA2690300926,LIM,30 sept 2026,11:00:00,2 oct 2026,21:30:00,1,null,30 sept 2026,Sep-2026,2026Q3,LA,2690,LIM,JFK,LIMJFK,12:00:00,20:05:00,12:00:00,21:05:00,17:00:00,01:05:00,NO,763,BASE,NO,01:00:00,FP,08:05:00,null,SI,NO,03:00:00,1,1,1,null,1,11:00:00,11:00:00,30 sept 2026,30 sept 2026,11:00:00,21:35:00,30 sept 2026,20:35:00,30 sept 2026,20:35:00,30 sept 2026,09:35:00,13:00:00,39:20:00,2608,0,0,1,0,6,-77.12,-73.78,Este," ",0,0,0,08:05:00,INT,5.388,00:00:00,00:00:00,30 sept 2026,J,INT
10,3,LA2690300926,LIM,30 sept 2026,11:00:00,2 oct 2026,21:30:00,1,null,30 sept 2026,Sep-2026,2026Q3,LA,2690,LIM,JFK,LIMJFK,12:00:00,20:05:00,12:00:00,21:05:00,17:00:00,01:05:00,NO,763,BASE,NO,01:00:00,FP,08:05:00,null,SI,NO,03:00:00,1,1,1,null,1,11:00:00,11:00:00,30 sept 2026,30 sept 2026,11:00:00,21:35:00,30 sept 2026,20:35:00,30 sept 2026,20:35:00,30 sept 2026,09:35:00,13:00:00,39:20:00,2608,2,1,0,0,0,-77.12,-73.78,Este,B,0,0,0,08:05:00,INT,5.388,00:00:00,00:00:00,30 sept 2026,J,INT
69,null,null,LIM,8 oct 2026,08:25:00,10 oct 2026,01:40:00,null,1,9 oct 2026,Oct-2026,2026Q3,LA,2934,GRU,LIM,GRULIM,19:40:00,01:10:00,21:40:00,01:10:00,00:40:00,06:10:00,NO,763,OUT,TOUCH,01:00:00,FP,05:30:00,null,SI,NO,02:55:00,2,2,1,null,1,18:40:00,20:40:00,9 oct 2026,9 oct 2026,18:40:00,01:40:00,10 oct 2026,01:40:00,10 oct 2026,01:40:00,10 oct 2026,07:00:00,13:00:00,null,2573,1,1,0,0,0,-46.47,-77.12,Oeste,A,0,0,0,05:30:00,INT,3.444,00:00:00,00:00:00,10 oct 2026,J,REG
120,null,null,LIM,15 oct 2026,08:25:00,17 oct 2026,01:40:00,null,1,16 oct 2026,Oct-2026,2026Q3,LA,2934,GRU,LIM,GRULIM,19:40:00,01:10:00,21:40:00,01:10:00,00:40:00,06:10:00,NO,763,OUT,TOUCH,01:00:00,FP,05:30:00,null,SI,NO,02:55:00,2,2,1,null,1,18:40:00,20:40:00,16 oct 2026,16 oct 2026,18:40:00,01:40:00,17 oct 2026,01:40:00,17 oct 2026,01:40:00,17 oct 2026,07:00:00,13:00:00,null,2573,1,1,0,0,0,-46.47,-77.12,Oeste,A,0,0,0,05:30:00,INT,3.444,00:00:00,00:00:00,17 oct 2026,J,REG
96,null,null,LIM,8 oct 2026,08:25:00,10 oct 2026,01:40:00,null,1,9 oct 2026,Oct-2026,2026Q3,LA,2934,GRU,LIM,GRULIM,19:40:00,01:10:00,21:40:00,01:10:00,00:40:00,06:10:00,NO,763,OUT,TOUCH,01:00:00,FP,05:30:00,null,SI,NO,02:55:00,2,2,1,null,1,18:40:00,20:40:00,9 oct 2026,9 oct 2026,18:40:00,01:40:00,10 oct 2026,01:40:00,10 oct 2026,01:40:00,10 oct 2026,07:00:00,13:00:00,null,2573,0,0,1,0,4,-46.47,-77.12,Oeste," ",0,0,0,05:30:00,INT,3.444,00:00:00,00:00:00,10 oct 2026,J,REG
168,null,null,LIM,15 oct 2026,08:25:00,17 oct 2026,01:40:00,null,1,16 oct 2026,Oct-2026,2026Q3,LA,2934,GRU,LIM,GRULIM,19:40:00,01:10:00,21:40:00,01:10:00,00:40:00,06:10:00,NO,763,OUT,TOUCH,01:00:00,FP,05:30:00,null,SI,NO,02:55:00,2,2,1,null,1,18:40:00,20:40:00,16 oct 2026,16 oct 2026,18:40:00,01:40:00,17 oct 2026,01:40:00,17 oct 2026,01:40:00,17 oct 2026,07:00:00,13:00:00,null,2573,0,0,1,0,4,-46.47,-77.12,Oeste," ",0,0,0,05:30:00,INT,3.444,00:00:00,00:00:00,17 oct 2026,J,REG
15,null,LA2476300926,LIM,30 sept 2026,11:00:00,4 oct 2026,08:40:00,null,1,3 oct 2026,Oct-2026,2026Q3,LA,2477,LAX,LIM,LAXLIM,23:30:00,08:10:00,21:30:00,08:10:00,04:30:00,13:10:00,NO,763,OUT,TOUCH,01:00:00,FP,08:40:00,null,SI,NO,02:55:00,2,4,1,null,1,22:30:00,20:30:00,3 oct 2026,3 oct 2026,22:30:00,08:40:00,4 oct 2026,08:40:00,4 oct 2026,08:40:00,4 oct 2026,10:10:00,13:00:00,null,2562,0,0,1,0,6,-118.4,-77.12,Este," ",0,0,0,08:40:00,INT,3.533,00:00:00,00:00:00,4 oct 2026,J,INT
11,null,LA2476300926,LIM,30 sept 2026,11:00:00,4 oct 2026,08:40:00,null,1,3 oct 2026,Oct-2026,2026Q3,LA,2477,LAX,LIM,LAXLIM,23:30:00,08:10:00,21:30:00,08:10:00,04:30:00,13:10:00,NO,763,OUT,TOUCH,01:00:00,FP,08:40:00,null,SI,NO,02:55:00,2,4,1,null,1,22:30:00,20:30:00,3 oct 2026,3 oct 2026,22:30:00,08:40:00,4 oct 2026,08:40:00,4 oct 2026,08:40:00,4 oct 2026,10:10:00,13:00:00,null,2562,2,1,0,0,0,-118.4,-77.12,Este,B,0,0,0,08:40:00,INT,3.533,00:00:00,00:00:00,4 oct 2026,J,INT
344,null,null,LIM,31 oct 2026,23:50:00,2 nov 2026,22:20:00,null,1,2 nov 2026,Nov-2026,2026Q3,LA,2479,LAX,LIM,LAXLIM,13:10:00,21:50:00,10:10:00,21:50:00,18:10:00,02:50:00,NO,763,OUT,TOUCH,01:00:00,FP,08:40:00,null,SI,NO,02:10:00,2,3,1,null,1,12:10:00,09:10:00,2 nov 2026,2 nov 2026,12:10:00,22:20:00,2 nov 2026,22:20:00,2 nov 2026,22:20:00,2 nov 2026,10:10:00,13:00:00,null,2559,0,0,1,0,6,-118.4,-77.12,Este," ",0,0,0,08:40:00,INT,5.861,00:00:00,00:00:00,2 nov 2026,J,INT
245,null,null,LIM,31 oct 2026,23:50:00,2 nov 2026,22:20:00,null,1,2 nov 2026,Nov-2026,2026Q3,LA,2479,LAX,LIM,LAXLIM,13:10:00,21:50:00,10:10:00,21:50:00,18:10:00,02:50:00,NO,763,OUT,TOUCH,01:00:00,FP,08:40:00,null,SI,NO,02:10:00,2,3,1,null,1,12:10:00,09:10:00,2 nov 2026,2 nov 2026,12:10:00,22:20:00,2 nov 2026,22:20:00,2 nov 2026,22:20:00,2 nov 2026,10:10:00,13:00:00,null,2559,2,1,0,0,0,-118.4,-77.12,Este,B,0,0,0,08:40:00,INT,5.861,00:00:00,00:00:00,2 nov 2026,J,INT
306,3,null,LIM,28 oct 2026,11:00:00,30 oct 2026,21:30:00,1,null,28 oct 2026,Oct-2026,2026Q3,LA,2690,LIM,JFK,LIMJFK,12:00:00,20:10:00,12:00:00,21:10:00,17:00:00,01:10:00,NO,763,BASE,NO,01:00:00,FP,08:10:00,null,SI,NO,03:00:00,1,1,1,null,1,11:00:00,11:00:00,28 oct 2026,28 oct 2026,11:00:00,21:40:00,28 oct 2026,20:40:00,28 oct 2026,20:40:00,28 oct 2026,09:40:00,13:00:00,39:10:00,2555,0,0,1,0,6,-77.12,-73.78,Este," ",0,0,0,08:10:00,INT,5.444,00:00:00,00:00:00,28 oct 2026,J,INT
24,3,null,LIM,2 oct 2026,11:00:00,4 oct 2026,21:30:00,1,null,2 oct 2026,Oct-2026,2026Q3,LA,2690,LIM,JFK,LIMJFK,12:00:00,20:10:00,12:00:00,21:10:00,17:00:00,01:10:00,NO,763,BASE,NO,01:00:00,FP,08:10:00,null,SI,NO,03:00:00,1,1,1,null,1,11:00:00,11:00:00,2 oct 2026,2 oct 2026,11:00:00,21:40:00,2 oct 2026,20:40:00,2 oct 2026,20:40:00,2 oct 2026,09:40:00,13:00:00,39:20:00,2555,2,1,0,0,0,-77.12,-73.78,Este,B,0,0,0,08:10:00,INT,5.388,00:00:00,00:00:00,2 oct 2026,J,INT
326,3,null,LIM,30 oct 2026,11:00:00,1 nov 2026,21:30:00,1,null,30 oct 2026,Oct-2026,2026Q3,LA,2690,LIM,JFK,LIMJFK,12:00:00,20:10:00,12:00:00,21:10:00,17:00:00,01:10:00,NO,763,BASE,NO,01:00:00,FP,08:10:00,null,SI,NO,03:00:00,1,1,1,null,1,11:00:00,11:00:00,30 oct 2026,30 oct 2026,11:00:00,21:40:00,30 oct 2026,20:40:00,30 oct 2026,20:40:00,30 oct 2026,09:40:00,13:00:00,39:10:00,2555,0,0,1,0,6,-77.12,-73.78,Este," ",0,0,0,08:10:00,INT,5.444,00:00:00,00:00:00,30 oct 2026,J,INT
218,3,null,LIM,28 oct 2026,11:00:00,30 oct 2026,21:30:00,1,null,28 oct 2026,Oct-2026,2026Q3,LA,2690,LIM,JFK,LIMJFK,12:00:00,20:10:00,12:00:00,21:10:00,17:00:00,01:10:00,NO,763,BASE,NO,01:00:00,FP,08:10:00,null,SI,NO,03:00:00,1,1,1,null,1,11:00:00,11:00:00,28 oct 2026,28 oct 2026,11:00:00,21:40:00,28 oct 2026,20:40:00,28 oct 2026,20:40:00,28 oct 2026,09:40:00,13:00:00,39:10:00,2555,2,1,0,0,0,-77.12,-73.78,Este,B,0,0,0,08:10:00,INT,5.444,00:00:00,00:00:00,28 oct 2026,J,INT
195,4,null,LIM,25 oct 2026,11:00:00,28 oct 2026,21:30:00,1,null,25 oct 2026,Oct-2026,2026Q3,LA,2690,LIM,JFK,LIMJFK,12:00:00,20:10:00,12:00:00,21:10:00,17:00:00,01:10:00,NO,763,BASE,NO,01:00:00,FP,08:10:00,null,SI,NO,03:00:00,1,1,1,null,1,11:00:00,11:00:00,25 oct 2026,25 oct 2026,11:00:00,21:40:00,25 oct 2026,20:40:00,25 oct 2026,20:40:00,25 oct 2026,09:40:00,13:00:00,63:10:00,2555,2,1,0,0,0,-77.12,-73.78,Este,B,0,0,0,08:10:00,INT,4.083,00:00:00,00:00:00,25 oct 2026,J,INT
34,3,null,LIM,2 oct 2026,11:00:00,4 oct 2026,21:30:00,1,null,2 oct 2026,Oct-2026,2026Q3,LA,2690,LIM,JFK,LIMJFK,12:00:00,20:10:00,12:00:00,21:10:00,17:00:00,01:10:00,NO,763,BASE,NO,01:00:00,FP,08:10:00,null,SI,NO,03:00:00,1,1,1,null,1,11:00:00,11:00:00,2 oct 2026,2 oct 2026,11:00:00,21:40:00,2 oct 2026,20:40:00,2 oct 2026,20:40:00,2 oct 2026,09:40:00,13:00:00,39:20:00,2555,0,0,1,0,6,-77.12,-73.78,Este," ",0,0,0,08:10:00,INT,5.388,00:00:00,00:00:00,2 oct 2026,J,INT
232,3,null,LIM,30 oct 2026,11:00:00,1 nov 2026,21:30:00,1,null,30 oct 2026,Oct-2026,2026Q3,LA,2690,LIM,JFK,LIMJFK,12:00:00,20:10:00,12:00:00,21:10:00,17:00:00,01:10:00,NO,763,BASE,NO,01:00:00,FP,08:10:00,null,SI,NO,03:00:00,1,1,1,null,1,11:00:00,11:00:00,30 oct 2026,30 oct 2026,11:00:00,21:40:00,30 oct 2026,20:40:00,30 oct 2026,20:40:00,30 oct 2026,09:40:00,13:00:00,39:10:00,2555,2,1,0,0,0,-77.12,-73.78,Este,B,0,0,0,08:10:00,INT,5.444,00:00:00,00:00:00,30 oct 2026,J,INT
274,4,null,LIM,25 oct 2026,11:00:00,28 oct 2026,21:30:00,1,null,25 oct 2026,Oct-2026,2026Q3,LA,2690,LIM,JFK,LIMJFK,12:00:00,20:10:00,12:00:00,21:10:00,17:00:00,01:10:00,NO,763,BASE,NO,01:00:00,FP,08:10:00,null,SI,NO,03:00:00,1,1,1,null,1,11:00:00,11:00:00,25 oct 2026,25 oct 2026,11:00:00,21:40:00,25 oct 2026,20:40:00,25 oct 2026,20:40:00,25 oct 2026,09:40:00,13:00:00,63:10:00,2555,0,0,1,0,6,-77.12,-73.78,Este," ",0,0,0,08:10:00,INT,4.083,00:00:00,00:00:00,25 oct 2026,J,INT
185,null,null,LIM,23 oct 2026,23:40:00,25 oct 2026,22:20:00,null,1,25 oct 2026,Oct-2026,2026Q3,LA,2479,LAX,LIM,LAXLIM,13:10:00,21:50:00,11:10:00,21:50:00,18:10:00,02:50:00,NO,763,OUT,TOUCH,01:00:00,FP,08:40:00,null,SI,NO,02:10:00,2,3,1,null,1,12:10:00,10:10:00,25 oct 2026,25 oct 2026,12:10:00,22:20:00,25 oct 2026,22:20:00,25 oct 2026,22:20:00,25 oct 2026,10:10:00,13:00:00,null,2548,2,1,0,0,0,-118.4,-77.12,Este,B,0,0,0,08:40:00,INT,5.944,00:00:00,00:00:00,25 oct 2026,J,INT
260,null,null,LIM,23 oct 2026,23:40:00,25 oct 2026,22:20:00,null,1,25 oct 2026,Oct-2026,2026Q3,LA,2479,LAX,LIM,LAXLIM,13:10:00,21:50:00,11:10:00,21:50:00,18:10:00,02:50:00,NO,763,OUT,TOUCH,01:00:00,FP,08:40:00,null,SI,NO,02:10:00,2,3,1,null,1,12:10:00,10:10:00,25 oct 2026,25 oct 2026,12:10:00,22:20:00,25 oct 2026,22:20:00,25 oct 2026,22:20:00,25 oct 2026,10:10:00,13:00:00,null,2548,0,0,1,0,6,-118.4,-77.12,Este," ",0,0,0,08:40:00,INT,5.944,00:00:00,00:00:00,25 oct 2026,J,INT
303,null,null,LIM,27 oct 2026,23:50:00,29 oct 2026,22:20:00,null,1,29 oct 2026,Oct-2026,2026Q3,LA,2479,LAX,LIM,LAXLIM,13:10:00,21:50:00,11:10:00,21:50:00,18:10:00,02:50:00,NO,763,OUT,TOUCH,01:00:00,FP,08:40:00,null,SI,NO,02:10:00,2,3,1,null,1,12:10:00,10:10:00,29 oct 2026,29 oct 2026,12:10:00,22:20:00,29 oct 2026,22:20:00,29 oct 2026,22:20:00,29 oct 2026,10:10:00,13:00:00,null,2536,0,0,1,0,6,-118.4,-77.12,Este," ",0,0,0,08:40:00,INT,5.861,00:00:00,00:00:00,29 oct 2026,J,INT
313,null,null,LIM,28 oct 2026,23:50:00,30 oct 2026,22:20:00,null,1,30 oct 2026,Oct-2026,2026Q3,LA,2479,LAX,LIM,LAXLIM,13:10:00,21:50:00,11:10:00,21:50:00,18:10:00,02:50:00,NO,763,OUT,TOUCH,01:00:00,FP,08:40:00,null,SI,NO,02:10:00,2,3,1,null,1,12:10:00,10:10:00,30 oct 2026,30 oct 2026,12:10:00,22:20:00,30 oct 2026,22:20:00,30 oct 2026,22:20:00,30 oct 2026,10:10:00,13:00:00,null,2536,0,0,1,0,6,-118.4,-77.12,Este," ",0,0,0,08:40:00,INT,5.861,00:00:00,00:00:00,30 oct 2026,J,INT
333,null,null,LIM,30 oct 2026,23:50:00,1 nov 2026,22:20:00,null,1,1 nov 2026,Nov-2026,2026Q3,LA,2479,LAX,LIM,LAXLIM,13:10:00,21:50:00,10:10:00,21:50:00,18:10:00,02:50:00,NO,763,OUT,TOUCH,01:00:00,FP,08:40:00,null,SI,NO,02:10:00,2,3,1,null,1,12:10:00,09:10:00,1 nov 2026,1 nov 2026,12:10:00,22:20:00,1 nov 2026,22:20:00,1 nov 2026,22:20:00,1 nov 2026,10:10:00,13:00:00,null,2536,0,0,1,0,6,-118.4,-77.12,Este," ",0,0,0,08:40:00,INT,5.861,00:00:00,00:00:00,1 nov 2026,J,INT
216,null,null,LIM,27 oct 2026,23:50:00,29 oct 2026,22:20:00,null,1,29 oct 2026,Oct-2026,2026Q3,LA,2479,LAX,LIM,LAXLIM,13:10:00,21:50:00,11:10:00,21:50:00,18:10:00,02:50:00,NO,763,OUT,TOUCH,01:00:00,FP,08:40:00,null,SI,NO,02:10:00,2,3,1,null,1,12:10:00,10:10:00,29 oct 2026,29 oct 2026,12:10:00,22:20:00,29 oct 2026,22:20:00,29 oct 2026,22:20:00,29 oct 2026,10:10:00,13:00:00,null,2536,2,1,0,0,0,-118.4,-77.12,Este,B,0,0,0,08:40:00,INT,5.861,00:00:00,00:00:00,29 oct 2026,J,INT
323,null,null,LIM,29 oct 2026,23:50:00,31 oct 2026,22:20:00,null,1,31 oct 2026,Oct-2026,2026Q3,LA,2479,LAX,LIM,LAXLIM,13:10:00,21:50:00,11:10:00,21:50:00,18:10:00,02:50:00,NO,763,OUT,TOUCH,01:00:00,FP,08:40:00,null,SI,NO,02:10:00,2,3,1,null,1,12:10:00,10:10:00,31 oct 2026,31 oct 2026,12:10:00,22:20:00,31 oct 2026,22:20:00,31 oct 2026,22:20:00,31 oct 2026,10:10:00,13:00:00,null,2536,0,0,1,0,6,-118.4,-77.12,Este," ",0,0,0,08:40:00,INT,5.861,00:00:00,00:00:00,31 oct 2026,J,INT
230,null,null,LIM,29 oct 2026,23:50:00,31 oct 2026,22:20:00,null,1,31 oct 2026,Oct-2026,2026Q3,LA,2479,LAX,LIM,LAXLIM,13:10:00,21:50:00,11:10:00,21:50:00,18:10:00,02:50:00,NO,763,OUT,TOUCH,01:00:00,FP,08:40:00,null,SI,NO,02:10:00,2,3,1,null,1,12:10:00,10:10:00,31 oct 2026,31 oct 2026,12:10:00,22:20:00,31 oct 2026,22:20:00,31 oct 2026,22:20:00,31 oct 2026,10:10:00,13:00:00,null,2536,2,1,0,0,0,-118.4,-77.12,Este,B,0,0,0,08:40:00,INT,5.861,00:00:00,00:00:00,31 oct 2026,J,INT
282,null,null,LIM,25 oct 2026,23:50:00,27 oct 2026,22:20:00,null,1,27 oct 2026,Oct-2026,2026Q3,LA,2479,LAX,LIM,LAXLIM,13:10:00,21:50:00,11:10:00,21:50:00,18:10:00,02:50:00,NO,763,OUT,TOUCH,01:00:00,FP,08:40:00,null,SI,NO,02:10:00,2,3,1,null,1,12:10:00,10:10:00,27 oct 2026,27 oct 2026,12:10:00,22:20:00,27 oct 2026,22:20:00,27 oct 2026,22:20:00,27 oct 2026,10:10:00,13:00:00,null,2536,0,0,1,0,6,-118.4,-77.12,Este," ",0,0,0,08:40:00,INT,5.861,00:00:00,00:00:00,27 oct 2026,J,INT
209,null,null,LIM,26 oct 2026,23:50:00,28 oct 2026,22:20:00,null,1,28 oct 2026,Oct-2026,2026Q3,LA,2479,LAX,LIM,LAXLIM,13:10:00,21:50:00,11:10:00,21:50:00,18:10:00,02:50:00,NO,763,OUT,TOUCH,01:00:00,FP,08:40:00,null,SI,NO,02:10:00,2,3,1,null,1,12:10:00,10:10:00,28 oct 2026,28 oct 2026,12:10:00,22:20:00,28 oct 2026,22:20:00,28 oct 2026,22:20:00,28 oct 2026,10:10:00,13:00:00,null,2536,2,1,0,0,0,-118.4,-77.12,Este,B,0,0,0,08:40:00,INT,5.861,00:00:00,00:00:00,28 oct 2026,J,INT
223,null,null,LIM,28 oct 2026,23:50:00,30 oct 2026,22:20:00,null,1,30 oct 2026,Oct-2026,2026Q3,LA,2479,LAX,LIM,LAXLIM,13:10:00,21:50:00,11:10:00,21:50:00,18:10:00,02:50:00,NO,763,OUT,TOUCH,01:00:00,FP,08:40:00,null,SI,NO,02:10:00,2,3,1,null,1,12:10:00,10:10:00,30 oct 2026,30 oct 2026,12:10:00,22:20:00,30 oct 2026,22:20:00,30 oct 2026,22:20:00,30 oct 2026,10:10:00,13:00:00,null,2536,2,1,0,0,0,-118.4,-77.12,Este,B,0,0,0,08:40:00,INT,5.861,00:00:00,00:00:00,30 oct 2026,J,INT
271,null,null,LIM,24 oct 2026,23:50:00,26 oct 2026,22:20:00,null,1,26 oct 2026,Oct-2026,2026Q3,LA,2479,LAX,LIM,LAXLIM,13:10:00,21:50:00,11:10:00,21:50:00,18:10:00,02:50:00,NO,763,OUT,TOUCH,01:00:00,FP,08:40:00,null,SI,NO,02:10:00,2,3,1,null,1,12:10:00,10:10:00,26 oct 2026,26 oct 2026,12:10:00,22:20:00,26 oct 2026,22:20:00,26 oct 2026,22:20:00,26 oct 2026,10:10:00,13:00:00,null,2536,0,0,1,0,6,-118.4,-77.12,Este," ",0,0,0,08:40:00,INT,5.861,00:00:00,00:00:00,26 oct 2026,J,INT
237,null,null,LIM,30 oct 2026,23:50:00,1 nov 2026,22:20:00,null,1,1 nov 2026,Nov-2026,2026Q3,LA,2479,LAX,LIM,LAXLIM,13:10:00,21:50:00,10:10:00,21:50:00,18:10:00,02:50:00,NO,763,OUT,TOUCH,01:00:00,FP,08:40:00,null,SI,NO,02:10:00,2,3,1,null,1,12:10:00,09:10:00,1 nov 2026,1 nov 2026,12:10:00,22:20:00,1 nov 2026,22:20:00,1 nov 2026,22:20:00,1 nov 2026,10:10:00,13:00:00,null,2536,2,1,0,0,0,-118.4,-77.12,Este,B,0,0,0,08:40:00,INT,5.861,00:00:00,00:00:00,1 nov 2026,J,INT
201,null,null,LIM,25 oct 2026,23:50:00,27 oct 2026,22:20:00,null,1,27 oct 2026,Oct-2026,2026Q3,LA,2479,LAX,LIM,LAXLIM,13:10:00,21:50:00,11:10:00,21:50:00,18:10:00,02:50:00,NO,763,OUT,TOUCH,01:00:00,FP,08:40:00,null,SI,NO,02:10:00,2,3,1,null,1,12:10:00,10:10:00,27 oct 2026,27 oct 2026,12:10:00,22:20:00,27 oct 2026,22:20:00,27 oct 2026,22:20:00,27 oct 2026,10:10:00,13:00:00,null,2536,2,1,0,0,0,-118.4,-77.12,Este,B,0,0,0,08:40:00,INT,5.861,00:00:00,00:00:00,27 oct 2026,J,INT
193,null,null,LIM,24 oct 2026,23:50:00,26 oct 2026,22:20:00,null,1,26 oct 2026,Oct-2026,2026Q3,LA,2479,LAX,LIM,LAXLIM,13:10:00,21:50:00,11:10:00,21:50:00,18:10:00,02:50:00,NO,763,OUT,TOUCH,01:00:00,FP,08:40:00,null,SI,NO,02:10:00,2,3,1,null,1,12:10:00,10:10:00,26 oct 2026,26 oct 2026,12:10:00,22:20:00,26 oct 2026,22:20:00,26 oct 2026,22:20:00,26 oct 2026,10:10:00,13:00:00,null,2536,2,1,0,0,0,-118.4,-77.12,Este,B,0,0,0,08:40:00,INT,5.861,00:00:00,00:00:00,26 oct 2026,J,INT
293,null,null,LIM,26 oct 2026,23:50:00,28 oct 2026,22:20:00,null,1,28 oct 2026,Oct-2026,2026Q3,LA,2479,LAX,LIM,LAXLIM,13:10:00,21:50:00,11:10:00,21:50:00,18:10:00,02:50:00,NO,763,OUT,TOUCH,01:00:00,FP,08:40:00,null,SI,NO,02:10:00,2,3,1,null,1,12:10:00,10:10:00,28 oct 2026,28 oct 2026,12:10:00,22:20:00,28 oct 2026,22:20:00,28 oct 2026,22:20:00,28 oct 2026,10:10:00,13:00:00,null,2536,0,0,1,0,6,-118.4,-77.12,Este," ",0,0,0,08:40:00,INT,5.861,00:00:00,00:00:00,28 oct 2026,J,INT
50,null,null,LIM,3 oct 2026,18:55:00,5 oct 2026,01:40:00,null,1,4 oct 2026,Oct-2026,2026Q3,LA,2934,GRU,LIM,GRULIM,19:40:00,01:10:00,21:40:00,01:10:00,00:40:00,06:10:00,NO,763,OUT,TOUCH,01:00:00,FP,05:30:00,null,SI,NO,02:55:00,2,2,1,null,1,18:40:00,20:40:00,4 oct 2026,4 oct 2026,18:40:00,01:40:00,5 oct 2026,01:40:00,5 oct 2026,01:40:00,5 oct 2026,07:00:00,13:00:00,null,2424,0,0,1,0,4,-46.47,-77.12,Oeste," ",0,0,0,05:30:00,INT,1.833,00:00:00,00:00:00,5 oct 2026,J,REG
37,null,null,LIM,3 oct 2026,18:55:00,5 oct 2026,01:40:00,null,1,4 oct 2026,Oct-2026,2026Q3,LA,2934,GRU,LIM,GRULIM,19:40:00,01:10:00,21:40:00,01:10:00,00:40:00,06:10:00,NO,763,OUT,TOUCH,01:00:00,FP,05:30:00,null,SI,NO,02:55:00,2,2,1,null,1,18:40:00,20:40:00,4 oct 2026,4 oct 2026,18:40:00,01:40:00,5 oct 2026,01:40:00,5 oct 2026,01:40:00,5 oct 2026,07:00:00,13:00:00,null,2424,1,1,0,0,0,-46.47,-77.12,Oeste,A,0,0,0,05:30:00,INT,1.833,00:00:00,00:00:00,5 oct 2026,J,REG
134,null,null,LIM,16 oct 2026,23:40:00,18 oct 2026,22:40:00,null,1,18 oct 2026,Oct-2026,2026Q3,LA,2479,LAX,LIM,LAXLIM,13:30:00,22:10:00,11:30:00,22:10:00,18:30:00,03:10:00,NO,763,OUT,TOUCH,01:00:00,FP,08:40:00,null,SI,NO,03:00:00,2,3,1,null,1,12:30:00,10:30:00,18 oct 2026,18 oct 2026,12:30:00,22:40:00,18 oct 2026,22:40:00,18 oct 2026,22:40:00,18 oct 2026,10:10:00,13:00:00,null,2376,2,1,0,0,0,-118.4,-77.12,Este,B,0,0,0,08:40:00,INT,5.944,00:00:00,00:00:00,18 oct 2026,J,INT
61,null,null,LIM,6 oct 2026,23:40:00,8 oct 2026,22:40:00,null,1,8 oct 2026,Oct-2026,2026Q3,LA,2479,LAX,LIM,LAXLIM,13:30:00,22:10:00,11:30:00,22:10:00,18:30:00,03:10:00,NO,763,OUT,TOUCH,01:00:00,FP,08:40:00,null,SI,NO,03:00:00,2,3,1,null,1,12:30:00,10:30:00,8 oct 2026,8 oct 2026,12:30:00,22:40:00,8 oct 2026,22:40:00,8 oct 2026,22:40:00,8 oct 2026,10:10:00,13:00:00,null,2376,2,1,0,0,0,-118.4,-77.12,Este,B,0,0,0,08:40:00,INT,5.944,00:00:00,00:00:00,8 oct 2026,J,INT
104,null,null,LIM,12 oct 2026,23:40:00,14 oct 2026,22:40:00,null,1,14 oct 2026,Oct-2026,2026Q3,LA,2479,LAX,LIM,LAXLIM,13:30:00,22:10:00,11:30:00,22:10:00,18:30:00,03:10:00,NO,763,OUT,TOUCH,01:00:00,FP,08:40:00,null,SI,NO,03:00:00,2,3,1,null,1,12:30:00,10:30:00,14 oct 2026,14 oct 2026,12:30:00,22:40:00,14 oct 2026,22:40:00,14 oct 2026,22:40:00,14 oct 2026,10:10:00,13:00:00,null,2376,2,1,0,0,0,-118.4,-77.12,Este,B,0,0,0,08:40:00,INT,5.944,00:00:00,00:00:00,14 oct 2026,J,INT
55,null,null,LIM,3 oct 2026,23:40:00,5 oct 2026,22:40:00,null,1,5 oct 2026,Oct-2026,2026Q3,LA,2479,LAX,LIM,LAXLIM,13:30:00,22:10:00,11:30:00,22:10:00,18:30:00,03:10:00,NO,763,OUT,TOUCH,01:00:00,FP,08:40:00,null,SI,NO,03:00:00,2,3,1,null,1,12:30:00,10:30:00,5 oct 2026,5 oct 2026,12:30:00,22:40:00,5 oct 2026,22:40:00,5 oct 2026,22:40:00,5 oct 2026,10:10:00,13:00:00,null,2376,0,0,1,0,6,-118.4,-77.12,Este," ",0,0,0,08:40:00,INT,5.944,00:00:00,00:00:00,5 oct 2026,J,INT
67,null,null,LIM,7 oct 2026,23:40:00,9 oct 2026,22:40:00,null,1,9 oct 2026,Oct-2026,2026Q3,LA,2479,LAX,LIM,LAXLIM,13:30:00,22:10:00,11:30:00,22:10:00,18:30:00,03:10:00,NO,763,OUT,TOUCH,01:00:00,FP,08:40:00,null,SI,NO,03:00:00,2,3,1,null,1,12:30:00,10:30:00,9 oct 2026,9 oct 2026,12:30:00,22:40:00,9 oct 2026,22:40:00,9 oct 2026,22:40:00,9 oct 2026,10:10:00,13:00:00,null,2376,2,1,0,0,0,-118.4,-77.12,Este,B,0,0,0,08:40:00,INT,5.944,00:00:00,00:00:00,9 oct 2026,J,INT
199,null,null,LIM,17 oct 2026,23:40:00,19 oct 2026,22:40:00,null,1,19 oct 2026,Oct-2026,2026Q3,LA,2479,LAX,LIM,LAXLIM,13:30:00,22:10:00,11:30:00,22:10:00,18:30:00,03:10:00,NO,763,OUT,TOUCH,01:00:00,FP,08:40:00,null,SI,NO,03:00:00,2,3,1,null,1,12:30:00,10:30:00,19 oct 2026,19 oct 2026,12:30:00,22:40:00,19 oct 2026,22:40:00,19 oct 2026,22:40:00,19 oct 2026,10:10:00,13:00:00,null,2376,0,0,1,0,6,-118.4,-77.12,Este," ",0,0,0,08:40:00,INT,5.944,00:00:00,00:00:00,19 oct 2026,J,INT
46,null,null,LIM,4 oct 2026,23:40:00,6 oct 2026,22:40:00,null,1,6 oct 2026,Oct-2026,2026Q3,LA,2479,LAX,LIM,LAXLIM,13:30:00,22:10:00,11:30:00,22:10:00,18:30:00,03:10:00,NO,763,OUT,TOUCH,01:00:00,FP,08:40:00,null,SI,NO,03:00:00,2,3,1,null,1,12:30:00,10:30:00,6 oct 2026,6 oct 2026,12:30:00,22:40:00,6 oct 2026,22:40:00,6 oct 2026,22:40:00,6 oct 2026,10:10:00,13:00:00,null,2376,2,1,0,0,0,-118.4,-77.12,Este,B,0,0,0,08:40:00,INT,5.944,00:00:00,00:00:00,6 oct 2026,J,INT
116,null,null,LIM,9 oct 2026,23:40:00,11 oct 2026,22:40:00,null,1,11 oct 2026,Oct-2026,2026Q3,LA,2479,LAX,LIM,LAXLIM,13:30:00,22:10:00,11:30:00,22:10:00,18:30:00,03:10:00,NO,763,OUT,TOUCH,01:00:00,FP,08:40:00,null,SI,NO,03:00:00,2,3,1,null,1,12:30:00,10:30:00,11 oct 2026,11 oct 2026,12:30:00,22:40:00,11 oct 2026,22:40:00,11 oct 2026,22:40:00,11 oct 2026,10:10:00,13:00:00,null,2376,0,0,1,0,6,-118.4,-77.12,Este," ",0,0,0,08:40:00,INT,5.944,00:00:00,00:00:00,11 oct 2026,J,INT
85,null,null,LIM,6 oct 2026,23:40:00,8 oct 2026,22:40:00,null,1,8 oct 2026,Oct-2026,2026Q3,LA,2479,LAX,LIM,LAXLIM,13:30:00,22:10:00,11:30:00,22:10:00,18:30:00,03:10:00,NO,763,OUT,TOUCH,01:00:00,FP,08:40:00,null,SI,NO,03:00:00,2,3,1,null,1,12:30:00,10:30:00,8 oct 2026,8 oct 2026,12:30:00,22:40:00,8 oct 2026,22:40:00,8 oct 2026,22:40:00,8 oct 2026,10:10:00,13:00:00,null,2376,0,0,1,0,6,-118.4,-77.12,Este," ",0,0,0,08:40:00,INT,5.944,00:00:00,00:00:00,8 oct 2026,J,INT
137,null,null,LIM,11 oct 2026,23:40:00,13 oct 2026,22:40:00,null,1,13 oct 2026,Oct-2026,2026Q3,LA,2479,LAX,LIM,LAXLIM,13:30:00,22:10:00,11:30:00,22:10:00,18:30:00,03:10:00,NO,763,OUT,TOUCH,01:00:00,FP,08:40:00,null,SI,NO,03:00:00,2,3,1,null,1,12:30:00,10:30:00,13 oct 2026,13 oct 2026,12:30:00,22:40:00,13 oct 2026,22:40:00,13 oct 2026,22:40:00,13 oct 2026,10:10:00,13:00:00,null,2376,0,0,1,0,6,-118.4,-77.12,Este," ",0,0,0,08:40:00,INT,5.944,00:00:00,00:00:00,13 oct 2026,J,INT
157,null,null,LIM,13 oct 2026,23:40:00,15 oct 2026,22:40:00,null,1,15 oct 2026,Oct-2026,2026Q3,LA,2479,LAX,LIM,LAXLIM,13:30:00,22:10:00,11:30:00,22:10:00,18:30:00,03:10:00,NO,763,OUT,TOUCH,01:00:00,FP,08:40:00,null,SI,NO,03:00:00,2,3,1,null,1,12:30:00,10:30:00,15 oct 2026,15 oct 2026,12:30:00,22:40:00,15 oct 2026,22:40:00,15 oct 2026,22:40:00,15 oct 2026,10:10:00,13:00:00,null,2376,0,0,1,0,6,-118.4,-77.12,Este," ",0,0,0,08:40:00,INT,5.944,00:00:00,00:00:00,15 oct 2026,J,INT
75,null,null,LIM,5 oct 2026,23:40:00,7 oct 2026,22:40:00,null,1,7 oct 2026,Oct-2026,2026Q3,LA,2479,LAX,LIM,LAXLIM,13:30:00,22:10:00,11:30:00,22:10:00,18:30:00,03:10:00,NO,763,OUT,TOUCH,01:00:00,FP,08:40:00,null,SI,NO,03:00:00,2,3,1,null,1,12:30:00,10:30:00,7 oct 2026,7 oct 2026,12:30:00,22:40:00,7 oct 2026,22:40:00,7 oct 2026,22:40:00,7 oct 2026,10:10:00,13:00:00,null,2376,0,0,1,0,6,-118.4,-77.12,Este," ",0,0,0,08:40:00,INT,5.944,00:00:00,00:00:00,7 oct 2026,J,INT
31,null,null,LIM,2 oct 2026,23:40:00,4 oct 2026,22:40:00,null,1,4 oct 2026,Oct-2026,2026Q3,LA,2479,LAX,LIM,LAXLIM,13:30:00,22:10:00,11:30:00,22:10:00,18:30:00,03:10:00,NO,763,OUT,TOUCH,01:00:00,FP,08:40:00,null,SI,NO,03:00:00,2,3,1,null,1,12:30:00,10:30:00,4 oct 2026,4 oct 2026,12:30:00,22:40:00,4 oct 2026,22:40:00,4 oct 2026,22:40:00,4 oct 2026,10:10:00,13:00:00,null,2376,2,1,0,0,0,-118.4,-77.12,Este,B,0,0,0,08:40:00,INT,5.944,00:00:00,00:00:00,4 oct 2026,J,INT
249,null,null,LIM,22 oct 2026,23:40:00,24 oct 2026,22:40:00,null,1,24 oct 2026,Oct-2026,2026Q3,LA,2479,LAX,LIM,LAXLIM,13:30:00,22:10:00,11:30:00,22:10:00,18:30:00,03:10:00,NO,763,OUT,TOUCH,01:00:00,FP,08:40:00,null,SI,NO,03:00:00,2,3,1,null,1,12:30:00,10:30:00,24 oct 2026,24 oct 2026,12:30:00,22:40:00,24 oct 2026,22:40:00,24 oct 2026,22:40:00,24 oct 2026,10:10:00,13:00:00,null,2376,0,0,1,0,6,-118.4,-77.12,Este," ",0,0,0,08:40:00,INT,5.944,00:00:00,00:00:00,24 oct 2026,J,INT
188,null,null,LIM,16 oct 2026,23:40:00,18 oct 2026,22:40:00,null,1,18 oct 2026,Oct-2026,2026Q3,LA,2479,LAX,LIM,LAXLIM,13:30:00,22:10:00,11:30:00,22:10:00,18:30:00,03:10:00,NO,763,OUT,TOUCH,01:00:00,FP,08:40:00,null,SI,NO,03:00:00,2,3,1,null,1,12:30:00,10:30:00,18 oct 2026,18 oct 2026,12:30:00,22:40:00,18 oct 2026,22:40:00,18 oct 2026,22:40:00,18 oct 2026,10:10:00,13:00:00,null,2376,0,0,1,0,6,-118.4,-77.12,Este," ",0,0,0,08:40:00,INT,5.944,00:00:00,00:00:00,18 oct 2026,J,INT
64,null,null,LIM,4 oct 2026,23:40:00,6 oct 2026,22:40:00,null,1,6 oct 2026,Oct-2026,2026Q3,LA,2479,LAX,LIM,LAXLIM,13:30:00,22:10:00,11:30:00,22:10:00,18:30:00,03:10:00,NO,763,OUT,TOUCH,01:00:00,FP,08:40:00,null,SI,NO,03:00:00,2,3,1,null,1,12:30:00,10:30:00,6 oct 2026,6 oct 2026,12:30:00,22:40:00,6 oct 2026,22:40:00,6 oct 2026,22:40:00,6 oct 2026,10:10:00,13:00:00,null,2376,0,0,1,0,6,-118.4,-77.12,Este," ",0,0,0,08:40:00,INT,5.944,00:00:00,00:00:00,6 oct 2026,J,INT
146,null,null,LIM,12 oct 2026,23:40:00,14 oct 2026,22:40:00,null,1,14 oct 2026,Oct-2026,2026Q3,LA,2479,LAX,LIM,LAXLIM,13:30:00,22:10:00,11:30:00,22:10:00,18:30:00,03:10:00,NO,763,OUT,TOUCH,01:00:00,FP,08:40:00,null,SI,NO,03:00:00,2,3,1,null,1,12:30:00,10:30:00,14 oct 2026,14 oct 2026,12:30:00,22:40:00,14 oct 2026,22:40:00,14 oct 2026,22:40:00,14 oct 2026,10:10:00,13:00:00,null,2376,0,0,1,0,6,-118.4,-77.12,Este," ",0,0,0,08:40:00,INT,5.944,00:00:00,00:00:00,14 oct 2026,J,INT
23,null,null,LIM,1 oct 2026,23:40:00,3 oct 2026,22:40:00,null,1,3 oct 2026,Oct-2026,2026Q3,LA,2479,LAX,LIM,LAXLIM,13:30:00,22:10:00,11:30:00,22:10:00,18:30:00,03:10:00,NO,763,OUT,TOUCH,01:00:00,FP,08:40:00,null,SI,NO,03:00:00,2,3,1,null,1,12:30:00,10:30:00,3 oct 2026,3 oct 2026,12:30:00,22:40:00,3 oct 2026,22:40:00,3 oct 2026,22:40:00,3 oct 2026,10:10:00,13:00:00,null,2376,2,1,0,0,0,-118.4,-77.12,Este,B,0,0,0,08:40:00,INT,5.944,00:00:00,00:00:00,3 oct 2026,J,INT
229,null,null,LIM,20 oct 2026,23:40:00,22 oct 2026,22:40:00,null,1,22 oct 2026,Oct-2026,2026Q3,LA,2479,LAX,LIM,LAXLIM,13:30:00,22:10:00,11:30:00,22:10:00,18:30:00,03:10:00,NO,763,OUT,TOUCH,01:00:00,FP,08:40:00,null,SI,NO,03:00:00,2,3,1,null,1,12:30:00,10:30:00,22 oct 2026,22 oct 2026,12:30:00,22:40:00,22 oct 2026,22:40:00,22 oct 2026,22:40:00,22 oct 2026,10:10:00,13:00:00,null,2376,0,0,1,0,6,-118.4,-77.12,Este," ",0,0,0,08:40:00,INT,5.944,00:00:00,00:00:00,22 oct 2026,J,INT
22,null,LA2478300926,LIM,30 sept 2026,23:40:00,2 oct 2026,22:40:00,null,1,2 oct 2026,Oct-2026,2026Q3,LA,2479,LAX,LIM,LAXLIM,13:30:00,22:10:00,11:30:00,22:10:00,18:30:00,03:10:00,NO,763,OUT,TOUCH,01:00:00,FP,08:40:00,null,SI,NO,03:00:00,2,3,1,null,1,12:30:00,10:30:00,2 oct 2026,2 oct 2026,12:30:00,22:40:00,2 oct 2026,22:40:00,2 oct 2026,22:40:00,2 oct 2026,10:10:00,13:00:00,null,2376,0,0,1,0,6,-118.4,-77.12,Este," ",0,0,0,08:40:00,INT,5.944,00:00:00,00:00:00,2 oct 2026,J,INT
16,null,LA2478300926,LIM,30 sept 2026,23:40:00,2 oct 2026,22:40:00,null,1,2 oct 2026,Oct-2026,2026Q3,LA,2479,LAX,LIM,LAXLIM,13:30:00,22:10:00,11:30:00,22:10:00,18:30:00,03:10:00,NO,763,OUT,TOUCH,01:00:00,FP,08:40:00,null,SI,NO,03:00:00,2,3,1,null,1,12:30:00,10:30:00,2 oct 2026,2 oct 2026,12:30:00,22:40:00,2 oct 2026,22:40:00,2 oct 2026,22:40:00,2 oct 2026,10:10:00,13:00:00,null,2376,2,1,0,0,0,-118.4,-77.12,Este,B,0,0,0,08:40:00,INT,5.944,00:00:00,00:00:00,2 oct 2026,J,INT
32,null,null,LIM,1 oct 2026,23:40:00,3 oct 2026,22:40:00,null,1,3 oct 2026,Oct-2026,2026Q3,LA,2479,LAX,LIM,LAXLIM,13:30:00,22:10:00,11:30:00,22:10:00,18:30:00,03:10:00,NO,763,OUT,TOUCH,01:00:00,FP,08:40:00,null,SI,NO,03:00:00,2,3,1,null,1,12:30:00,10:30:00,3 oct 2026,3 oct 2026,12:30:00,22:40:00,3 oct 2026,22:40:00,3 oct 2026,22:40:00,3 oct 2026,10:10:00,13:00:00,null,2376,0,0,1,0,6,-118.4,-77.12,Este," ",0,0,0,08:40:00,INT,5.944,00:00:00,00:00:00,3 oct 2026,J,INT
208,null,null,LIM,18 oct 2026,23:40:00,20 oct 2026,22:40:00,null,1,20 oct 2026,Oct-2026,2026Q3,LA,2479,LAX,LIM,LAXLIM,13:30:00,22:10:00,11:30:00,22:10:00,18:30:00,03:10:00,NO,763,OUT,TOUCH,01:00:00,FP,08:40:00,null,SI,NO,03:00:00,2,3,1,null,1,12:30:00,10:30:00,20 oct 2026,20 oct 2026,12:30:00,22:40:00,20 oct 2026,22:40:00,20 oct 2026,22:40:00,20 oct 2026,10:10:00,13:00:00,null,2376,0,0,1,0,6,-118.4,-77.12,Este," ",0,0,0,08:40:00,INT,5.944,00:00:00,00:00:00,20 oct 2026,J,INT
142,null,null,LIM,17 oct 2026,23:40:00,19 oct 2026,22:40:00,null,1,19 oct 2026,Oct-2026,2026Q3,LA,2479,LAX,LIM,LAXLIM,13:30:00,22:10:00,11:30:00,22:10:00,18:30:00,03:10:00,NO,763,OUT,TOUCH,01:00:00,FP,08:40:00,null,SI,NO,03:00:00,2,3,1,null,1,12:30:00,10:30:00,19 oct 2026,19 oct 2026,12:30:00,22:40:00,19 oct 2026,22:40:00,19 oct 2026,22:40:00,19 oct 2026,10:10:00,13:00:00,null,2376,2,1,0,0,0,-118.4,-77.12,Este,B,0,0,0,08:40:00,INT,5.944,00:00:00,00:00:00,19 oct 2026,J,INT
148,null,null,LIM,18 oct 2026,23:40:00,20 oct 2026,22:40:00,null,1,20 oct 2026,Oct-2026,2026Q3,LA,2479,LAX,LIM,LAXLIM,13:30:00,22:10:00,11:30:00,22:10:00,18:30:00,03:10:00,NO,763,OUT,TOUCH,01:00:00,FP,08:40:00,null,SI,NO,03:00:00,2,3,1,null,1,12:30:00,10:30:00,20 oct 2026,20 oct 2026,12:30:00,22:40:00,20 oct 2026,22:40:00,20 oct 2026,22:40:00,20 oct 2026,10:10:00,13:00:00,null,2376,2,1,0,0,0,-118.4,-77.12,Este,B,0,0,0,08:40:00,INT,5.944,00:00:00,00:00:00,20 oct 2026,J,INT
118,null,null,LIM,14 oct 2026,23:40:00,16 oct 2026,22:40:00,null,1,16 oct 2026,Oct-2026,2026Q3,LA,2479,LAX,LIM,LAXLIM,13:30:00,22:10:00,11:30:00,22:10:00,18:30:00,03:10:00,NO,763,OUT,TOUCH,01:00:00,FP,08:40:00,null,SI,NO,03:00:00,2,3,1,null,1,12:30:00,10:30:00,16 oct 2026,16 oct 2026,12:30:00,22:40:00,16 oct 2026,22:40:00,16 oct 2026,22:40:00,16 oct 2026,10:10:00,13:00:00,null,2376,2,1,0,0,0,-118.4,-77.12,Este,B,0,0,0,08:40:00,INT,5.944,00:00:00,00:00:00,16 oct 2026,J,INT
128,null,null,LIM,10 oct 2026,23:40:00,12 oct 2026,22:40:00,null,1,12 oct 2026,Oct-2026,2026Q3,LA,2479,LAX,LIM,LAXLIM,13:30:00,22:10:00,11:30:00,22:10:00,18:30:00,03:10:00,NO,763,OUT,TOUCH,01:00:00,FP,08:40:00,null,SI,NO,03:00:00,2,3,1,null,1,12:30:00,10:30:00,12 oct 2026,12 oct 2026,12:30:00,22:40:00,12 oct 2026,22:40:00,12 oct 2026,22:40:00,12 oct 2026,10:10:00,13:00:00,null,2376,0,0,1,0,6,-118.4,-77.12,Este," ",0,0,0,08:40:00,INT,5.944,00:00:00,00:00:00,12 oct 2026,J,INT
239,null,null,LIM,21 oct 2026,23:40:00,23 oct 2026,22:40:00,null,1,23 oct 2026,Oct-2026,2026Q3,LA,2479,LAX,LIM,LAXLIM,13:30:00,22:10:00,11:30:00,22:10:00,18:30:00,03:10:00,NO,763,OUT,TOUCH,01:00:00,FP,08:40:00,null,SI,NO,03:00:00,2,3,1,null,1,12:30:00,10:30:00,23 oct 2026,23 oct 2026,12:30:00,22:40:00,23 oct 2026,22:40:00,23 oct 2026,22:40:00,23 oct 2026,10:10:00,13:00:00,null,2376,0,0,1,0,6,-118.4,-77.12,Este," ",0,0,0,08:40:00,INT,5.944,00:00:00,00:00:00,23 oct 2026,J,INT
75,null,null,LIM,8 oct 2026,23:40:00,10 oct 2026,22:40:00,null,1,10 oct 2026,Oct-2026,2026Q3,LA,2479,LAX,LIM,LAXLIM,13:30:00,22:10:00,11:30:00,22:10:00,18:30:00,03:10:00,NO,763,OUT,TOUCH,01:00:00,FP,08:40:00,null,SI,NO,03:00:00,2,3,1,null,1,12:30:00,10:30:00,10 oct 2026,10 oct 2026,12:30:00,22:40:00,10 oct 2026,22:40:00,10 oct 2026,22:40:00,10 oct 2026,10:10:00,13:00:00,null,2376,2,1,0,0,0,-118.4,-77.12,Este,B,0,0,0,08:40:00,INT,5.944,00:00:00,00:00:00,10 oct 2026,J,INT
126,null,null,LIM,15 oct 2026,23:40:00,17 oct 2026,22:40:00,null,1,17 oct 2026,Oct-2026,2026Q3,LA,2479,LAX,LIM,LAXLIM,13:30:00,22:10:00,11:30:00,22:10:00,18:30:00,03:10:00,NO,763,OUT,TOUCH,01:00:00,FP,08:40:00,null,SI,NO,03:00:00,2,3,1,null,1,12:30:00,10:30:00,17 oct 2026,17 oct 2026,12:30:00,22:40:00,17 oct 2026,22:40:00,17 oct 2026,22:40:00,17 oct 2026,10:10:00,13:00:00,null,2376,2,1,0,0,0,-118.4,-77.12,Este,B,0,0,0,08:40:00,INT,5.944,00:00:00,00:00:00,17 oct 2026,J,INT
92,null,null,LIM,10 oct 2026,23:40:00,12 oct 2026,22:40:00,null,1,12 oct 2026,Oct-2026,2026Q3,LA,2479,LAX,LIM,LAXLIM,13:30:00,22:10:00,11:30:00,22:10:00,18:30:00,03:10:00,NO,763,OUT,TOUCH,01:00:00,FP,08:40:00,null,SI,NO,03:00:00,2,3,1,null,1,12:30:00,10:30:00,12 oct 2026,12 oct 2026,12:30:00,22:40:00,12 oct 2026,22:40:00,12 oct 2026,22:40:00,12 oct 2026,10:10:00,13:00:00,null,2376,2,1,0,0,0,-118.4,-77.12,Este,B,0,0,0,08:40:00,INT,5.944,00:00:00,00:00:00,12 oct 2026,J,INT
219,null,null,LIM,19 oct 2026,23:40:00,21 oct 2026,22:40:00,null,1,21 oct 2026,Oct-2026,2026Q3,LA,2479,LAX,LIM,LAXLIM,13:30:00,22:10:00,11:30:00,22:10:00,18:30:00,03:10:00,NO,763,OUT,TOUCH,01:00:00,FP,08:40:00,null,SI,NO,03:00:00,2,3,1,null,1,12:30:00,10:30:00,21 oct 2026,21 oct 2026,12:30:00,22:40:00,21 oct 2026,22:40:00,21 oct 2026,22:40:00,21 oct 2026,10:10:00,13:00:00,null,2376,0,0,1,0,6,-118.4,-77.12,Este," ",0,0,0,08:40:00,INT,5.944,00:00:00,00:00:00,21 oct 2026,J,INT
177,null,null,LIM,15 oct 2026,23:40:00,17 oct 2026,22:40:00,null,1,17 oct 2026,Oct-2026,2026Q3,LA,2479,LAX,LIM,LAXLIM,13:30:00,22:10:00,11:30:00,22:10:00,18:30:00,03:10:00,NO,763,OUT,TOUCH,01:00:00,FP,08:40:00,null,SI,NO,03:00:00,2,3,1,null,1,12:30:00,10:30:00,17 oct 2026,17 oct 2026,12:30:00,22:40:00,17 oct 2026,22:40:00,17 oct 2026,22:40:00,17 oct 2026,10:10:00,13:00:00,null,2376,0,0,1,0,6,-118.4,-77.12,Este," ",0,0,0,08:40:00,INT,5.944,00:00:00,00:00:00,17 oct 2026,J,INT
54,null,null,LIM,5 oct 2026,23:40:00,7 oct 2026,22:40:00,null,1,7 oct 2026,Oct-2026,2026Q3,LA,2479,LAX,LIM,LAXLIM,13:30:00,22:10:00,11:30:00,22:10:00,18:30:00,03:10:00,NO,763,OUT,TOUCH,01:00:00,FP,08:40:00,null,SI,NO,03:00:00,2,3,1,null,1,12:30:00,10:30:00,7 oct 2026,7 oct 2026,12:30:00,22:40:00,7 oct 2026,22:40:00,7 oct 2026,22:40:00,7 oct 2026,10:10:00,13:00:00,null,2376,2,1,0,0,0,-118.4,-77.12,Este,B,0,0,0,08:40:00,INT,5.944,00:00:00,00:00:00,7 oct 2026,J,INT
43,null,null,LIM,2 oct 2026,23:40:00,4 oct 2026,22:40:00,null,1,4 oct 2026,Oct-2026,2026Q3,LA,2479,LAX,LIM,LAXLIM,13:30:00,22:10:00,11:30:00,22:10:00,18:30:00,03:10:00,NO,763,OUT,TOUCH,01:00:00,FP,08:40:00,null,SI,NO,03:00:00,2,3,1,null,1,12:30:00,10:30:00,4 oct 2026,4 oct 2026,12:30:00,22:40:00,4 oct 2026,22:40:00,4 oct 2026,22:40:00,4 oct 2026,10:10:00,13:00:00,null,2376,0,0,1,0,6,-118.4,-77.12,Este," ",0,0,0,08:40:00,INT,5.944,00:00:00,00:00:00,4 oct 2026,J,INT
105,null,null,LIM,8 oct 2026,23:40:00,10 oct 2026,22:40:00,null,1,10 oct 2026,Oct-2026,2026Q3,LA,2479,LAX,LIM,LAXLIM,13:30:00,22:10:00,11:30:00,22:10:00,18:30:00,03:10:00,NO,763,OUT,TOUCH,01:00:00,FP,08:40:00,null,SI,NO,03:00:00,2,3,1,null,1,12:30:00,10:30:00,10 oct 2026,10 oct 2026,12:30:00,22:40:00,10 oct 2026,22:40:00,10 oct 2026,22:40:00,10 oct 2026,10:10:00,13:00:00,null,2376,0,0,1,0,6,-118.4,-77.12,Este," ",0,0,0,08:40:00,INT,5.944,00:00:00,00:00:00,10 oct 2026,J,INT
13,null,LA2478290926,LIM,29 sept 2026,23:40:00,1 oct 2026,22:40:00,null,1,1 oct 2026,Oct-2026,2026Q3,LA,2479,LAX,LIM,LAXLIM,13:30:00,22:10:00,11:30:00,22:10:00,18:30:00,03:10:00,NO,763,OUT,TOUCH,01:00:00,FP,08:40:00,null,SI,NO,03:00:00,2,3,1,null,1,12:30:00,10:30:00,1 oct 2026,1 oct 2026,12:30:00,22:40:00,1 oct 2026,22:40:00,1 oct 2026,22:40:00,1 oct 2026,10:10:00,13:00:00,null,2376,0,0,1,0,6,-118.4,-77.12,Este," ",0,0,0,08:40:00,INT,5.944,00:00:00,00:00:00,1 oct 2026,J,INT
170,null,null,LIM,21 oct 2026,23:40:00,23 oct 2026,22:40:00,null,1,23 oct 2026,Oct-2026,2026Q3,LA,2479,LAX,LIM,LAXLIM,13:30:00,22:10:00,11:30:00,22:10:00,18:30:00,03:10:00,NO,763,OUT,TOUCH,01:00:00,FP,08:40:00,null,SI,NO,03:00:00,2,3,1,null,1,12:30:00,10:30:00,23 oct 2026,23 oct 2026,12:30:00,22:40:00,23 oct 2026,22:40:00,23 oct 2026,22:40:00,23 oct 2026,10:10:00,13:00:00,null,2376,2,1,0,0,0,-118.4,-77.12,Este,B,0,0,0,08:40:00,INT,5.944,00:00:00,00:00:00,23 oct 2026,J,INT
156,null,null,LIM,19 oct 2026,23:40:00,21 oct 2026,22:40:00,null,1,21 oct 2026,Oct-2026,2026Q3,LA,2479,LAX,LIM,LAXLIM,13:30:00,22:10:00,11:30:00,22:10:00,18:30:00,03:10:00,NO,763,OUT,TOUCH,01:00:00,FP,08:40:00,null,SI,NO,03:00:00,2,3,1,null,1,12:30:00,10:30:00,21 oct 2026,21 oct 2026,12:30:00,22:40:00,21 oct 2026,22:40:00,21 oct 2026,22:40:00,21 oct 2026,10:10:00,13:00:00,null,2376,2,1,0,0,0,-118.4,-77.12,Este,B,0,0,0,08:40:00,INT,5.944,00:00:00,00:00:00,21 oct 2026,J,INT
112,null,null,LIM,13 oct 2026,23:40:00,15 oct 2026,22:40:00,null,1,15 oct 2026,Oct-2026,2026Q3,LA,2479,LAX,LIM,LAXLIM,13:30:00,22:10:00,11:30:00,22:10:00,18:30:00,03:10:00,NO,763,OUT,TOUCH,01:00:00,FP,08:40:00,null,SI,NO,03:00:00,2,3,1,null,1,12:30:00,10:30:00,15 oct 2026,15 oct 2026,12:30:00,22:40:00,15 oct 2026,22:40:00,15 oct 2026,22:40:00,15 oct 2026,10:10:00,13:00:00,null,2376,2,1,0,0,0,-118.4,-77.12,Este,B,0,0,0,08:40:00,INT,5.944,00:00:00,00:00:00,15 oct 2026,J,INT
9,null,LA2478290926,LIM,29 sept 2026,23:40:00,1 oct 2026,22:40:00,null,1,1 oct 2026,Oct-2026,2026Q3,LA,2479,LAX,LIM,LAXLIM,13:30:00,22:10:00,11:30:00,22:10:00,18:30:00,03:10:00,NO,763,OUT,TOUCH,01:00:00,FP,08:40:00,null,SI,NO,03:00:00,2,3,1,null,1,12:30:00,10:30:00,1 oct 2026,1 oct 2026,12:30:00,22:40:00,1 oct 2026,22:40:00,1 oct 2026,22:40:00,1 oct 2026,10:10:00,13:00:00,null,2376,2,1,0,0,0,-118.4,-77.12,Este,B,0,0,0,08:40:00,INT,5.944,00:00:00,00:00:00,1 oct 2026,J,INT
163,null,null,LIM,20 oct 2026,23:40:00,22 oct 2026,22:40:00,null,1,22 oct 2026,Oct-2026,2026Q3,LA,2479,LAX,LIM,LAXLIM,13:30:00,22:10:00,11:30:00,22:10:00,18:30:00,03:10:00,NO,763,OUT,TOUCH,01:00:00,FP,08:40:00,null,SI,NO,03:00:00,2,3,1,null,1,12:30:00,10:30:00,22 oct 2026,22 oct 2026,12:30:00,22:40:00,22 oct 2026,22:40:00,22 oct 2026,22:40:00,22 oct 2026,10:10:00,13:00:00,null,2376,2,1,0,0,0,-118.4,-77.12,Este,B,0,0,0,08:40:00,INT,5.944,00:00:00,00:00:00,22 oct 2026,J,INT
177,null,null,LIM,22 oct 2026,23:40:00,24 oct 2026,22:40:00,null,1,24 oct 2026,Oct-2026,2026Q3,LA,2479,LAX,LIM,LAXLIM,13:30:00,22:10:00,11:30:00,22:10:00,18:30:00,03:10:00,NO,763,OUT,TOUCH,01:00:00,FP,08:40:00,null,SI,NO,03:00:00,2,3,1,null,1,12:30:00,10:30:00,24 oct 2026,24 oct 2026,12:30:00,22:40:00,24 oct 2026,22:40:00,24 oct 2026,22:40:00,24 oct 2026,10:10:00,13:00:00,null,2376,2,1,0,0,0,-118.4,-77.12,Este,B,0,0,0,08:40:00,INT,5.944,00:00:00,00:00:00,24 oct 2026,J,INT
94,null,null,LIM,7 oct 2026,23:40:00,9 oct 2026,22:40:00,null,1,9 oct 2026,Oct-2026,2026Q3,LA,2479,LAX,LIM,LAXLIM,13:30:00,22:10:00,11:30:00,22:10:00,18:30:00,03:10:00,NO,763,OUT,TOUCH,01:00:00,FP,08:40:00,null,SI,NO,03:00:00,2,3,1,null,1,12:30:00,10:30:00,9 oct 2026,9 oct 2026,12:30:00,22:40:00,9 oct 2026,22:40:00,9 oct 2026,22:40:00,9 oct 2026,10:10:00,13:00:00,null,2376,0,0,1,0,6,-118.4,-77.12,Este," ",0,0,0,08:40:00,INT,5.944,00:00:00,00:00:00,9 oct 2026,J,INT
83,null,null,LIM,9 oct 2026,23:40:00,11 oct 2026,22:40:00,null,1,11 oct 2026,Oct-2026,2026Q3,LA,2479,LAX,LIM,LAXLIM,13:30:00,22:10:00,11:30:00,22:10:00,18:30:00,03:10:00,NO,763,OUT,TOUCH,01:00:00,FP,08:40:00,null,SI,NO,03:00:00,2,3,1,null,1,12:30:00,10:30:00,11 oct 2026,11 oct 2026,12:30:00,22:40:00,11 oct 2026,22:40:00,11 oct 2026,22:40:00,11 oct 2026,10:10:00,13:00:00,null,2376,2,1,0,0,0,-118.4,-77.12,Este,B,0,0,0,08:40:00,INT,5.944,00:00:00,00:00:00,11 oct 2026,J,INT
166,null,null,LIM,14 oct 2026,23:40:00,16 oct 2026,22:40:00,null,1,16 oct 2026,Oct-2026,2026Q3,LA,2479,LAX,LIM,LAXLIM,13:30:00,22:10:00,11:30:00,22:10:00,18:30:00,03:10:00,NO,763,OUT,TOUCH,01:00:00,FP,08:40:00,null,SI,NO,03:00:00,2,3,1,null,1,12:30:00,10:30:00,16 oct 2026,16 oct 2026,12:30:00,22:40:00,16 oct 2026,22:40:00,16 oct 2026,22:40:00,16 oct 2026,10:10:00,13:00:00,null,2376,0,0,1,0,6,-118.4,-77.12,Este," ",0,0,0,08:40:00,INT,5.944,00:00:00,00:00:00,16 oct 2026,J,INT
40,null,null,LIM,3 oct 2026,23:40:00,5 oct 2026,22:40:00,null,1,5 oct 2026,Oct-2026,2026Q3,LA,2479,LAX,LIM,LAXLIM,13:30:00,22:10:00,11:30:00,22:10:00,18:30:00,03:10:00,NO,763,OUT,TOUCH,01:00:00,FP,08:40:00,null,SI,NO,03:00:00,2,3,1,null,1,12:30:00,10:30:00,5 oct 2026,5 oct 2026,12:30:00,22:40:00,5 oct 2026,22:40:00,5 oct 2026,22:40:00,5 oct 2026,10:10:00,13:00:00,null,2376,2,1,0,0,0,-118.4,-77.12,Este,B,0,0,0,08:40:00,INT,5.944,00:00:00,00:00:00,5 oct 2026,J,INT
98,null,null,LIM,11 oct 2026,23:40:00,13 oct 2026,22:40:00,null,1,13 oct 2026,Oct-2026,2026Q3,LA,2479,LAX,LIM,LAXLIM,13:30:00,22:10:00,11:30:00,22:10:00,18:30:00,03:10:00,NO,763,OUT,TOUCH,01:00:00,FP,08:40:00,null,SI,NO,03:00:00,2,3,1,null,1,12:30:00,10:30:00,13 oct 2026,13 oct 2026,12:30:00,22:40:00,13 oct 2026,22:40:00,13 oct 2026,22:40:00,13 oct 2026,10:10:00,13:00:00,null,2376,2,1,0,0,0,-118.4,-77.12,Este,B,0,0,0,08:40:00,INT,5.944,00:00:00,00:00:00,13 oct 2026,J,INT
181,null,null,LIM,23 oct 2026,11:20:00,23 oct 2026,21:20:00,null,1,23 oct 2026,Oct-2026,2026Q3,LA,2412,SCL,LIM,SCLLIM,17:10:00,20:50:00,19:10:00,20:50:00,22:10:00,01:50:00,NO,763,OUT,TOUCH,01:00:00,FP,03:40:00,null,SI,NO,02:10:00,1,1,0,null,null,11:20:00,11:20:00,23 oct 2026,23 oct 2026,11:20:00,21:20:00,23 oct 2026,21:20:00,23 oct 2026,21:20:00,23 oct 2026,10:00:00,13:00:00,null,2334,1,1,0,0,0,-70.8,-77.12,Oeste,A,0,0,0,07:05:00,INT,7.083,00:00:00,00:00:00,23 oct 2026,J,REG
254,null,null,LIM,23 oct 2026,11:20:00,23 oct 2026,21:20:00,null,1,23 oct 2026,Oct-2026,2026Q3,LA,2412,SCL,LIM,SCLLIM,17:10:00,20:50:00,19:10:00,20:50:00,22:10:00,01:50:00,NO,763,OUT,TOUCH,01:00:00,FP,03:40:00,null,SI,NO,02:10:00,1,1,0,null,null,11:20:00,11:20:00,23 oct 2026,23 oct 2026,11:20:00,21:20:00,23 oct 2026,21:20:00,23 oct 2026,21:20:00,23 oct 2026,10:00:00,13:00:00,null,2334,0,0,1,0,4,-70.8,-77.12,Oeste," ",0,0,0,07:05:00,INT,7.083,00:00:00,00:00:00,23 oct 2026,J,REG
188,null,null,LIM,24 oct 2026,11:05:00,24 oct 2026,21:20:00,null,1,24 oct 2026,Oct-2026,2026Q3,LA,2412,SCL,LIM,SCLLIM,17:00:00,20:50:00,19:00:00,20:50:00,22:00:00,01:50:00,NO,763,OUT,TOUCH,01:00:00,FP,03:50:00,null,SI,NO,02:10:00,1,1,0,null,null,11:05:00,11:05:00,24 oct 2026,24 oct 2026,11:05:00,21:20:00,24 oct 2026,21:20:00,24 oct 2026,21:20:00,24 oct 2026,10:15:00,13:00:00,null,2310,1,1,0,0,0,-70.8,-77.12,Oeste,A,0,0,0,07:20:00,INT,7.333,00:00:00,00:00:00,24 oct 2026,J,REG
264,null,null,LIM,24 oct 2026,11:05:00,24 oct 2026,21:20:00,null,1,24 oct 2026,Oct-2026,2026Q3,LA,2412,SCL,LIM,SCLLIM,17:00:00,20:50:00,19:00:00,20:50:00,22:00:00,01:50:00,NO,763,OUT,TOUCH,01:00:00,FP,03:50:00,null,SI,NO,02:10:00,1,1,0,null,null,11:05:00,11:05:00,24 oct 2026,24 oct 2026,11:05:00,21:20:00,24 oct 2026,21:20:00,24 oct 2026,21:20:00,24 oct 2026,10:15:00,13:00:00,null,2310,0,0,1,0,4,-70.8,-77.12,Oeste," ",0,0,0,07:20:00,INT,7.333,00:00:00,00:00:00,24 oct 2026,J,REG
295,null,null,LIM,27 oct 2026,11:00:00,27 oct 2026,21:25:00,null,1,27 oct 2026,Oct-2026,2026Q3,LA,2486,SCL,LIM,SCLLIM,17:05:00,20:55:00,19:05:00,20:55:00,22:05:00,01:55:00,NO,763,OUT,TOUCH,01:00:00,FP,03:50:00,null,SI,NO,02:10:00,1,1,0,null,null,11:00:00,11:00:00,27 oct 2026,27 oct 2026,11:00:00,21:25:00,27 oct 2026,21:25:00,27 oct 2026,21:25:00,27 oct 2026,10:25:00,13:00:00,null,2257,0,0,1,0,4,-70.8,-77.12,Oeste," ",0,0,0,07:30:00,INT,7.5,00:00:00,00:00:00,27 oct 2026,J,REG
285,null,null,LIM,26 oct 2026,11:00:00,26 oct 2026,21:25:00,null,1,26 oct 2026,Oct-2026,2026Q3,LA,2486,SCL,LIM,SCLLIM,17:05:00,20:55:00,19:05:00,20:55:00,22:05:00,01:55:00,NO,763,OUT,TOUCH,01:00:00,FP,03:50:00,null,SI,NO,02:10:00,1,1,0,null,null,11:00:00,11:00:00,26 oct 2026,26 oct 2026,11:00:00,21:25:00,26 oct 2026,21:25:00,26 oct 2026,21:25:00,26 oct 2026,10:25:00,13:00:00,null,2257,0,0,1,0,4,-70.8,-77.12,Oeste," ",0,0,0,07:30:00,INT,7.5,00:00:00,00:00:00,26 oct 2026,J,REG
203,null,null,LIM,26 oct 2026,11:00:00,26 oct 2026,21:25:00,null,1,26 oct 2026,Oct-2026,2026Q3,LA,2486,SCL,LIM,SCLLIM,17:05:00,20:55:00,19:05:00,20:55:00,22:05:00,01:55:00,NO,763,OUT,TOUCH,01:00:00,FP,03:50:00,null,SI,NO,02:10:00,1,1,0,null,null,11:00:00,11:00:00,26 oct 2026,26 oct 2026,11:00:00,21:25:00,26 oct 2026,21:25:00,26 oct 2026,21:25:00,26 oct 2026,10:25:00,13:00:00,null,2257,1,1,0,0,0,-70.8,-77.12,Oeste,A,0,0,0,07:30:00,INT,7.5,00:00:00,00:00:00,26 oct 2026,J,REG
210,null,null,LIM,27 oct 2026,11:00:00,27 oct 2026,21:25:00,null,1,27 oct 2026,Oct-2026,2026Q3,LA,2486,SCL,LIM,SCLLIM,17:05:00,20:55:00,19:05:00,20:55:00,22:05:00,01:55:00,NO,763,OUT,TOUCH,01:00:00,FP,03:50:00,null,SI,NO,02:10:00,1,1,0,null,null,11:00:00,11:00:00,27 oct 2026,27 oct 2026,11:00:00,21:25:00,27 oct 2026,21:25:00,27 oct 2026,21:25:00,27 oct 2026,10:25:00,13:00:00,null,2257,1,1,0,0,0,-70.8,-77.12,Oeste,A,0,0,0,07:30:00,INT,7.5,00:00:00,00:00:00,27 oct 2026,J,REG
336,null,null,LIM,31 oct 2026,11:00:00,31 oct 2026,21:25:00,null,1,31 oct 2026,Oct-2026,2026Q3,LA,2486,SCL,LIM,SCLLIM,17:05:00,20:55:00,19:05:00,20:55:00,22:05:00,01:55:00,NO,763,OUT,TOUCH,01:00:00,FP,03:50:00,null,SI,NO,02:10:00,1,1,0,null,null,11:00:00,11:00:00,31 oct 2026,31 oct 2026,11:00:00,21:25:00,31 oct 2026,21:25:00,31 oct 2026,21:25:00,31 oct 2026,10:25:00,13:00:00,null,2257,0,0,1,0,4,-70.8,-77.12,Oeste," ",0,0,0,07:30:00,INT,7.5,00:00:00,00:00:00,31 oct 2026,J,REG
239,null,null,LIM,31 oct 2026,11:00:00,31 oct 2026,21:25:00,null,1,31 oct 2026,Oct-2026,2026Q3,LA,2486,SCL,LIM,SCLLIM,17:05:00,20:55:00,19:05:00,20:55:00,22:05:00,01:55:00,NO,763,OUT,TOUCH,01:00:00,FP,03:50:00,null,SI,NO,02:10:00,1,1,0,null,null,11:00:00,11:00:00,31 oct 2026,31 oct 2026,11:00:00,21:25:00,31 oct 2026,21:25:00,31 oct 2026,21:25:00,31 oct 2026,10:25:00,13:00:00,null,2257,1,1,0,0,0,-70.8,-77.12,Oeste,A,0,0,0,07:30:00,INT,7.5,00:00:00,00:00:00,31 oct 2026,J,REG
170,null,null,LIM,15 oct 2026,11:05:00,15 oct 2026,21:30:00,null,1,15 oct 2026,Oct-2026,2026Q3,LA,2412,SCL,LIM,SCLLIM,17:10:00,21:00:00,19:10:00,21:00:00,22:10:00,02:00:00,NO,763,OUT,TOUCH,01:00:00,FP,03:50:00,null,SI,NO,02:10:00,1,1,0,null,null,11:05:00,11:05:00,15 oct 2026,15 oct 2026,11:05:00,21:30:00,15 oct 2026,21:30:00,15 oct 2026,21:30:00,15 oct 2026,10:25:00,13:00:00,null,2221,0,0,1,0,4,-70.8,-77.12,Oeste," ",0,0,0,07:30:00,INT,7.5,00:00:00,00:00:00,15 oct 2026,J,REG
180,null,null,LIM,16 oct 2026,11:05:00,16 oct 2026,21:30:00,null,1,16 oct 2026,Oct-2026,2026Q3,LA,2412,SCL,LIM,SCLLIM,17:10:00,21:00:00,19:10:00,21:00:00,22:10:00,02:00:00,NO,763,OUT,TOUCH,01:00:00,FP,03:50:00,null,SI,NO,02:10:00,1,1,0,null,null,11:05:00,11:05:00,16 oct 2026,16 oct 2026,11:05:00,21:30:00,16 oct 2026,21:30:00,16 oct 2026,21:30:00,16 oct 2026,10:25:00,13:00:00,null,2221,0,0,1,0,4,-70.8,-77.12,Oeste," ",0,0,0,07:30:00,INT,7.5,00:00:00,00:00:00,16 oct 2026,J,REG
242,null,null,LIM,22 oct 2026,11:05:00,22 oct 2026,21:30:00,null,1,22 oct 2026,Oct-2026,2026Q3,LA,2412,SCL,LIM,SCLLIM,17:10:00,21:00:00,19:10:00,21:00:00,22:10:00,02:00:00,NO,763,OUT,TOUCH,01:00:00,FP,03:50:00,null,SI,NO,02:10:00,1,1,0,null,null,11:05:00,11:05:00,22 oct 2026,22 oct 2026,11:05:00,21:30:00,22 oct 2026,21:30:00,22 oct 2026,21:30:00,22 oct 2026,10:25:00,13:00:00,null,2221,0,0,1,0,4,-70.8,-77.12,Oeste," ",0,0,0,07:30:00,INT,7.5,00:00:00,00:00:00,22 oct 2026,J,REG
121,null,null,LIM,15 oct 2026,11:05:00,15 oct 2026,21:30:00,null,1,15 oct 2026,Oct-2026,2026Q3,LA,2412,SCL,LIM,SCLLIM,17:10:00,21:00:00,19:10:00,21:00:00,22:10:00,02:00:00,NO,763,OUT,TOUCH,01:00:00,FP,03:50:00,null,SI,NO,02:10:00,1,1,0,null,null,11:05:00,11:05:00,15 oct 2026,15 oct 2026,11:05:00,21:30:00,15 oct 2026,21:30:00,15 oct 2026,21:30:00,15 oct 2026,10:25:00,13:00:00,null,2221,1,1,0,0,0,-70.8,-77.12,Oeste,A,0,0,0,07:30:00,INT,7.5,00:00:00,00:00:00,15 oct 2026,J,REG
108,null,null,LIM,9 oct 2026,11:05:00,9 oct 2026,21:30:00,null,1,9 oct 2026,Oct-2026,2026Q3,LA,2412,SCL,LIM,SCLLIM,17:10:00,21:00:00,19:10:00,21:00:00,22:10:00,02:00:00,NO,763,OUT,TOUCH,01:00:00,FP,03:50:00,null,SI,NO,02:10:00,1,1,0,null,null,11:05:00,11:05:00,9 oct 2026,9 oct 2026,11:05:00,21:30:00,9 oct 2026,21:30:00,9 oct 2026,21:30:00,9 oct 2026,10:25:00,13:00:00,null,2221,0,0,1,0,4,-70.8,-77.12,Oeste," ",0,0,0,07:30:00,INT,7.5,00:00:00,00:00:00,9 oct 2026,J,REG
85,null,null,LIM,10 oct 2026,11:05:00,10 oct 2026,21:30:00,null,1,10 oct 2026,Oct-2026,2026Q3,LA,2412,SCL,LIM,SCLLIM,17:10:00,21:00:00,19:10:00,21:00:00,22:10:00,02:00:00,NO,763,OUT,TOUCH,01:00:00,FP,03:50:00,null,SI,NO,02:10:00,1,1,0,null,null,11:05:00,11:05:00,10 oct 2026,10 oct 2026,11:05:00,21:30:00,10 oct 2026,21:30:00,10 oct 2026,21:30:00,10 oct 2026,10:25:00,13:00:00,null,2221,1,1,0,0,0,-70.8,-77.12,Oeste,A,0,0,0,07:30:00,INT,7.5,00:00:00,00:00:00,10 oct 2026,J,REG
136,null,null,LIM,17 oct 2026,11:05:00,17 oct 2026,21:30:00,null,1,17 oct 2026,Oct-2026,2026Q3,LA,2412,SCL,LIM,SCLLIM,17:10:00,21:00:00,19:10:00,21:00:00,22:10:00,02:00:00,NO,763,OUT,TOUCH,01:00:00,FP,03:50:00,null,SI,NO,02:10:00,1,1,0,null,null,11:05:00,11:05:00,17 oct 2026,17 oct 2026,11:05:00,21:30:00,17 oct 2026,21:30:00,17 oct 2026,21:30:00,17 oct 2026,10:25:00,13:00:00,null,2221,1,1,0,0,0,-70.8,-77.12,Oeste,A,0,0,0,07:30:00,INT,7.5,00:00:00,00:00:00,17 oct 2026,J,REG
191,null,null,LIM,17 oct 2026,11:05:00,17 oct 2026,21:30:00,null,1,17 oct 2026,Oct-2026,2026Q3,LA,2412,SCL,LIM,SCLLIM,17:10:00,21:00:00,19:10:00,21:00:00,22:10:00,02:00:00,NO,763,OUT,TOUCH,01:00:00,FP,03:50:00,null,SI,NO,02:10:00,1,1,0,null,null,11:05:00,11:05:00,17 oct 2026,17 oct 2026,11:05:00,21:30:00,17 oct 2026,21:30:00,17 oct 2026,21:30:00,17 oct 2026,10:25:00,13:00:00,null,2221,0,0,1,0,4,-70.8,-77.12,Oeste," ",0,0,0,07:30:00,INT,7.5,00:00:00,00:00:00,17 oct 2026,J,REG
25,null,null,LIM,1 oct 2026,11:05:00,1 oct 2026,21:30:00,null,1,1 oct 2026,Oct-2026,2026Q3,LA,2412,SCL,LIM,SCLLIM,17:10:00,21:00:00,19:10:00,21:00:00,22:10:00,02:00:00,NO,763,OUT,TOUCH,01:00:00,FP,03:50:00,null,SI,NO,02:10:00,1,1,0,null,null,11:05:00,11:05:00,1 oct 2026,1 oct 2026,11:05:00,21:30:00,1 oct 2026,21:30:00,1 oct 2026,21:30:00,1 oct 2026,10:25:00,13:00:00,null,2221,0,0,1,0,4,-70.8,-77.12,Oeste," ",0,0,0,07:30:00,INT,7.5,00:00:00,00:00:00,1 oct 2026,J,REG
18,null,null,LIM,1 oct 2026,11:05:00,1 oct 2026,21:30:00,null,1,1 oct 2026,Oct-2026,2026Q3,LA,2412,SCL,LIM,SCLLIM,17:10:00,21:00:00,19:10:00,21:00:00,22:10:00,02:00:00,NO,763,OUT,TOUCH,01:00:00,FP,03:50:00,null,SI,NO,02:10:00,1,1,0,null,null,11:05:00,11:05:00,1 oct 2026,1 oct 2026,11:05:00,21:30:00,1 oct 2026,21:30:00,1 oct 2026,21:30:00,1 oct 2026,10:25:00,13:00:00,null,2221,1,1,0,0,0,-70.8,-77.12,Oeste,A,0,0,0,07:30:00,INT,7.5,00:00:00,00:00:00,1 oct 2026,J,REG
34,null,null,LIM,3 oct 2026,11:05:00,3 oct 2026,21:30:00,null,1,3 oct 2026,Oct-2026,2026Q3,LA,2412,SCL,LIM,SCLLIM,17:10:00,21:00:00,19:10:00,21:00:00,22:10:00,02:00:00,NO,763,OUT,TOUCH,01:00:00,FP,03:50:00,null,SI,NO,02:10:00,1,1,0,null,null,11:05:00,11:05:00,3 oct 2026,3 oct 2026,11:05:00,21:30:00,3 oct 2026,21:30:00,3 oct 2026,21:30:00,3 oct 2026,10:25:00,13:00:00,null,2221,1,1,0,0,0,-70.8,-77.12,Oeste,A,0,0,0,07:30:00,INT,7.5,00:00:00,00:00:00,3 oct 2026,J,REG
47,null,null,LIM,3 oct 2026,11:05:00,3 oct 2026,21:30:00,null,1,3 oct 2026,Oct-2026,2026Q3,LA,2412,SCL,LIM,SCLLIM,17:10:00,21:00:00,19:10:00,21:00:00,22:10:00,02:00:00,NO,763,OUT,TOUCH,01:00:00,FP,03:50:00,null,SI,NO,02:10:00,1,1,0,null,null,11:05:00,11:05:00,3 oct 2026,3 oct 2026,11:05:00,21:30:00,3 oct 2026,21:30:00,3 oct 2026,21:30:00,3 oct 2026,10:25:00,13:00:00,null,2221,0,0,1,0,4,-70.8,-77.12,Oeste," ",0,0,0,07:30:00,INT,7.5,00:00:00,00:00:00,3 oct 2026,J,REG
128,null,null,LIM,16 oct 2026,11:05:00,16 oct 2026,21:30:00,null,1,16 oct 2026,Oct-2026,2026Q3,LA,2412,SCL,LIM,SCLLIM,17:10:00,21:00:00,19:10:00,21:00:00,22:10:00,02:00:00,NO,763,OUT,TOUCH,01:00:00,FP,03:50:00,null,SI,NO,02:10:00,1,1,0,null,null,11:05:00,11:05:00,16 oct 2026,16 oct 2026,11:05:00,21:30:00,16 oct 2026,21:30:00,16 oct 2026,21:30:00,16 oct 2026,10:25:00,13:00:00,null,2221,1,1,0,0,0,-70.8,-77.12,Oeste,A,0,0,0,07:30:00,INT,7.5,00:00:00,00:00:00,16 oct 2026,J,REG
25,null,null,LIM,2 oct 2026,11:05:00,2 oct 2026,21:30:00,null,1,2 oct 2026,Oct-2026,2026Q3,LA,2412,SCL,LIM,SCLLIM,17:10:00,21:00:00,19:10:00,21:00:00,22:10:00,02:00:00,NO,763,OUT,TOUCH,01:00:00,FP,03:50:00,null,SI,NO,02:10:00,1,1,0,null,null,11:05:00,11:05:00,2 oct 2026,2 oct 2026,11:05:00,21:30:00,2 oct 2026,21:30:00,2 oct 2026,21:30:00,2 oct 2026,10:25:00,13:00:00,null,2221,1,1,0,0,0,-70.8,-77.12,Oeste,A,0,0,0,07:30:00,INT,7.5,00:00:00,00:00:00,2 oct 2026,J,REG
119,null,null,LIM,10 oct 2026,11:05:00,10 oct 2026,21:30:00,null,1,10 oct 2026,Oct-2026,2026Q3,LA,2412,SCL,LIM,SCLLIM,17:10:00,21:00:00,19:10:00,21:00:00,22:10:00,02:00:00,NO,763,OUT,TOUCH,01:00:00,FP,03:50:00,null,SI,NO,02:10:00,1,1,0,null,null,11:05:00,11:05:00,10 oct 2026,10 oct 2026,11:05:00,21:30:00,10 oct 2026,21:30:00,10 oct 2026,21:30:00,10 oct 2026,10:25:00,13:00:00,null,2221,0,0,1,0,4,-70.8,-77.12,Oeste," ",0,0,0,07:30:00,INT,7.5,00:00:00,00:00:00,10 oct 2026,J,REG
77,null,null,LIM,9 oct 2026,11:05:00,9 oct 2026,21:30:00,null,1,9 oct 2026,Oct-2026,2026Q3,LA,2412,SCL,LIM,SCLLIM,17:10:00,21:00:00,19:10:00,21:00:00,22:10:00,02:00:00,NO,763,OUT,TOUCH,01:00:00,FP,03:50:00,null,SI,NO,02:10:00,1,1,0,null,null,11:05:00,11:05:00,9 oct 2026,9 oct 2026,11:05:00,21:30:00,9 oct 2026,21:30:00,9 oct 2026,21:30:00,9 oct 2026,10:25:00,13:00:00,null,2221,1,1,0,0,0,-70.8,-77.12,Oeste,A,0,0,0,07:30:00,INT,7.5,00:00:00,00:00:00,9 oct 2026,J,REG
98,null,null,LIM,8 oct 2026,11:05:00,8 oct 2026,21:30:00,null,1,8 oct 2026,Oct-2026,2026Q3,LA,2412,SCL,LIM,SCLLIM,17:10:00,21:00:00,19:10:00,21:00:00,22:10:00,02:00:00,NO,763,OUT,TOUCH,01:00:00,FP,03:50:00,null,SI,NO,02:10:00,1,1,0,null,null,11:05:00,11:05:00,8 oct 2026,8 oct 2026,11:05:00,21:30:00,8 oct 2026,21:30:00,8 oct 2026,21:30:00,8 oct 2026,10:25:00,13:00:00,null,2221,0,0,1,0,4,-70.8,-77.12,Oeste," ",0,0,0,07:30:00,INT,7.5,00:00:00,00:00:00,8 oct 2026,J,REG
70,null,null,LIM,8 oct 2026,11:05:00,8 oct 2026,21:30:00,null,1,8 oct 2026,Oct-2026,2026Q3,LA,2412,SCL,LIM,SCLLIM,17:10:00,21:00:00,19:10:00,21:00:00,22:10:00,02:00:00,NO,763,OUT,TOUCH,01:00:00,FP,03:50:00,null,SI,NO,02:10:00,1,1,0,null,null,11:05:00,11:05:00,8 oct 2026,8 oct 2026,11:05:00,21:30:00,8 oct 2026,21:30:00,8 oct 2026,21:30:00,8 oct 2026,10:25:00,13:00:00,null,2221,1,1,0,0,0,-70.8,-77.12,Oeste,A,0,0,0,07:30:00,INT,7.5,00:00:00,00:00:00,8 oct 2026,J,REG
35,null,null,LIM,2 oct 2026,11:05:00,2 oct 2026,21:30:00,null,1,2 oct 2026,Oct-2026,2026Q3,LA,2412,SCL,LIM,SCLLIM,17:10:00,21:00:00,19:10:00,21:00:00,22:10:00,02:00:00,NO,763,OUT,TOUCH,01:00:00,FP,03:50:00,null,SI,NO,02:10:00,1,1,0,null,null,11:05:00,11:05:00,2 oct 2026,2 oct 2026,11:05:00,21:30:00,2 oct 2026,21:30:00,2 oct 2026,21:30:00,2 oct 2026,10:25:00,13:00:00,null,2221,0,0,1,0,4,-70.8,-77.12,Oeste," ",0,0,0,07:30:00,INT,7.5,00:00:00,00:00:00,2 oct 2026,J,REG
172,null,null,LIM,22 oct 2026,11:05:00,22 oct 2026,21:30:00,null,1,22 oct 2026,Oct-2026,2026Q3,LA,2412,SCL,LIM,SCLLIM,17:10:00,21:00:00,19:10:00,21:00:00,22:10:00,02:00:00,NO,763,OUT,TOUCH,01:00:00,FP,03:50:00,null,SI,NO,02:10:00,1,1,0,null,null,11:05:00,11:05:00,22 oct 2026,22 oct 2026,11:05:00,21:30:00,22 oct 2026,21:30:00,22 oct 2026,21:30:00,22 oct 2026,10:25:00,13:00:00,null,2221,1,1,0,0,0,-70.8,-77.12,Oeste,A,0,0,0,07:30:00,INT,7.5,00:00:00,00:00:00,22 oct 2026,J,REG
201,3,null,LIM,18 oct 2026,11:00:00,20 oct 2026,08:40:00,1,null,18 oct 2026,Oct-2026,2026Q3,LA,534,LIM,LAX,LIMLAX,12:00:00,20:50:00,12:00:00,18:50:00,17:00:00,01:50:00,PAX,788,BASE,NO,01:00:00,FP,00:00:00,null,SI,SI,03:00:00,1,1,1,null,1,11:00:00,11:00:00,18 oct 2026,18 oct 2026,11:00:00,19:20:00,18 oct 2026,21:20:00,18 oct 2026,21:20:00,18 oct 2026,10:20:00,13:00:00,25:10:00,2189,0,0,1,0,6,-77.12,-118.4,Oeste," ",0,0,0,00:00:00,INT,2.888,00:00:00,00:00:00,18 oct 2026,J,INT
143,3,null,LIM,18 oct 2026,11:00:00,20 oct 2026,08:40:00,1,null,18 oct 2026,Oct-2026,2026Q3,LA,534,LIM,LAX,LIMLAX,12:00:00,20:50:00,12:00:00,18:50:00,17:00:00,01:50:00,PAX,788,BASE,NO,01:00:00,FP,00:00:00,null,SI,SI,03:00:00,1,1,1,null,1,11:00:00,11:00:00,18 oct 2026,18 oct 2026,11:00:00,19:20:00,18 oct 2026,21:20:00,18 oct 2026,21:20:00,18 oct 2026,10:20:00,13:00:00,25:10:00,2189,2,1,0,0,0,-77.12,-118.4,Oeste," ",0,0,0,00:00:00,INT,2.888,00:00:00,00:00:00,18 oct 2026,J,INT
33,3,null,LIM,3 oct 2026,11:00:00,5 oct 2026,22:40:00,1,null,3 oct 2026,Oct-2026,2026Q3,LA,2476,LIM,LAX,LIMLAX,12:00:00,21:00:00,12:00:00,19:00:00,17:00:00,02:00:00,NO,763,BASE,NO,01:00:00,FP,09:00:00,null,SI,NO,03:00:00,1,1,1,null,1,11:00:00,11:00:00,3 oct 2026,3 oct 2026,11:00:00,19:30:00,3 oct 2026,21:30:00,3 oct 2026,21:30:00,3 oct 2026,10:30:00,13:00:00,39:00:00,2073,2,1,0,0,0,-77.12,-118.4,Oeste,B,0,0,0,09:00:00,INT,3,00:00:00,00:00:00,3 oct 2026,J,INT
325,3,null,LIM,30 oct 2026,11:00:00,1 nov 2026,08:40:00,1,null,30 oct 2026,Oct-2026,2026Q3,LA,2476,LIM,LAX,LIMLAX,12:00:00,21:00:00,12:00:00,19:00:00,17:00:00,02:00:00,NO,763,BASE,NO,01:00:00,FP,09:00:00,null,SI,NO,03:00:00,1,1,1,null,1,11:00:00,11:00:00,30 oct 2026,30 oct 2026,11:00:00,19:30:00,30 oct 2026,21:30:00,30 oct 2026,21:30:00,30 oct 2026,10:30:00,13:00:00,25:05:00,2073,0,0,1,0,6,-77.12,-118.4,Oeste," ",0,0,0,09:00:00,INT,5.861,00:00:00,00:00:00,30 oct 2026,J,INT
240,3,null,LIM,31 oct 2026,11:00:00,2 nov 2026,08:40:00,1,null,31 oct 2026,Oct-2026,2026Q3,LA,2476,LIM,LAX,LIMLAX,12:00:00,21:00:00,12:00:00,19:00:00,17:00:00,02:00:00,NO,763,BASE,NO,01:00:00,FP,09:00:00,null,SI,NO,03:00:00,1,1,1,null,1,11:00:00,11:00:00,31 oct 2026,31 oct 2026,11:00:00,19:30:00,31 oct 2026,21:30:00,31 oct 2026,21:30:00,31 oct 2026,10:30:00,13:00:00,25:05:00,2073,2,1,0,0,0,-77.12,-118.4,Oeste,B,0,0,0,09:00:00,INT,5.861,00:00:00,00:00:00,31 oct 2026,J,INT
305,3,null,LIM,28 oct 2026,11:00:00,30 oct 2026,08:40:00,1,null,28 oct 2026,Oct-2026,2026Q3,LA,2476,LIM,LAX,LIMLAX,12:00:00,21:00:00,12:00:00,19:00:00,17:00:00,02:00:00,NO,763,BASE,NO,01:00:00,FP,09:00:00,null,SI,NO,03:00:00,1,1,1,null,1,11:00:00,11:00:00,28 oct 2026,28 oct 2026,11:00:00,19:30:00,28 oct 2026,21:30:00,28 oct 2026,21:30:00,28 oct 2026,10:30:00,13:00:00,25:05:00,2073,0,0,1,0,6,-77.12,-118.4,Oeste," ",0,0,0,09:00:00,INT,5.861,00:00:00,00:00:00,28 oct 2026,J,INT
263,3,null,LIM,24 oct 2026,11:00:00,26 oct 2026,08:40:00,1,null,24 oct 2026,Oct-2026,2026Q3,LA,2476,LIM,LAX,LIMLAX,12:00:00,21:00:00,12:00:00,19:00:00,17:00:00,02:00:00,NO,763,BASE,NO,01:00:00,FP,09:00:00,null,SI,NO,03:00:00,1,1,1,null,1,11:00:00,11:00:00,24 oct 2026,24 oct 2026,11:00:00,19:30:00,24 oct 2026,21:30:00,24 oct 2026,21:30:00,24 oct 2026,10:30:00,13:00:00,25:05:00,2073,0,0,1,0,6,-77.12,-118.4,Oeste," ",0,0,0,09:00:00,INT,5.861,00:00:00,00:00:00,24 oct 2026,J,INT
204,3,null,LIM,26 oct 2026,11:00:00,28 oct 2026,08:40:00,1,null,26 oct 2026,Oct-2026,2026Q3,LA,2476,LIM,LAX,LIMLAX,12:00:00,21:00:00,12:00:00,19:00:00,17:00:00,02:00:00,NO,763,BASE,NO,01:00:00,FP,09:00:00,null,SI,NO,03:00:00,1,1,1,null,1,11:00:00,11:00:00,26 oct 2026,26 oct 2026,11:00:00,19:30:00,26 oct 2026,21:30:00,26 oct 2026,21:30:00,26 oct 2026,10:30:00,13:00:00,25:05:00,2073,2,1,0,0,0,-77.12,-118.4,Oeste,B,0,0,0,09:00:00,INT,5.861,00:00:00,00:00:00,26 oct 2026,J,INT
11,5,LA2476300926,LIM,30 sept 2026,11:00:00,4 oct 2026,08:40:00,1,null,30 sept 2026,Sep-2026,2026Q3,LA,2476,LIM,LAX,LIMLAX,12:00:00,21:00:00,12:00:00,19:00:00,17:00:00,02:00:00,NO,763,BASE,NO,01:00:00,FP,09:00:00,null,SI,NO,03:00:00,1,1,1,null,1,11:00:00,11:00:00,30 sept 2026,30 sept 2026,11:00:00,19:30:00,30 sept 2026,21:30:00,30 sept 2026,21:30:00,30 sept 2026,10:30:00,13:00:00,73:00:00,2073,2,1,0,0,0,-77.12,-118.4,Oeste,B,0,0,0,09:00:00,INT,3.533,00:00:00,00:00:00,30 sept 2026,J,INT
178,3,null,LIM,23 oct 2026,11:00:00,25 oct 2026,08:40:00,1,null,23 oct 2026,Oct-2026,2026Q3,LA,2476,LIM,LAX,LIMLAX,12:00:00,21:00:00,12:00:00,19:00:00,17:00:00,02:00:00,NO,763,BASE,NO,01:00:00,FP,09:00:00,null,SI,NO,03:00:00,1,1,1,null,1,11:00:00,11:00:00,23 oct 2026,23 oct 2026,11:00:00,19:30:00,23 oct 2026,21:30:00,23 oct 2026,21:30:00,23 oct 2026,10:30:00,13:00:00,25:00:00,2073,2,1,0,0,0,-77.12,-118.4,Oeste,B,0,0,0,09:00:00,INT,5.888,00:00:00,00:00:00,23 oct 2026,J,INT
231,3,null,LIM,30 oct 2026,11:00:00,1 nov 2026,08:40:00,1,null,30 oct 2026,Oct-2026,2026Q3,LA,2476,LIM,LAX,LIMLAX,12:00:00,21:00:00,12:00:00,19:00:00,17:00:00,02:00:00,NO,763,BASE,NO,01:00:00,FP,09:00:00,null,SI,NO,03:00:00,1,1,1,null,1,11:00:00,11:00:00,30 oct 2026,30 oct 2026,11:00:00,19:30:00,30 oct 2026,21:30:00,30 oct 2026,21:30:00,30 oct 2026,10:30:00,13:00:00,25:05:00,2073,2,1,0,0,0,-77.12,-118.4,Oeste,B,0,0,0,09:00:00,INT,5.861,00:00:00,00:00:00,30 oct 2026,J,INT
232,4,null,LIM,21 oct 2026,11:00:00,24 oct 2026,08:40:00,1,null,21 oct 2026,Oct-2026,2026Q3,LA,2476,LIM,LAX,LIMLAX,12:00:00,21:00:00,12:00:00,19:00:00,17:00:00,02:00:00,NO,763,BASE,NO,01:00:00,FP,09:00:00,null,SI,NO,03:00:00,1,1,1,null,1,11:00:00,11:00:00,21 oct 2026,21 oct 2026,11:00:00,19:30:00,21 oct 2026,21:30:00,21 oct 2026,21:30:00,21 oct 2026,10:30:00,13:00:00,49:00:00,2073,0,0,1,0,6,-77.12,-118.4,Oeste," ",0,0,0,09:00:00,INT,4.416,00:00:00,00:00:00,21 oct 2026,J,INT
217,3,null,LIM,28 oct 2026,11:00:00,30 oct 2026,08:40:00,1,null,28 oct 2026,Oct-2026,2026Q3,LA,2476,LIM,LAX,LIMLAX,12:00:00,21:00:00,12:00:00,19:00:00,17:00:00,02:00:00,NO,763,BASE,NO,01:00:00,FP,09:00:00,null,SI,NO,03:00:00,1,1,1,null,1,11:00:00,11:00:00,28 oct 2026,28 oct 2026,11:00:00,19:30:00,28 oct 2026,21:30:00,28 oct 2026,21:30:00,28 oct 2026,10:30:00,13:00:00,25:05:00,2073,2,1,0,0,0,-77.12,-118.4,Oeste,B,0,0,0,09:00:00,INT,5.861,00:00:00,00:00:00,28 oct 2026,J,INT
296,3,null,LIM,27 oct 2026,11:00:00,29 oct 2026,08:40:00,1,null,27 oct 2026,Oct-2026,2026Q3,LA,2476,LIM,LAX,LIMLAX,12:00:00,21:00:00,12:00:00,19:00:00,17:00:00,02:00:00,NO,763,BASE,NO,01:00:00,FP,09:00:00,null,SI,NO,03:00:00,1,1,1,null,1,11:00:00,11:00:00,27 oct 2026,27 oct 2026,11:00:00,19:30:00,27 oct 2026,21:30:00,27 oct 2026,21:30:00,27 oct 2026,10:30:00,13:00:00,25:05:00,2073,0,0,1,0,6,-77.12,-118.4,Oeste," ",0,0,0,09:00:00,INT,5.861,00:00:00,00:00:00,27 oct 2026,J,INT
158,3,null,LIM,20 oct 2026,11:00:00,22 oct 2026,08:40:00,1,null,20 oct 2026,Oct-2026,2026Q3,LA,2476,LIM,LAX,LIMLAX,12:00:00,21:00:00,12:00:00,19:00:00,17:00:00,02:00:00,NO,763,BASE,NO,01:00:00,FP,09:00:00,null,SI,NO,03:00:00,1,1,1,null,1,11:00:00,11:00:00,20 oct 2026,20 oct 2026,11:00:00,19:30:00,20 oct 2026,21:30:00,20 oct 2026,21:30:00,20 oct 2026,10:30:00,13:00:00,25:00:00,2073,2,1,0,0,0,-77.12,-118.4,Oeste,B,0,0,0,09:00:00,INT,5.888,00:00:00,00:00:00,20 oct 2026,J,INT
317,3,null,LIM,29 oct 2026,11:00:00,31 oct 2026,08:40:00,1,null,29 oct 2026,Oct-2026,2026Q3,LA,2476,LIM,LAX,LIMLAX,12:00:00,21:00:00,12:00:00,19:00:00,17:00:00,02:00:00,NO,763,BASE,NO,01:00:00,FP,09:00:00,null,SI,NO,03:00:00,1,1,1,null,1,11:00:00,11:00:00,29 oct 2026,29 oct 2026,11:00:00,19:30:00,29 oct 2026,21:30:00,29 oct 2026,21:30:00,29 oct 2026,10:30:00,13:00:00,25:05:00,2073,0,0,1,0,6,-77.12,-118.4,Oeste," ",0,0,0,09:00:00,INT,5.861,00:00:00,00:00:00,29 oct 2026,J,INT
46,3,null,LIM,3 oct 2026,11:00:00,5 oct 2026,22:40:00,1,null,3 oct 2026,Oct-2026,2026Q3,LA,2476,LIM,LAX,LIMLAX,12:00:00,21:00:00,12:00:00,19:00:00,17:00:00,02:00:00,NO,763,BASE,NO,01:00:00,FP,09:00:00,null,SI,NO,03:00:00,1,1,1,null,1,11:00:00,11:00:00,3 oct 2026,3 oct 2026,11:00:00,19:30:00,3 oct 2026,21:30:00,3 oct 2026,21:30:00,3 oct 2026,10:30:00,13:00:00,39:00:00,2073,0,0,1,0,6,-77.12,-118.4,Oeste," ",0,0,0,09:00:00,INT,3,00:00:00,00:00:00,3 oct 2026,J,INT
211,3,null,LIM,27 oct 2026,11:00:00,29 oct 2026,08:40:00,1,null,27 oct 2026,Oct-2026,2026Q3,LA,2476,LIM,LAX,LIMLAX,12:00:00,21:00:00,12:00:00,19:00:00,17:00:00,02:00:00,NO,763,BASE,NO,01:00:00,FP,09:00:00,null,SI,NO,03:00:00,1,1,1,null,1,11:00:00,11:00:00,27 oct 2026,27 oct 2026,11:00:00,19:30:00,27 oct 2026,21:30:00,27 oct 2026,21:30:00,27 oct 2026,10:30:00,13:00:00,25:05:00,2073,2,1,0,0,0,-77.12,-118.4,Oeste,B,0,0,0,09:00:00,INT,5.861,00:00:00,00:00:00,27 oct 2026,J,INT
337,3,null,LIM,31 oct 2026,11:00:00,2 nov 2026,08:40:00,1,null,31 oct 2026,Oct-2026,2026Q3,LA,2476,LIM,LAX,LIMLAX,12:00:00,21:00:00,12:00:00,19:00:00,17:00:00,02:00:00,NO,763,BASE,NO,01:00:00,FP,09:00:00,null,SI,NO,03:00:00,1,1,1,null,1,11:00:00,11:00:00,31 oct 2026,31 oct 2026,11:00:00,19:30:00,31 oct 2026,21:30:00,31 oct 2026,21:30:00,31 oct 2026,10:30:00,13:00:00,25:05:00,2073,0,0,1,0,6,-77.12,-118.4,Oeste," ",0,0,0,09:00:00,INT,5.861,00:00:00,00:00:00,31 oct 2026,J,INT
251,3,null,LIM,23 oct 2026,11:00:00,25 oct 2026,08:40:00,1,null,23 oct 2026,Oct-2026,2026Q3,LA,2476,LIM,LAX,LIMLAX,12:00:00,21:00:00,12:00:00,19:00:00,17:00:00,02:00:00,NO,763,BASE,NO,01:00:00,FP,09:00:00,null,SI,NO,03:00:00,1,1,1,null,1,11:00:00,11:00:00,23 oct 2026,23 oct 2026,11:00:00,19:30:00,23 oct 2026,21:30:00,23 oct 2026,21:30:00,23 oct 2026,10:30:00,13:00:00,25:00:00,2073,0,0,1,0,6,-77.12,-118.4,Oeste," ",0,0,0,09:00:00,INT,5.888,00:00:00,00:00:00,23 oct 2026,J,INT
286,3,null,LIM,26 oct 2026,11:00:00,28 oct 2026,08:40:00,1,null,26 oct 2026,Oct-2026,2026Q3,LA,2476,LIM,LAX,LIMLAX,12:00:00,21:00:00,12:00:00,19:00:00,17:00:00,02:00:00,NO,763,BASE,NO,01:00:00,FP,09:00:00,null,SI,NO,03:00:00,1,1,1,null,1,11:00:00,11:00:00,26 oct 2026,26 oct 2026,11:00:00,19:30:00,26 oct 2026,21:30:00,26 oct 2026,21:30:00,26 oct 2026,10:30:00,13:00:00,25:05:00,2073,0,0,1,0,6,-77.12,-118.4,Oeste," ",0,0,0,09:00:00,INT,5.861,00:00:00,00:00:00,26 oct 2026,J,INT
165,4,null,LIM,21 oct 2026,11:00:00,24 oct 2026,08:40:00,1,null,21 oct 2026,Oct-2026,2026Q3,LA,2476,LIM,LAX,LIMLAX,12:00:00,21:00:00,12:00:00,19:00:00,17:00:00,02:00:00,NO,763,BASE,NO,01:00:00,FP,09:00:00,null,SI,NO,03:00:00,1,1,1,null,1,11:00:00,11:00:00,21 oct 2026,21 oct 2026,11:00:00,19:30:00,21 oct 2026,21:30:00,21 oct 2026,21:30:00,21 oct 2026,10:30:00,13:00:00,49:00:00,2073,2,1,0,0,0,-77.12,-118.4,Oeste,B,0,0,0,09:00:00,INT,4.416,00:00:00,00:00:00,21 oct 2026,J,INT
194,3,null,LIM,25 oct 2026,11:00:00,27 oct 2026,08:40:00,1,null,25 oct 2026,Oct-2026,2026Q3,LA,2476,LIM,LAX,LIMLAX,12:00:00,21:00:00,12:00:00,19:00:00,17:00:00,02:00:00,NO,763,BASE,NO,01:00:00,FP,09:00:00,null,SI,NO,03:00:00,1,1,1,null,1,11:00:00,11:00:00,25 oct 2026,25 oct 2026,11:00:00,19:30:00,25 oct 2026,21:30:00,25 oct 2026,21:30:00,25 oct 2026,10:30:00,13:00:00,25:05:00,2073,2,1,0,0,0,-77.12,-118.4,Oeste,B,0,0,0,09:00:00,INT,5.861,00:00:00,00:00:00,25 oct 2026,J,INT
150,3,null,LIM,19 oct 2026,11:00:00,21 oct 2026,08:40:00,1,null,19 oct 2026,Oct-2026,2026Q3,LA,2476,LIM,LAX,LIMLAX,12:00:00,21:00:00,12:00:00,19:00:00,17:00:00,02:00:00,NO,763,BASE,NO,01:00:00,FP,09:00:00,null,SI,NO,03:00:00,1,1,1,null,1,11:00:00,11:00:00,19 oct 2026,19 oct 2026,11:00:00,19:30:00,19 oct 2026,21:30:00,19 oct 2026,21:30:00,19 oct 2026,10:30:00,13:00:00,25:00:00,2073,2,1,0,0,0,-77.12,-118.4,Oeste,B,0,0,0,09:00:00,INT,5.888,00:00:00,00:00:00,19 oct 2026,J,INT
273,3,null,LIM,25 oct 2026,11:00:00,27 oct 2026,08:40:00,1,null,25 oct 2026,Oct-2026,2026Q3,LA,2476,LIM,LAX,LIMLAX,12:00:00,21:00:00,12:00:00,19:00:00,17:00:00,02:00:00,NO,763,BASE,NO,01:00:00,FP,09:00:00,null,SI,NO,03:00:00,1,1,1,null,1,11:00:00,11:00:00,25 oct 2026,25 oct 2026,11:00:00,19:30:00,25 oct 2026,21:30:00,25 oct 2026,21:30:00,25 oct 2026,10:30:00,13:00:00,25:05:00,2073,0,0,1,0,6,-77.12,-118.4,Oeste," ",0,0,0,09:00:00,INT,5.861,00:00:00,00:00:00,25 oct 2026,J,INT
226,3,null,LIM,29 oct 2026,11:00:00,31 oct 2026,08:40:00,1,null,29 oct 2026,Oct-2026,2026Q3,LA,2476,LIM,LAX,LIMLAX,12:00:00,21:00:00,12:00:00,19:00:00,17:00:00,02:00:00,NO,763,BASE,NO,01:00:00,FP,09:00:00,null,SI,NO,03:00:00,1,1,1,null,1,11:00:00,11:00:00,29 oct 2026,29 oct 2026,11:00:00,19:30:00,29 oct 2026,21:30:00,29 oct 2026,21:30:00,29 oct 2026,10:30:00,13:00:00,25:05:00,2073,2,1,0,0,0,-77.12,-118.4,Oeste,B,0,0,0,09:00:00,INT,5.861,00:00:00,00:00:00,29 oct 2026,J,INT
6,3,LA2476290926,LIM,29 sept 2026,11:00:00,1 oct 2026,08:40:00,1,null,29 sept 2026,Sep-2026,2026Q3,LA,2476,LIM,LAX,LIMLAX,12:00:00,21:00:00,12:00:00,19:00:00,17:00:00,02:00:00,NO,763,BASE,NO,01:00:00,FP,09:00:00,null,SI,NO,03:00:00,1,1,1,null,1,11:00:00,11:00:00,29 sept 2026,29 sept 2026,11:00:00,19:30:00,29 sept 2026,21:30:00,29 sept 2026,21:30:00,29 sept 2026,10:30:00,13:00:00,25:00:00,2073,0,0,1,0,6,-77.12,-118.4,Oeste," ",0,0,0,09:00:00,INT,5.888,00:00:00,00:00:00,29 sept 2026,J,INT
4,3,LA2476290926,LIM,29 sept 2026,11:00:00,1 oct 2026,08:40:00,1,null,29 sept 2026,Sep-2026,2026Q3,LA,2476,LIM,LAX,LIMLAX,12:00:00,21:00:00,12:00:00,19:00:00,17:00:00,02:00:00,NO,763,BASE,NO,01:00:00,FP,09:00:00,null,SI,NO,03:00:00,1,1,1,null,1,11:00:00,11:00:00,29 sept 2026,29 sept 2026,11:00:00,19:30:00,29 sept 2026,21:30:00,29 sept 2026,21:30:00,29 sept 2026,10:30:00,13:00:00,25:00:00,2073,2,1,0,0,0,-77.12,-118.4,Oeste,B,0,0,0,09:00:00,INT,5.888,00:00:00,00:00:00,29 sept 2026,J,INT
211,3,null,LIM,19 oct 2026,11:00:00,21 oct 2026,08:40:00,1,null,19 oct 2026,Oct-2026,2026Q3,LA,2476,LIM,LAX,LIMLAX,12:00:00,21:00:00,12:00:00,19:00:00,17:00:00,02:00:00,NO,763,BASE,NO,01:00:00,FP,09:00:00,null,SI,NO,03:00:00,1,1,1,null,1,11:00:00,11:00:00,19 oct 2026,19 oct 2026,11:00:00,19:30:00,19 oct 2026,21:30:00,19 oct 2026,21:30:00,19 oct 2026,10:30:00,13:00:00,25:00:00,2073,0,0,1,0,6,-77.12,-118.4,Oeste," ",0,0,0,09:00:00,INT,5.888,00:00:00,00:00:00,19 oct 2026,J,INT
187,3,null,LIM,24 oct 2026,11:00:00,26 oct 2026,08:40:00,1,null,24 oct 2026,Oct-2026,2026Q3,LA,2476,LIM,LAX,LIMLAX,12:00:00,21:00:00,12:00:00,19:00:00,17:00:00,02:00:00,NO,763,BASE,NO,01:00:00,FP,09:00:00,null,SI,NO,03:00:00,1,1,1,null,1,11:00:00,11:00:00,24 oct 2026,24 oct 2026,11:00:00,19:30:00,24 oct 2026,21:30:00,24 oct 2026,21:30:00,24 oct 2026,10:30:00,13:00:00,25:05:00,2073,2,1,0,0,0,-77.12,-118.4,Oeste,B,0,0,0,09:00:00,INT,5.861,00:00:00,00:00:00,24 oct 2026,J,INT
222,3,null,LIM,20 oct 2026,11:00:00,22 oct 2026,08:40:00,1,null,20 oct 2026,Oct-2026,2026Q3,LA,2476,LIM,LAX,LIMLAX,12:00:00,21:00:00,12:00:00,19:00:00,17:00:00,02:00:00,NO,763,BASE,NO,01:00:00,FP,09:00:00,null,SI,NO,03:00:00,1,1,1,null,1,11:00:00,11:00:00,20 oct 2026,20 oct 2026,11:00:00,19:30:00,20 oct 2026,21:30:00,20 oct 2026,21:30:00,20 oct 2026,10:30:00,13:00:00,25:00:00,2073,0,0,1,0,6,-77.12,-118.4,Oeste," ",0,0,0,09:00:00,INT,5.888,00:00:00,00:00:00,20 oct 2026,J,INT
15,5,LA2476300926,LIM,30 sept 2026,11:00:00,4 oct 2026,08:40:00,1,null,30 sept 2026,Sep-2026,2026Q3,LA,2476,LIM,LAX,LIMLAX,12:00:00,21:00:00,12:00:00,19:00:00,17:00:00,02:00:00,NO,763,BASE,NO,01:00:00,FP,09:00:00,null,SI,NO,03:00:00,1,1,1,null,1,11:00:00,11:00:00,30 sept 2026,30 sept 2026,11:00:00,19:30:00,30 sept 2026,21:30:00,30 sept 2026,21:30:00,30 sept 2026,10:30:00,13:00:00,73:00:00,2073,0,0,1,0,6,-77.12,-118.4,Oeste," ",0,0,0,09:00:00,INT,3.533,00:00:00,00:00:00,30 sept 2026,J,INT
95,null,null,LIM,11 oct 2026,19:35:00,14 oct 2026,23:15:00,null,1,14 oct 2026,Oct-2026,2026Q3,LA,2491,MAD,LIM,MADLIM,10:35:00,22:45:00,17:35:00,22:45:00,15:35:00,03:45:00,NO,763,OUT,TOUCH,01:00:00,FP,12:10:00,null,SI,NO,03:00:00,2,4,1,null,1,09:35:00,16:35:00,14 oct 2026,14 oct 2026,09:35:00,23:15:00,14 oct 2026,23:15:00,14 oct 2026,23:15:00,14 oct 2026,13:40:00,13:00:00,null,1489,2,2,0,0,0,-3.57,-77.12,Oeste,C,0,0,0,12:10:00,INT,6.02,00:00:00,00:00:00,14 oct 2026,J,INT
132,null,null,LIM,11 oct 2026,19:35:00,14 oct 2026,23:15:00,null,1,14 oct 2026,Oct-2026,2026Q3,LA,2491,MAD,LIM,MADLIM,10:35:00,22:45:00,17:35:00,22:45:00,15:35:00,03:45:00,NO,763,OUT,TOUCH,01:00:00,FP,12:10:00,null,SI,NO,03:00:00,2,4,1,null,1,09:35:00,16:35:00,14 oct 2026,14 oct 2026,09:35:00,23:15:00,14 oct 2026,23:15:00,14 oct 2026,23:15:00,14 oct 2026,13:40:00,13:00:00,null,1489,0,0,1,0,6,-3.57,-77.12,Oeste," ",0,0,0,12:10:00,INT,6.02,00:00:00,00:00:00,14 oct 2026,J,INT
131,null,null,LIM,16 oct 2026,22:00:00,18 oct 2026,23:15:00,null,1,18 oct 2026,Oct-2026,2026Q3,LA,2491,MAD,LIM,MADLIM,10:35:00,22:45:00,17:35:00,22:45:00,15:35:00,03:45:00,NO,763,OUT,TOUCH,01:00:00,FP,12:10:00,null,SI,NO,03:00:00,2,3,1,null,1,09:35:00,16:35:00,18 oct 2026,18 oct 2026,09:35:00,23:15:00,18 oct 2026,23:15:00,18 oct 2026,23:15:00,18 oct 2026,13:40:00,13:00:00,null,1462,2,2,0,0,0,-3.57,-77.12,Oeste,C,0,0,0,12:10:00,INT,4.055,00:00:00,00:00:00,18 oct 2026,J,INT
51,null,null,LIM,5 oct 2026,22:00:00,7 oct 2026,23:15:00,null,1,7 oct 2026,Oct-2026,2026Q3,LA,2491,MAD,LIM,MADLIM,10:35:00,22:45:00,17:35:00,22:45:00,15:35:00,03:45:00,NO,763,OUT,TOUCH,01:00:00,FP,12:10:00,null,SI,NO,03:00:00,2,3,1,null,1,09:35:00,16:35:00,7 oct 2026,7 oct 2026,09:35:00,23:15:00,7 oct 2026,23:15:00,7 oct 2026,23:15:00,7 oct 2026,13:40:00,13:00:00,null,1462,2,2,0,0,0,-3.57,-77.12,Oeste,C,0,0,0,12:10:00,INT,4.055,00:00:00,00:00:00,7 oct 2026,J,INT
123,null,null,LIM,10 oct 2026,22:00:00,12 oct 2026,23:15:00,null,1,12 oct 2026,Oct-2026,2026Q3,LA,2491,MAD,LIM,MADLIM,10:35:00,22:45:00,17:35:00,22:45:00,15:35:00,03:45:00,NO,763,OUT,TOUCH,01:00:00,FP,12:10:00,null,SI,NO,03:00:00,2,3,1,null,1,09:35:00,16:35:00,12 oct 2026,12 oct 2026,09:35:00,23:15:00,12 oct 2026,23:15:00,12 oct 2026,23:15:00,12 oct 2026,13:40:00,13:00:00,null,1462,0,0,1,0,6,-3.57,-77.12,Oeste," ",0,0,0,12:10:00,INT,4.055,00:00:00,00:00:00,12 oct 2026,J,INT
89,null,null,LIM,10 oct 2026,22:00:00,12 oct 2026,23:15:00,null,1,12 oct 2026,Oct-2026,2026Q3,LA,2491,MAD,LIM,MADLIM,10:35:00,22:45:00,17:35:00,22:45:00,15:35:00,03:45:00,NO,763,OUT,TOUCH,01:00:00,FP,12:10:00,null,SI,NO,03:00:00,2,3,1,null,1,09:35:00,16:35:00,12 oct 2026,12 oct 2026,09:35:00,23:15:00,12 oct 2026,23:15:00,12 oct 2026,23:15:00,12 oct 2026,13:40:00,13:00:00,null,1462,2,2,0,0,0,-3.57,-77.12,Oeste,C,0,0,0,12:10:00,INT,4.055,00:00:00,00:00:00,12 oct 2026,J,INT
70,null,null,LIM,5 oct 2026,22:00:00,7 oct 2026,23:15:00,null,1,7 oct 2026,Oct-2026,2026Q3,LA,2491,MAD,LIM,MADLIM,10:35:00,22:45:00,17:35:00,22:45:00,15:35:00,03:45:00,NO,763,OUT,TOUCH,01:00:00,FP,12:10:00,null,SI,NO,03:00:00,2,3,1,null,1,09:35:00,16:35:00,7 oct 2026,7 oct 2026,09:35:00,23:15:00,7 oct 2026,23:15:00,7 oct 2026,23:15:00,7 oct 2026,13:40:00,13:00:00,null,1462,0,0,1,0,6,-3.57,-77.12,Oeste," ",0,0,0,12:10:00,INT,4.055,00:00:00,00:00:00,7 oct 2026,J,INT
80,null,null,LIM,9 oct 2026,22:00:00,11 oct 2026,23:15:00,null,1,11 oct 2026,Oct-2026,2026Q3,LA,2491,MAD,LIM,MADLIM,10:35:00,22:45:00,17:35:00,22:45:00,15:35:00,03:45:00,NO,763,OUT,TOUCH,01:00:00,FP,12:10:00,null,SI,NO,03:00:00,2,3,1,null,1,09:35:00,16:35:00,11 oct 2026,11 oct 2026,09:35:00,23:15:00,11 oct 2026,23:15:00,11 oct 2026,23:15:00,11 oct 2026,13:40:00,13:00:00,null,1462,2,2,0,0,0,-3.57,-77.12,Oeste,C,0,0,0,12:10:00,INT,4.055,00:00:00,00:00:00,11 oct 2026,J,INT
111,null,null,LIM,9 oct 2026,22:00:00,11 oct 2026,23:15:00,null,1,11 oct 2026,Oct-2026,2026Q3,LA,2491,MAD,LIM,MADLIM,10:35:00,22:45:00,17:35:00,22:45:00,15:35:00,03:45:00,NO,763,OUT,TOUCH,01:00:00,FP,12:10:00,null,SI,NO,03:00:00,2,3,1,null,1,09:35:00,16:35:00,11 oct 2026,11 oct 2026,09:35:00,23:15:00,11 oct 2026,23:15:00,11 oct 2026,23:15:00,11 oct 2026,13:40:00,13:00:00,null,1462,0,0,1,0,6,-3.57,-77.12,Oeste," ",0,0,0,12:10:00,INT,4.055,00:00:00,00:00:00,11 oct 2026,J,INT
183,null,null,LIM,16 oct 2026,22:00:00,18 oct 2026,23:15:00,null,1,18 oct 2026,Oct-2026,2026Q3,LA,2491,MAD,LIM,MADLIM,10:35:00,22:45:00,17:35:00,22:45:00,15:35:00,03:45:00,NO,763,OUT,TOUCH,01:00:00,FP,12:10:00,null,SI,NO,03:00:00,2,3,1,null,1,09:35:00,16:35:00,18 oct 2026,18 oct 2026,09:35:00,23:15:00,18 oct 2026,23:15:00,18 oct 2026,23:15:00,18 oct 2026,13:40:00,13:00:00,null,1462,0,0,1,0,6,-3.57,-77.12,Oeste," ",0,0,0,12:10:00,INT,4.055,00:00:00,00:00:00,18 oct 2026,J,INT