trip,dd,pairing_name,base,fecha_inicio_trip,hora_inicio_trip,fecha_fin_trip,hora_fin_trip,inicio_trip,fin_trip,inicio_vuelo_lt,mes,quarter,carrier,vuelo,dep,arr,llave,std_hb,sta_hb,std_lt,sta_lt,std_utc,sta_utc,pax,sub_fleet,base_out,base_touch,brief,load_type,hbt,cnx,ac_change_ssim,ac_change_fleet,tiempo_max_suelo,duty,dia_duty,contador_duty,mix_duty,late_duty,presentacion_duty_hb,presentacion_duty_lt,presentacion_duty_date_lt,presentacion_duty_date_at,presentacion_duty_hour_at,duty_end_hour_lt,duty_end_date_lt,duty_end_hour_at,duty_end_date_at,duty_end_hour_hb,duty_end_date_hb,duty_time,max_duty,rest,alertness,cp,fo,tj,tce,tc,dep_long,arr_long,direccion,composicion,km,km_diurno,km_spec_noct,duty_block_time,tipo_de_vuelo,ppd,projected_delay,accumulated_delay,date_departure_utc,service_type,tipo_de_vueloreg
287,1,null,LIM,27 sept 2026,08:35:00,27 sept 2026,20:10:00,1,null,27 sept 2026,Sep-2026,2026Q3,LA,2697,LIM,SCL,LIMSCL,09:35:00,13:00:00,09:35:00,15:00:00,14:35:00,18:00:00,NO,789,BASE,NO,01:00:00,FP,03:25:00,02:50:00,SI,SI,03:00:00,1,1,1,1,1,08:35:00,08:35:00,27 sept 2026,27 sept 2026,08:35:00,20:10:00,27 sept 2026,20:10:00,27 sept 2026,20:10:00,27 sept 2026,11:35:00,13:00:00,null,6262,0,0,1,0,6,-77.12,-70.8,Este," ",0,0,0,07:15:00,INT,7.25,00:00:00,00:00:00,27 sept 2026,J,REG
94,1,null,LIM,8 sept 2026,08:35:00,8 sept 2026,20:10:00,1,null,8 sept 2026,Sep-2026,2026Q3,LA,2697,LIM,SCL,LIMSCL,09:35:00,13:00:00,09:35:00,15:00:00,14:35:00,18:00:00,NO,788,BASE,NO,01:00:00,FP,03:25:00,02:50:00,SI,NO,03:00:00,1,1,1,null,1,08:35:00,08:35:00,8 sept 2026,8 sept 2026,08:35:00,20:10:00,8 sept 2026,20:10:00,8 sept 2026,20:10:00,8 sept 2026,11:35:00,13:00:00,null,6262,0,0,1,0,6,-77.12,-70.8,Este," ",0,0,0,07:15:00,INT,7.25,00:00:00,00:00:00,8 sept 2026,J,REG
145,1,null,LIM,13 sept 2026,08:35:00,13 sept 2026,20:10:00,1,null,13 sept 2026,Sep-2026,2026Q3,LA,2697,LIM,SCL,LIMSCL,09:35:00,13:00:00,09:35:00,15:00:00,14:35:00,18:00:00,NO,789,BASE,NO,01:00:00,FP,03:25:00,02:50:00,SI,SI,03:00:00,1,1,1,1,1,08:35:00,08:35:00,13 sept 2026,13 sept 2026,08:35:00,20:10:00,13 sept 2026,20:10:00,13 sept 2026,20:10:00,13 sept 2026,11:35:00,13:00:00,null,6262,0,0,1,0,6,-77.12,-70.8,Este," ",0,0,0,07:15:00,INT,7.25,00:00:00,00:00:00,13 sept 2026,J,REG
307,1,null,LIM,29 sept 2026,08:35:00,29 sept 2026,20:10:00,1,null,29 sept 2026,Sep-2026,2026Q3,LA,2697,LIM,SCL,LIMSCL,09:35:00,13:00:00,09:35:00,15:00:00,14:35:00,18:00:00,NO,788,BASE,NO,01:00:00,FP,03:25:00,02:50:00,NO,NO,03:00:00,1,1,1,null,1,08:35:00,08:35:00,29 sept 2026,29 sept 2026,08:35:00,20:10:00,29 sept 2026,20:10:00,29 sept 2026,20:10:00,29 sept 2026,11:35:00,13:00:00,null,6262,0,0,1,0,6,-77.12,-70.8,Este," ",0,0,0,07:15:00,INT,7.25,00:00:00,00:00:00,29 sept 2026,J,REG
156,1,null,LIM,14 sept 2026,08:35:00,14 sept 2026,20:10:00,1,null,14 sept 2026,Sep-2026,2026Q3,LA,2697,LIM,SCL,LIMSCL,09:35:00,13:00:00,09:35:00,15:00:00,14:35:00,18:00:00,NO,789,BASE,NO,01:00:00,FP,03:25:00,02:50:00,SI,NO,03:00:00,1,1,1,null,1,08:35:00,08:35:00,14 sept 2026,14 sept 2026,08:35:00,20:10:00,14 sept 2026,20:10:00,14 sept 2026,20:10:00,14 sept 2026,11:35:00,13:00:00,null,6262,0,0,1,0,6,-77.12,-70.8,Este," ",0,0,0,07:15:00,INT,7.25,00:00:00,00:00:00,14 sept 2026,J,REG
256,1,null,LIM,24 sept 2026,08:35:00,24 sept 2026,20:10:00,1,null,24 sept 2026,Sep-2026,2026Q3,LA,2697,LIM,SCL,LIMSCL,09:35:00,13:00:00,09:35:00,15:00:00,14:35:00,18:00:00,NO,788,BASE,NO,01:00:00,FP,03:25:00,02:50:00,SI,SI,03:00:00,1,1,1,1,1,08:35:00,08:35:00,24 sept 2026,24 sept 2026,08:35:00,20:10:00,24 sept 2026,20:10:00,24 sept 2026,20:10:00,24 sept 2026,11:35:00,13:00:00,null,6262,0,0,1,0,6,-77.12,-70.8,Este," ",0,0,0,07:15:00,INT,7.25,00:00:00,00:00:00,24 sept 2026,J,REG
114,1,null,LIM,10 sept 2026,08:35:00,10 sept 2026,20:10:00,1,null,10 sept 2026,Sep-2026,2026Q3,LA,2697,LIM,SCL,LIMSCL,09:35:00,13:00:00,09:35:00,15:00:00,14:35:00,18:00:00,NO,788,BASE,NO,01:00:00,FP,03:25:00,02:50:00,SI,SI,03:00:00,1,1,1,1,1,08:35:00,08:35:00,10 sept 2026,10 sept 2026,08:35:00,20:10:00,10 sept 2026,20:10:00,10 sept 2026,20:10:00,10 sept 2026,11:35:00,13:00:00,null,6262,0,0,1,0,6,-77.12,-70.8,Este," ",0,0,0,07:15:00,INT,7.25,00:00:00,00:00:00,10 sept 2026,J,REG
316,1,null,LIM,30 sept 2026,08:35:00,30 sept 2026,20:10:00,1,null,30 sept 2026,Sep-2026,2026Q3,LA,2697,LIM,SCL,LIMSCL,09:35:00,13:00:00,09:35:00,15:00:00,14:35:00,18:00:00,NO,789,BASE,NO,01:00:00,FP,03:25:00,02:50:00,SI,NO,03:00:00,1,1,1,null,1,08:35:00,08:35:00,30 sept 2026,30 sept 2026,08:35:00,20:10:00,30 sept 2026,20:10:00,30 sept 2026,20:10:00,30 sept 2026,11:35:00,13:00:00,null,6262,0,0,1,0,6,-77.12,-70.8,Este," ",0,0,0,07:15:00,INT,7.25,00:00:00,00:00:00,30 sept 2026,J,REG
103,1,null,LIM,9 sept 2026,08:35:00,9 sept 2026,20:10:00,1,null,9 sept 2026,Sep-2026,2026Q3,LA,2697,LIM,SCL,LIMSCL,09:35:00,13:00:00,09:35:00,15:00:00,14:35:00,18:00:00,NO,789,BASE,NO,01:00:00,FP,03:25:00,02:50:00,SI,NO,03:00:00,1,1,1,null,1,08:35:00,08:35:00,9 sept 2026,9 sept 2026,08:35:00,20:10:00,9 sept 2026,20:10:00,9 sept 2026,20:10:00,9 sept 2026,11:35:00,13:00:00,null,6262,0,0,1,0,6,-77.12,-70.8,Este," ",0,0,0,07:15:00,INT,7.25,00:00:00,00:00:00,9 sept 2026,J,REG
123,1,null,LIM,11 sept 2026,08:35:00,11 sept 2026,20:10:00,1,null,11 sept 2026,Sep-2026,2026Q3,LA,2697,LIM,SCL,LIMSCL,09:35:00,13:00:00,09:35:00,15:00:00,14:35:00,18:00:00,NO,789,BASE,NO,01:00:00,FP,03:25:00,02:50:00,SI,NO,03:00:00,1,1,1,null,1,08:35:00,08:35:00,11 sept 2026,11 sept 2026,08:35:00,20:10:00,11 sept 2026,20:10:00,11 sept 2026,20:10:00,11 sept 2026,11:35:00,13:00:00,null,6262,0,0,1,0,6,-77.12,-70.8,Este," ",0,0,0,07:15:00,INT,7.25,00:00:00,00:00:00,11 sept 2026,J,REG
298,1,null,LIM,28 sept 2026,08:35:00,28 sept 2026,20:10:00,1,null,28 sept 2026,Sep-2026,2026Q3,LA,2697,LIM,SCL,LIMSCL,09:35:00,13:00:00,09:35:00,15:00:00,14:35:00,18:00:00,NO,789,BASE,NO,01:00:00,FP,03:25:00,02:50:00,SI,NO,03:00:00,1,1,1,null,1,08:35:00,08:35:00,28 sept 2026,28 sept 2026,08:35:00,20:10:00,28 sept 2026,20:10:00,28 sept 2026,20:10:00,28 sept 2026,11:35:00,13:00:00,null,6262,0,0,1,0,6,-77.12,-70.8,Este," ",0,0,0,07:15:00,INT,7.25,00:00:00,00:00:00,28 sept 2026,J,REG
74,1,null,LIM,6 sept 2026,08:35:00,6 sept 2026,20:10:00,1,null,6 sept 2026,Sep-2026,2026Q3,LA,2697,LIM,SCL,LIMSCL,09:35:00,13:00:00,09:35:00,15:00:00,14:35:00,18:00:00,NO,789,BASE,NO,01:00:00,FP,03:25:00,02:50:00,SI,SI,03:00:00,1,1,1,1,1,08:35:00,08:35:00,6 sept 2026,6 sept 2026,08:35:00,20:10:00,6 sept 2026,20:10:00,6 sept 2026,20:10:00,6 sept 2026,11:35:00,13:00:00,null,6262,0,0,1,0,6,-77.12,-70.8,Este," ",0,0,0,07:15:00,INT,7.25,00:00:00,00:00:00,6 sept 2026,J,REG
265,1,null,LIM,25 sept 2026,08:35:00,25 sept 2026,20:10:00,1,null,25 sept 2026,Sep-2026,2026Q3,LA,2697,LIM,SCL,LIMSCL,09:35:00,13:00:00,09:35:00,15:00:00,14:35:00,18:00:00,NO,789,BASE,NO,01:00:00,FP,03:25:00,02:50:00,SI,NO,03:00:00,1,1,1,null,1,08:35:00,08:35:00,25 sept 2026,25 sept 2026,08:35:00,20:10:00,25 sept 2026,20:10:00,25 sept 2026,20:10:00,25 sept 2026,11:35:00,13:00:00,null,6262,0,0,1,0,6,-77.12,-70.8,Este," ",0,0,0,07:15:00,INT,7.25,00:00:00,00:00:00,25 sept 2026,J,REG
206,1,null,LIM,19 sept 2026,08:35:00,19 sept 2026,20:10:00,1,null,19 sept 2026,Sep-2026,2026Q3,LA,2697,LIM,SCL,LIMSCL,09:35:00,13:00:00,09:35:00,15:00:00,14:35:00,18:00:00,NO,789,BASE,NO,01:00:00,FP,03:25:00,02:50:00,NO,NO,03:00:00,1,1,1,null,1,08:35:00,08:35:00,19 sept 2026,19 sept 2026,08:35:00,20:10:00,19 sept 2026,20:10:00,19 sept 2026,20:10:00,19 sept 2026,11:35:00,13:00:00,null,6262,0,0,1,0,6,-77.12,-70.8,Este," ",0,0,0,07:15:00,INT,7.25,00:00:00,00:00:00,19 sept 2026,J,REG
194,1,null,LIM,18 sept 2026,08:35:00,18 sept 2026,20:10:00,1,null,18 sept 2026,Sep-2026,2026Q3,LA,2697,LIM,SCL,LIMSCL,09:35:00,13:00:00,09:35:00,15:00:00,14:35:00,18:00:00,NO,789,BASE,NO,01:00:00,FP,03:25:00,02:50:00,SI,NO,03:00:00,1,1,1,null,1,08:35:00,08:35:00,18 sept 2026,18 sept 2026,08:35:00,20:10:00,18 sept 2026,20:10:00,18 sept 2026,20:10:00,18 sept 2026,11:35:00,13:00:00,null,6262,0,0,1,0,6,-77.12,-70.8,Este," ",0,0,0,07:15:00,INT,7.25,00:00:00,00:00:00,18 sept 2026,J,REG
174,1,null,LIM,16 sept 2026,08:35:00,16 sept 2026,20:10:00,1,null,16 sept 2026,Sep-2026,2026Q3,LA,2697,LIM,SCL,LIMSCL,09:35:00,13:00:00,09:35:00,15:00:00,14:35:00,18:00:00,NO,789,BASE,NO,01:00:00,FP,03:25:00,02:50:00,SI,NO,03:00:00,1,1,1,null,1,08:35:00,08:35:00,16 sept 2026,16 sept 2026,08:35:00,20:10:00,16 sept 2026,20:10:00,16 sept 2026,20:10:00,16 sept 2026,11:35:00,13:00:00,null,6262,0,0,1,0,6,-77.12,-70.8,Este," ",0,0,0,07:15:00,INT,7.25,00:00:00,00:00:00,16 sept 2026,J,REG
227,1,null,LIM,21 sept 2026,08:35:00,21 sept 2026,20:10:00,1,null,21 sept 2026,Sep-2026,2026Q3,LA,2697,LIM,SCL,LIMSCL,09:35:00,13:00:00,09:35:00,15:00:00,14:35:00,18:00:00,NO,789,BASE,NO,01:00:00,FP,03:25:00,02:50:00,SI,NO,03:00:00,1,1,1,null,1,08:35:00,08:35:00,21 sept 2026,21 sept 2026,08:35:00,20:10:00,21 sept 2026,20:10:00,21 sept 2026,20:10:00,21 sept 2026,11:35:00,13:00:00,null,6262,0,0,1,0,6,-77.12,-70.8,Este," ",0,0,0,07:15:00,INT,7.25,00:00:00,00:00:00,21 sept 2026,J,REG
165,1,null,LIM,15 sept 2026,08:35:00,15 sept 2026,20:10:00,1,null,15 sept 2026,Sep-2026,2026Q3,LA,2697,LIM,SCL,LIMSCL,09:35:00,13:00:00,09:35:00,15:00:00,14:35:00,18:00:00,NO,788,BASE,NO,01:00:00,FP,03:25:00,02:50:00,SI,NO,03:00:00,1,1,1,null,1,08:35:00,08:35:00,15 sept 2026,15 sept 2026,08:35:00,20:10:00,15 sept 2026,20:10:00,15 sept 2026,20:10:00,15 sept 2026,11:35:00,13:00:00,null,6262,0,0,1,0,6,-77.12,-70.8,Este," ",0,0,0,07:15:00,INT,7.25,00:00:00,00:00:00,15 sept 2026,J,REG
277,1,null,LIM,26 sept 2026,08:35:00,26 sept 2026,20:10:00,1,null,26 sept 2026,Sep-2026,2026Q3,LA,2697,LIM,SCL,LIMSCL,09:35:00,13:00:00,09:35:00,15:00:00,14:35:00,18:00:00,NO,789,BASE,NO,01:00:00,FP,03:25:00,02:50:00,NO,NO,03:00:00,1,1,1,null,1,08:35:00,08:35:00,26 sept 2026,26 sept 2026,08:35:00,20:10:00,26 sept 2026,20:10:00,26 sept 2026,20:10:00,26 sept 2026,11:35:00,13:00:00,null,6262,0,0,1,0,6,-77.12,-70.8,Este," ",0,0,0,07:15:00,INT,7.25,00:00:00,00:00:00,26 sept 2026,J,REG
85,1,null,LIM,7 sept 2026,08:35:00,7 sept 2026,20:10:00,1,null,7 sept 2026,Sep-2026,2026Q3,LA,2697,LIM,SCL,LIMSCL,09:35:00,13:00:00,09:35:00,15:00:00,14:35:00,18:00:00,NO,789,BASE,NO,01:00:00,FP,03:25:00,02:50:00,SI,NO,03:00:00,1,1,1,null,1,08:35:00,08:35:00,7 sept 2026,7 sept 2026,08:35:00,20:10:00,7 sept 2026,20:10:00,7 sept 2026,20:10:00,7 sept 2026,11:35:00,13:00:00,null,6262,0,0,1,0,6,-77.12,-70.8,Este," ",0,0,0,07:15:00,INT,7.25,00:00:00,00:00:00,7 sept 2026,J,REG
185,1,null,LIM,17 sept 2026,08:35:00,17 sept 2026,20:10:00,1,null,17 sept 2026,Sep-2026,2026Q3,LA,2697,LIM,SCL,LIMSCL,09:35:00,13:00:00,09:35:00,15:00:00,14:35:00,18:00:00,NO,788,BASE,NO,01:00:00,FP,03:25:00,02:50:00,SI,SI,03:00:00,1,1,1,1,1,08:35:00,08:35:00,17 sept 2026,17 sept 2026,08:35:00,20:10:00,17 sept 2026,20:10:00,17 sept 2026,20:10:00,17 sept 2026,11:35:00,13:00:00,null,6262,0,0,1,0,6,-77.12,-70.8,Este," ",0,0,0,07:15:00,INT,7.25,00:00:00,00:00:00,17 sept 2026,J,REG
245,1,null,LIM,23 sept 2026,08:35:00,23 sept 2026,20:10:00,1,null,23 sept 2026,Sep-2026,2026Q3,LA,2697,LIM,SCL,LIMSCL,09:35:00,13:00:00,09:35:00,15:00:00,14:35:00,18:00:00,NO,789,BASE,NO,01:00:00,FP,03:25:00,02:50:00,SI,NO,03:00:00,1,1,1,null,1,08:35:00,08:35:00,23 sept 2026,23 sept 2026,08:35:00,20:10:00,23 sept 2026,20:10:00,23 sept 2026,20:10:00,23 sept 2026,11:35:00,13:00:00,null,6262,0,0,1,0,6,-77.12,-70.8,Este," ",0,0,0,07:15:00,INT,7.25,00:00:00,00:00:00,23 sept 2026,J,REG
135,1,null,LIM,12 sept 2026,08:35:00,12 sept 2026,20:10:00,1,null,12 sept 2026,Sep-2026,2026Q3,LA,2697,LIM,SCL,LIMSCL,09:35:00,13:00:00,09:35:00,15:00:00,14:35:00,18:00:00,NO,789,BASE,NO,01:00:00,FP,03:25:00,02:50:00,NO,NO,03:00:00,1,1,1,null,1,08:35:00,08:35:00,12 sept 2026,12 sept 2026,08:35:00,20:10:00,12 sept 2026,20:10:00,12 sept 2026,20:10:00,12 sept 2026,11:35:00,13:00:00,null,6262,0,0,1,0,6,-77.12,-70.8,Este," ",0,0,0,07:15:00,INT,7.25,00:00:00,00:00:00,12 sept 2026,J,REG
236,1,null,LIM,22 sept 2026,08:35:00,22 sept 2026,20:10:00,1,null,22 sept 2026,Sep-2026,2026Q3,LA,2697,LIM,SCL,LIMSCL,09:35:00,13:00:00,09:35:00,15:00:00,14:35:00,18:00:00,NO,788,BASE,NO,01:00:00,FP,03:25:00,02:50:00,NO,NO,03:00:00,1,1,1,null,1,08:35:00,08:35:00,22 sept 2026,22 sept 2026,08:35:00,20:10:00,22 sept 2026,20:10:00,22 sept 2026,20:10:00,22 sept 2026,11:35:00,13:00:00,null,6262,0,0,1,0,6,-77.12,-70.8,Este," ",0,0,0,07:15:00,INT,7.25,00:00:00,00:00:00,22 sept 2026,J,REG
216,1,null,LIM,20 sept 2026,08:35:00,20 sept 2026,20:10:00,1,null,20 sept 2026,Sep-2026,2026Q3,LA,2697,LIM,SCL,LIMSCL,09:35:00,13:00:00,09:35:00,15:00:00,14:35:00,18:00:00,NO,789,BASE,NO,01:00:00,FP,03:25:00,02:50:00,SI,SI,03:00:00,1,1,1,1,1,08:35:00,08:35:00,20 sept 2026,20 sept 2026,08:35:00,20:10:00,20 sept 2026,20:10:00,20 sept 2026,20:10:00,20 sept 2026,11:35:00,13:00:00,null,6262,0,0,1,0,6,-77.12,-70.8,Este," ",0,0,0,07:15:00,INT,7.25,00:00:00,00:00:00,20 sept 2026,J,REG
52,1,null,LIM,4 sept 2026,08:35:00,4 sept 2026,20:10:00,1,null,4 sept 2026,Sep-2026,2026Q3,LA,2697,LIM,SCL,LIMSCL,09:35:00,13:05:00,09:35:00,14:05:00,14:35:00,18:05:00,NO,789,BASE,NO,01:00:00,FP,03:30:00,02:45:00,SI,NO,03:00:00,1,1,1,null,1,08:35:00,08:35:00,4 sept 2026,4 sept 2026,08:35:00,20:10:00,4 sept 2026,20:10:00,4 sept 2026,20:10:00,4 sept 2026,11:35:00,13:00:00,null,6250,0,0,1,0,6,-77.12,-70.8,Este," ",0,0,0,07:20:00,INT,7.333,00:00:00,00:00:00,4 sept 2026,J,REG
43,1,null,LIM,3 sept 2026,08:35:00,3 sept 2026,20:10:00,1,null,3 sept 2026,Sep-2026,2026Q3,LA,2697,LIM,SCL,LIMSCL,09:35:00,13:05:00,09:35:00,14:05:00,14:35:00,18:05:00,NO,788,BASE,NO,01:00:00,FP,03:30:00,02:45:00,SI,SI,03:00:00,1,1,1,1,1,08:35:00,08:35:00,3 sept 2026,3 sept 2026,08:35:00,20:10:00,3 sept 2026,20:10:00,3 sept 2026,20:10:00,3 sept 2026,11:35:00,13:00:00,null,6250,0,0,1,0,6,-77.12,-70.8,Este," ",0,0,0,07:20:00,INT,7.333,00:00:00,00:00:00,3 sept 2026,J,REG
64,1,null,LIM,5 sept 2026,08:35:00,5 sept 2026,20:10:00,1,null,5 sept 2026,Sep-2026,2026Q3,LA,2697,LIM,SCL,LIMSCL,09:35:00,13:05:00,09:35:00,14:05:00,14:35:00,18:05:00,NO,789,BASE,NO,01:00:00,FP,03:30:00,02:45:00,NO,NO,03:00:00,1,1,1,null,1,08:35:00,08:35:00,5 sept 2026,5 sept 2026,08:35:00,20:10:00,5 sept 2026,20:10:00,5 sept 2026,20:10:00,5 sept 2026,11:35:00,13:00:00,null,6250,0,0,1,0,6,-77.12,-70.8,Este," ",0,0,0,07:20:00,INT,7.333,00:00:00,00:00:00,5 sept 2026,J,REG
32,1,null,LIM,2 sept 2026,08:35:00,2 sept 2026,20:10:00,1,null,2 sept 2026,Sep-2026,2026Q3,LA,2697,LIM,SCL,LIMSCL,09:35:00,13:05:00,09:35:00,14:05:00,14:35:00,18:05:00,NO,789,BASE,NO,01:00:00,FP,03:30:00,02:45:00,SI,NO,03:00:00,1,1,1,null,1,08:35:00,08:35:00,2 sept 2026,2 sept 2026,08:35:00,20:10:00,2 sept 2026,20:10:00,2 sept 2026,20:10:00,2 sept 2026,11:35:00,13:00:00,null,6250,0,0,1,0,6,-77.12,-70.8,Este," ",0,0,0,07:20:00,INT,7.333,00:00:00,00:00:00,2 sept 2026,J,REG
23,1,null,LIM,1 sept 2026,08:35:00,1 sept 2026,20:10:00,1,null,1 sept 2026,Sep-2026,2026Q3,LA,2697,LIM,SCL,LIMSCL,09:35:00,13:05:00,09:35:00,14:05:00,14:35:00,18:05:00,NO,789,BASE,NO,01:00:00,FP,03:30:00,02:45:00,SI,SI,03:00:00,1,1,1,1,1,08:35:00,08:35:00,1 sept 2026,1 sept 2026,08:35:00,20:10:00,1 sept 2026,20:10:00,1 sept 2026,20:10:00,1 sept 2026,11:35:00,13:00:00,null,6250,0,0,1,0,6,-77.12,-70.8,Este," ",0,0,0,07:20:00,INT,7.333,00:00:00,00:00:00,1 sept 2026,J,REG
63,4,null,LIM,5 sept 2026,07:15:00,8 sept 2026,05:30:00,1,null,5 sept 2026,Sep-2026,2026Q3,LA,2698,LIM,MIA,LIMMIA,08:15:00,14:20:00,08:15:00,15:20:00,13:15:00,19:20:00,NO,763,BASE,NO,01:00:00,FP,06:05:00,null,SI,NO,03:00:00,1,1,1,null,null,07:15:00,07:15:00,5 sept 2026,5 sept 2026,07:15:00,15:50:00,5 sept 2026,14:50:00,5 sept 2026,14:50:00,5 sept 2026,07:35:00,13:00:00,55:25:00,5906,0,0,1,0,4,-77.12,-80.28,Oeste," ",0,0,0,06:05:00,INT,2.958,00:00:00,00:00:00,5 sept 2026,J,INT
255,3,null,LIM,24 sept 2026,07:15:00,26 sept 2026,05:30:00,1,null,24 sept 2026,Sep-2026,2026Q3,LA,2698,LIM,MIA,LIMMIA,08:15:00,14:20:00,08:15:00,15:20:00,13:15:00,19:20:00,NO,763,BASE,NO,01:00:00,FP,06:05:00,null,SI,NO,03:00:00,1,1,1,null,null,07:15:00,07:15:00,24 sept 2026,24 sept 2026,07:15:00,15:50:00,24 sept 2026,14:50:00,24 sept 2026,14:50:00,24 sept 2026,07:35:00,13:00:00,31:25:00,5906,0,0,1,0,4,-77.12,-80.28,Oeste," ",0,0,0,06:05:00,INT,3.944,00:00:00,00:00:00,24 sept 2026,J,INT
134,4,null,LIM,12 sept 2026,07:15:00,15 sept 2026,05:30:00,1,null,12 sept 2026,Sep-2026,2026Q3,LA,2698,LIM,MIA,LIMMIA,08:15:00,14:20:00,08:15:00,15:20:00,13:15:00,19:20:00,NO,763,BASE,NO,01:00:00,FP,06:05:00,null,SI,NO,03:00:00,1,1,1,null,null,07:15:00,07:15:00,12 sept 2026,12 sept 2026,07:15:00,15:50:00,12 sept 2026,14:50:00,12 sept 2026,14:50:00,12 sept 2026,07:35:00,13:00:00,55:25:00,5906,0,0,1,0,4,-77.12,-80.28,Oeste," ",0,0,0,06:05:00,INT,2.958,00:00:00,00:00:00,12 sept 2026,J,INT
276,4,null,LIM,26 sept 2026,07:15:00,29 sept 2026,05:30:00,1,null,26 sept 2026,Sep-2026,2026Q3,LA,2698,LIM,MIA,LIMMIA,08:15:00,14:20:00,08:15:00,15:20:00,13:15:00,19:20:00,NO,763,BASE,NO,01:00:00,FP,06:05:00,null,SI,NO,03:00:00,1,1,1,null,null,07:15:00,07:15:00,26 sept 2026,26 sept 2026,07:15:00,15:50:00,26 sept 2026,14:50:00,26 sept 2026,14:50:00,26 sept 2026,07:35:00,13:00:00,55:25:00,5906,0,0,1,0,4,-77.12,-80.28,Oeste," ",0,0,0,06:05:00,INT,2.958,00:00:00,00:00:00,26 sept 2026,J,INT
14,5,LA2698310826,LIM,31 ago 2026,07:15:00,4 sept 2026,05:30:00,1,null,31 ago 2026,Aug-2026,2026Q3,LA,2698,LIM,MIA,LIMMIA,08:15:00,14:20:00,08:15:00,15:20:00,13:15:00,19:20:00,NO,763,BASE,NO,01:00:00,FP,06:05:00,null,SI,NO,03:00:00,1,1,1,null,null,07:15:00,07:15:00,31 ago 2026,31 ago 2026,07:15:00,15:50:00,31 ago 2026,14:50:00,31 ago 2026,14:50:00,31 ago 2026,07:35:00,13:00:00,79:25:00,5906,0,0,1,0,4,-77.12,-80.28,Oeste," ",0,0,0,06:05:00,INT,2.366,00:00:00,00:00:00,31 ago 2026,J,INT
205,3,null,LIM,19 sept 2026,07:15:00,21 sept 2026,22:30:00,1,null,19 sept 2026,Sep-2026,2026Q3,LA,2698,LIM,MIA,LIMMIA,08:15:00,14:20:00,08:15:00,15:20:00,13:15:00,19:20:00,NO,763,BASE,NO,01:00:00,FP,06:05:00,null,SI,NO,03:00:00,1,1,1,null,null,07:15:00,07:15:00,19 sept 2026,19 sept 2026,07:15:00,15:50:00,19 sept 2026,14:50:00,19 sept 2026,14:50:00,19 sept 2026,07:35:00,13:00:00,48:20:00,5906,0,0,1,0,4,-77.12,-80.28,Oeste," ",0,0,0,06:05:00,INT,3.972,00:00:00,00:00:00,19 sept 2026,J,INT
297,3,null,LIM,28 sept 2026,07:15:00,30 sept 2026,05:30:00,1,null,28 sept 2026,Sep-2026,2026Q3,LA,2698,LIM,MIA,LIMMIA,08:15:00,14:20:00,08:15:00,15:20:00,13:15:00,19:20:00,NO,763,BASE,NO,01:00:00,FP,06:05:00,null,SI,NO,03:00:00,1,1,1,null,null,07:15:00,07:15:00,28 sept 2026,28 sept 2026,07:15:00,15:50:00,28 sept 2026,14:50:00,28 sept 2026,14:50:00,28 sept 2026,07:35:00,13:00:00,31:25:00,5906,0,0,1,0,4,-77.12,-80.28,Oeste," ",0,0,0,06:05:00,INT,3.944,00:00:00,00:00:00,28 sept 2026,J,INT
184,3,null,LIM,17 sept 2026,07:15:00,19 sept 2026,05:30:00,1,null,17 sept 2026,Sep-2026,2026Q3,LA,2698,LIM,MIA,LIMMIA,08:15:00,14:20:00,08:15:00,15:20:00,13:15:00,19:20:00,NO,763,BASE,NO,01:00:00,FP,06:05:00,null,SI,NO,03:00:00,1,1,1,null,null,07:15:00,07:15:00,17 sept 2026,17 sept 2026,07:15:00,15:50:00,17 sept 2026,14:50:00,17 sept 2026,14:50:00,17 sept 2026,07:35:00,13:00:00,31:25:00,5906,0,0,1,0,4,-77.12,-80.28,Oeste," ",0,0,0,06:05:00,INT,3.944,00:00:00,00:00:00,17 sept 2026,J,INT
42,3,null,LIM,3 sept 2026,07:15:00,5 sept 2026,22:30:00,1,null,3 sept 2026,Sep-2026,2026Q3,LA,2698,LIM,MIA,LIMMIA,08:15:00,14:20:00,08:15:00,15:20:00,13:15:00,19:20:00,NO,763,BASE,NO,01:00:00,FP,06:05:00,null,SI,NO,03:00:00,1,1,1,null,null,07:15:00,07:15:00,3 sept 2026,3 sept 2026,07:15:00,15:50:00,3 sept 2026,14:50:00,3 sept 2026,14:50:00,3 sept 2026,07:35:00,13:00:00,48:20:00,5906,0,0,1,0,4,-77.12,-80.28,Oeste," ",0,0,0,06:05:00,INT,3.972,00:00:00,00:00:00,3 sept 2026,J,INT
84,5,null,LIM,7 sept 2026,07:15:00,11 sept 2026,07:00:00,1,null,7 sept 2026,Sep-2026,2026Q3,LA,2698,LIM,MIA,LIMMIA,08:15:00,14:20:00,08:15:00,15:20:00,13:15:00,19:20:00,NO,763,BASE,NO,01:00:00,FP,06:05:00,null,SI,NO,03:00:00,1,1,1,null,null,07:15:00,07:15:00,7 sept 2026,7 sept 2026,07:15:00,15:50:00,7 sept 2026,14:50:00,7 sept 2026,14:50:00,7 sept 2026,07:35:00,13:00:00,80:55:00,5906,0,0,1,0,4,-77.12,-80.28,Oeste," ",0,0,0,06:05:00,INT,2.366,00:00:00,00:00:00,7 sept 2026,J,INT
155,5,null,LIM,14 sept 2026,07:15:00,18 sept 2026,07:00:00,1,null,14 sept 2026,Sep-2026,2026Q3,LA,2698,LIM,MIA,LIMMIA,08:15:00,14:20:00,08:15:00,15:20:00,13:15:00,19:20:00,NO,763,BASE,NO,01:00:00,FP,06:05:00,null,SI,NO,03:00:00,1,1,1,null,null,07:15:00,07:15:00,14 sept 2026,14 sept 2026,07:15:00,15:50:00,14 sept 2026,14:50:00,14 sept 2026,14:50:00,14 sept 2026,07:35:00,13:00:00,80:55:00,5906,0,0,1,0,4,-77.12,-80.28,Oeste," ",0,0,0,06:05:00,INT,2.366,00:00:00,00:00:00,14 sept 2026,J,INT
226,3,null,LIM,21 sept 2026,07:15:00,23 sept 2026,05:30:00,1,null,21 sept 2026,Sep-2026,2026Q3,LA,2698,LIM,MIA,LIMMIA,08:15:00,14:20:00,08:15:00,15:20:00,13:15:00,19:20:00,NO,763,BASE,NO,01:00:00,FP,06:05:00,null,SI,NO,03:00:00,1,1,1,null,null,07:15:00,07:15:00,21 sept 2026,21 sept 2026,07:15:00,15:50:00,21 sept 2026,14:50:00,21 sept 2026,14:50:00,21 sept 2026,07:35:00,13:00:00,31:25:00,5906,0,0,1,0,4,-77.12,-80.28,Oeste," ",0,0,0,06:05:00,INT,3.944,00:00:00,00:00:00,21 sept 2026,J,INT
113,4,null,LIM,10 sept 2026,07:15:00,13 sept 2026,05:30:00,1,null,10 sept 2026,Sep-2026,2026Q3,LA,2698,LIM,MIA,LIMMIA,08:15:00,14:20:00,08:15:00,15:20:00,13:15:00,19:20:00,NO,763,BASE,NO,01:00:00,FP,06:05:00,null,SI,NO,03:00:00,1,1,1,null,null,07:15:00,07:15:00,10 sept 2026,10 sept 2026,07:15:00,15:50:00,10 sept 2026,14:50:00,10 sept 2026,14:50:00,10 sept 2026,07:35:00,13:00:00,55:25:00,5906,0,0,1,0,4,-77.12,-80.28,Oeste," ",0,0,0,06:05:00,INT,2.958,00:00:00,00:00:00,10 sept 2026,J,INT
115,1,null,LIM,10 sept 2026,11:05:00,10 sept 2026,21:30:00,1,null,10 sept 2026,Sep-2026,2026Q3,LA,2413,LIM,SCL,LIMSCL,12:05:00,15:45:00,12:05:00,17:45:00,17:05:00,20:45:00,NO,763,BASE,NO,01:00:00,FP,03:40:00,01:25:00,NO,NO,03:00:00,1,1,1,null,1,11:05:00,11:05:00,10 sept 2026,10 sept 2026,11:05:00,21:30:00,10 sept 2026,21:30:00,10 sept 2026,21:30:00,10 sept 2026,10:25:00,13:00:00,null,5552,0,0,1,0,4,-77.12,-70.8,Este," ",0,0,0,07:30:00,INT,7.5,00:00:00,00:00:00,10 sept 2026,J,REG
279,1,null,LIM,26 sept 2026,11:05:00,26 sept 2026,21:30:00,1,null,26 sept 2026,Sep-2026,2026Q3,LA,2413,LIM,SCL,LIMSCL,12:05:00,15:45:00,12:05:00,17:45:00,17:05:00,20:45:00,NO,763,BASE,NO,01:00:00,FP,03:40:00,01:25:00,NO,NO,03:00:00,1,1,1,null,1,11:05:00,11:05:00,26 sept 2026,26 sept 2026,11:05:00,21:30:00,26 sept 2026,21:30:00,26 sept 2026,21:30:00,26 sept 2026,10:25:00,13:00:00,null,5552,0,0,1,0,4,-77.12,-70.8,Este," ",0,0,0,07:30:00,INT,7.5,00:00:00,00:00:00,26 sept 2026,J,REG
267,1,null,LIM,25 sept 2026,11:05:00,25 sept 2026,21:30:00,1,null,25 sept 2026,Sep-2026,2026Q3,LA,2413,LIM,SCL,LIMSCL,12:05:00,15:45:00,12:05:00,17:45:00,17:05:00,20:45:00,NO,763,BASE,NO,01:00:00,FP,03:40:00,01:25:00,NO,NO,03:00:00,1,1,1,null,1,11:05:00,11:05:00,25 sept 2026,25 sept 2026,11:05:00,21:30:00,25 sept 2026,21:30:00,25 sept 2026,21:30:00,25 sept 2026,10:25:00,13:00:00,null,5552,0,0,1,0,4,-77.12,-70.8,Este," ",0,0,0,07:30:00,INT,7.5,00:00:00,00:00:00,25 sept 2026,J,REG
257,1,null,LIM,24 sept 2026,11:05:00,24 sept 2026,21:30:00,1,null,24 sept 2026,Sep-2026,2026Q3,LA,2413,LIM,SCL,LIMSCL,12:05:00,15:45:00,12:05:00,17:45:00,17:05:00,20:45:00,NO,763,BASE,NO,01:00:00,FP,03:40:00,01:25:00,NO,NO,03:00:00,1,1,1,null,1,11:05:00,11:05:00,24 sept 2026,24 sept 2026,11:05:00,21:30:00,24 sept 2026,21:30:00,24 sept 2026,21:30:00,24 sept 2026,10:25:00,13:00:00,null,5552,0,0,1,0,4,-77.12,-70.8,Este," ",0,0,0,07:30:00,INT,7.5,00:00:00,00:00:00,24 sept 2026,J,REG
186,1,null,LIM,17 sept 2026,11:05:00,17 sept 2026,21:30:00,1,null,17 sept 2026,Sep-2026,2026Q3,LA,2413,LIM,SCL,LIMSCL,12:05:00,15:45:00,12:05:00,17:45:00,17:05:00,20:45:00,NO,763,BASE,NO,01:00:00,FP,03:40:00,01:25:00,NO,NO,03:00:00,1,1,1,null,1,11:05:00,11:05:00,17 sept 2026,17 sept 2026,11:05:00,21:30:00,17 sept 2026,21:30:00,17 sept 2026,21:30:00,17 sept 2026,10:25:00,13:00:00,null,5552,0,0,1,0,4,-77.12,-70.8,Este," ",0,0,0,07:30:00,INT,7.5,00:00:00,00:00:00,17 sept 2026,J,REG
196,1,null,LIM,18 sept 2026,11:05:00,18 sept 2026,21:30:00,1,null,18 sept 2026,Sep-2026,2026Q3,LA,2413,LIM,SCL,LIMSCL,12:05:00,15:45:00,12:05:00,17:45:00,17:05:00,20:45:00,NO,763,BASE,NO,01:00:00,FP,03:40:00,01:25:00,NO,NO,03:00:00,1,1,1,null,1,11:05:00,11:05:00,18 sept 2026,18 sept 2026,11:05:00,21:30:00,18 sept 2026,21:30:00,18 sept 2026,21:30:00,18 sept 2026,10:25:00,13:00:00,null,5552,0,0,1,0,4,-77.12,-70.8,Este," ",0,0,0,07:30:00,INT,7.5,00:00:00,00:00:00,18 sept 2026,J,REG
208,1,null,LIM,19 sept 2026,11:05:00,19 sept 2026,21:30:00,1,null,19 sept 2026,Sep-2026,2026Q3,LA,2413,LIM,SCL,LIMSCL,12:05:00,15:45:00,12:05:00,17:45:00,17:05:00,20:45:00,NO,763,BASE,NO,01:00:00,FP,03:40:00,01:25:00,NO,NO,03:00:00,1,1,1,null,1,11:05:00,11:05:00,19 sept 2026,19 sept 2026,11:05:00,21:30:00,19 sept 2026,21:30:00,19 sept 2026,21:30:00,19 sept 2026,10:25:00,13:00:00,null,5552,0,0,1,0,4,-77.12,-70.8,Este," ",0,0,0,07:30:00,INT,7.5,00:00:00,00:00:00,19 sept 2026,J,REG
54,1,null,LIM,4 sept 2026,11:05:00,4 sept 2026,21:30:00,1,null,4 sept 2026,Sep-2026,2026Q3,LA,2413,LIM,SCL,LIMSCL,12:05:00,15:45:00,12:05:00,16:45:00,17:05:00,20:45:00,NO,763,BASE,NO,01:00:00,FP,03:40:00,01:25:00,NO,NO,03:00:00,1,1,1,null,1,11:05:00,11:05:00,4 sept 2026,4 sept 2026,11:05:00,21:30:00,4 sept 2026,21:30:00,4 sept 2026,21:30:00,4 sept 2026,10:25:00,13:00:00,null,5552,0,0,1,0,4,-77.12,-70.8,Este," ",0,0,0,07:30:00,INT,7.5,00:00:00,00:00:00,4 sept 2026,J,REG
137,1,null,LIM,12 sept 2026,11:05:00,12 sept 2026,21:30:00,1,null,12 sept 2026,Sep-2026,2026Q3,LA,2413,LIM,SCL,LIMSCL,12:05:00,15:45:00,12:05:00,17:45:00,17:05:00,20:45:00,NO,763,BASE,NO,01:00:00,FP,03:40:00,01:25:00,NO,NO,03:00:00,1,1,1,null,1,11:05:00,11:05:00,12 sept 2026,12 sept 2026,11:05:00,21:30:00,12 sept 2026,21:30:00,12 sept 2026,21:30:00,12 sept 2026,10:25:00,13:00:00,null,5552,0,0,1,0,4,-77.12,-70.8,Este," ",0,0,0,07:30:00,INT,7.5,00:00:00,00:00:00,12 sept 2026,J,REG
44,1,null,LIM,3 sept 2026,11:05:00,3 sept 2026,21:30:00,1,null,3 sept 2026,Sep-2026,2026Q3,LA,2413,LIM,SCL,LIMSCL,12:05:00,15:45:00,12:05:00,16:45:00,17:05:00,20:45:00,NO,763,BASE,NO,01:00:00,FP,03:40:00,01:25:00,NO,NO,03:00:00,1,1,1,null,1,11:05:00,11:05:00,3 sept 2026,3 sept 2026,11:05:00,21:30:00,3 sept 2026,21:30:00,3 sept 2026,21:30:00,3 sept 2026,10:25:00,13:00:00,null,5552,0,0,1,0,4,-77.12,-70.8,Este," ",0,0,0,07:30:00,INT,7.5,00:00:00,00:00:00,3 sept 2026,J,REG
66,1,null,LIM,5 sept 2026,11:05:00,5 sept 2026,21:30:00,1,null,5 sept 2026,Sep-2026,2026Q3,LA,2413,LIM,SCL,LIMSCL,12:05:00,15:45:00,12:05:00,16:45:00,17:05:00,20:45:00,NO,763,BASE,NO,01:00:00,FP,03:40:00,01:25:00,NO,NO,03:00:00,1,1,1,null,1,11:05:00,11:05:00,5 sept 2026,5 sept 2026,11:05:00,21:30:00,5 sept 2026,21:30:00,5 sept 2026,21:30:00,5 sept 2026,10:25:00,13:00:00,null,5552,0,0,1,0,4,-77.12,-70.8,Este," ",0,0,0,07:30:00,INT,7.5,00:00:00,00:00:00,5 sept 2026,J,REG
125,1,null,LIM,11 sept 2026,11:05:00,11 sept 2026,21:30:00,1,null,11 sept 2026,Sep-2026,2026Q3,LA,2413,LIM,SCL,LIMSCL,12:05:00,15:45:00,12:05:00,17:45:00,17:05:00,20:45:00,NO,763,BASE,NO,01:00:00,FP,03:40:00,01:25:00,NO,NO,03:00:00,1,1,1,null,1,11:05:00,11:05:00,11 sept 2026,11 sept 2026,11:05:00,21:30:00,11 sept 2026,21:30:00,11 sept 2026,21:30:00,11 sept 2026,10:25:00,13:00:00,null,5552,0,0,1,0,4,-77.12,-70.8,Este," ",0,0,0,07:30:00,INT,7.5,00:00:00,00:00:00,11 sept 2026,J,REG
50,4,null,LIM,3 sept 2026,23:15:00,6 sept 2026,22:10:00,1,null,4 sept 2026,Sep-2026,2026Q3,LA,2480,LIM,MIA,LIMMIA,00:15:00,06:20:00,00:15:00,07:20:00,05:15:00,11:20:00,NO,763,BASE,NO,01:00:00,FP,06:05:00,null,SI,NO,03:00:00,1,2,1,null,1,23:15:00,23:15:00,3 sept 2026,3 sept 2026,23:15:00,07:50:00,4 sept 2026,06:50:00,4 sept 2026,06:50:00,4 sept 2026,07:35:00,13:00:00,56:05:00,5186,0,0,0,0,1,-77.12,-80.28,Oeste," ",0,0,0,06:05:00,INT,2.958,00:00:00,00:00:00,4 sept 2026,J,INT
182,4,null,LIM,16 sept 2026,23:15:00,19 sept 2026,22:10:00,1,null,17 sept 2026,Sep-2026,2026Q3,LA,2480,LIM,MIA,LIMMIA,00:15:00,06:20:00,00:15:00,07:20:00,05:15:00,11:20:00,NO,763,BASE,NO,01:00:00,FP,06:05:00,null,SI,NO,03:00:00,1,2,1,null,1,23:15:00,23:15:00,16 sept 2026,16 sept 2026,23:15:00,07:50:00,17 sept 2026,06:50:00,17 sept 2026,06:50:00,17 sept 2026,07:35:00,13:00:00,56:05:00,5186,0,0,0,0,1,-77.12,-80.28,Oeste," ",0,0,0,06:05:00,INT,2.958,00:00:00,00:00:00,17 sept 2026,J,INT
305,4,null,LIM,28 sept 2026,23:15:00,1 oct 2026,22:30:00,1,null,29 sept 2026,Sep-2026,2026Q3,LA,2480,LIM,MIA,LIMMIA,00:15:00,06:20:00,00:15:00,07:20:00,05:15:00,11:20:00,NO,763,BASE,NO,01:00:00,FP,06:05:00,null,SI,NO,03:00:00,1,2,1,null,1,23:15:00,23:15:00,28 sept 2026,28 sept 2026,23:15:00,07:50:00,29 sept 2026,06:50:00,29 sept 2026,06:50:00,29 sept 2026,07:35:00,13:00:00,56:20:00,5186,0,0,0,0,1,-77.12,-80.28,Oeste," ",0,0,0,06:05:00,INT,2.979,00:00:00,00:00:00,29 sept 2026,J,INT
30,4,null,LIM,1 sept 2026,23:15:00,4 sept 2026,22:10:00,1,null,2 sept 2026,Sep-2026,2026Q3,LA,2480,LIM,MIA,LIMMIA,00:15:00,06:20:00,00:15:00,07:20:00,05:15:00,11:20:00,NO,763,BASE,NO,01:00:00,FP,06:05:00,null,SI,NO,03:00:00,1,2,1,null,1,23:15:00,23:15:00,1 sept 2026,1 sept 2026,23:15:00,07:50:00,2 sept 2026,06:50:00,2 sept 2026,06:50:00,2 sept 2026,07:35:00,13:00:00,56:05:00,5186,0,0,0,0,1,-77.12,-80.28,Oeste," ",0,0,0,06:05:00,INT,2.958,00:00:00,00:00:00,2 sept 2026,J,INT
91,3,null,LIM,7 sept 2026,23:15:00,9 sept 2026,22:10:00,1,null,8 sept 2026,Sep-2026,2026Q3,LA,2480,LIM,MIA,LIMMIA,00:15:00,06:20:00,00:15:00,07:20:00,05:15:00,11:20:00,NO,763,BASE,NO,01:00:00,FP,06:05:00,null,SI,NO,03:00:00,1,2,1,null,1,23:15:00,23:15:00,7 sept 2026,7 sept 2026,23:15:00,07:50:00,8 sept 2026,06:50:00,8 sept 2026,06:50:00,8 sept 2026,07:35:00,13:00:00,32:05:00,5186,0,0,1,0,3,-77.12,-80.28,Oeste," ",0,0,0,06:05:00,INT,3.944,00:00:00,00:00:00,8 sept 2026,J,INT
39,3,null,LIM,2 sept 2026,23:15:00,4 sept 2026,22:10:00,1,null,3 sept 2026,Sep-2026,2026Q3,LA,2480,LIM,MIA,LIMMIA,00:15:00,06:20:00,00:15:00,07:20:00,05:15:00,11:20:00,NO,763,BASE,NO,01:00:00,FP,06:05:00,null,SI,NO,03:00:00,1,2,1,null,1,23:15:00,23:15:00,2 sept 2026,2 sept 2026,23:15:00,07:50:00,3 sept 2026,06:50:00,3 sept 2026,06:50:00,3 sept 2026,07:35:00,13:00:00,32:05:00,5186,0,0,1,0,3,-77.12,-80.28,Oeste," ",0,0,0,06:05:00,INT,3.944,00:00:00,00:00:00,3 sept 2026,J,INT
213,3,null,LIM,19 sept 2026,23:15:00,21 sept 2026,22:10:00,1,null,20 sept 2026,Sep-2026,2026Q3,LA,2480,LIM,MIA,LIMMIA,00:15:00,06:20:00,00:15:00,07:20:00,05:15:00,11:20:00,NO,763,BASE,NO,01:00:00,FP,06:05:00,null,SI,NO,03:00:00,1,2,1,null,1,23:15:00,23:15:00,19 sept 2026,19 sept 2026,23:15:00,07:50:00,20 sept 2026,06:50:00,20 sept 2026,06:50:00,20 sept 2026,07:35:00,13:00:00,32:05:00,5186,0,0,1,0,3,-77.12,-80.28,Oeste," ",0,0,0,06:05:00,INT,3.944,00:00:00,00:00:00,20 sept 2026,J,INT
313,3,null,LIM,29 sept 2026,23:15:00,1 oct 2026,22:30:00,1,null,30 sept 2026,Sep-2026,2026Q3,LA,2480,LIM,MIA,LIMMIA,00:15:00,06:20:00,00:15:00,07:20:00,05:15:00,11:20:00,NO,763,BASE,NO,01:00:00,FP,06:05:00,null,SI,NO,03:00:00,1,2,1,null,1,23:15:00,23:15:00,29 sept 2026,29 sept 2026,23:15:00,07:50:00,30 sept 2026,06:50:00,30 sept 2026,06:50:00,30 sept 2026,07:35:00,13:00:00,32:20:00,5186,0,0,1,0,3,-77.12,-80.28,Oeste," ",0,0,0,06:05:00,INT,3.972,00:00:00,00:00:00,30 sept 2026,J,INT
253,4,null,LIM,23 sept 2026,23:15:00,26 sept 2026,22:10:00,1,null,24 sept 2026,Sep-2026,2026Q3,LA,2480,LIM,MIA,LIMMIA,00:15:00,06:20:00,00:15:00,07:20:00,05:15:00,11:20:00,NO,763,BASE,NO,01:00:00,FP,06:05:00,null,SI,NO,03:00:00,1,2,1,null,1,23:15:00,23:15:00,23 sept 2026,23 sept 2026,23:15:00,07:50:00,24 sept 2026,06:50:00,24 sept 2026,06:50:00,24 sept 2026,07:35:00,13:00:00,56:05:00,5186,0,0,0,0,1,-77.12,-80.28,Oeste," ",0,0,0,06:05:00,INT,2.958,00:00:00,00:00:00,24 sept 2026,J,INT
101,4,null,LIM,8 sept 2026,23:15:00,11 sept 2026,22:10:00,1,null,9 sept 2026,Sep-2026,2026Q3,LA,2480,LIM,MIA,LIMMIA,00:15:00,06:20:00,00:15:00,07:20:00,05:15:00,11:20:00,NO,763,BASE,NO,01:00:00,FP,06:05:00,null,SI,NO,03:00:00,1,2,1,null,1,23:15:00,23:15:00,8 sept 2026,8 sept 2026,23:15:00,07:50:00,9 sept 2026,06:50:00,9 sept 2026,06:50:00,9 sept 2026,07:35:00,13:00:00,56:05:00,5186,0,0,0,0,1,-77.12,-80.28,Oeste," ",0,0,0,06:05:00,INT,2.958,00:00:00,00:00:00,9 sept 2026,J,INT
314,4,null,LIM,29 sept 2026,23:15:00,2 oct 2026,22:10:00,1,null,30 sept 2026,Sep-2026,2026Q3,LA,2480,LIM,MIA,LIMMIA,00:15:00,06:20:00,00:15:00,07:20:00,05:15:00,11:20:00,NO,763,BASE,NO,01:00:00,FP,06:05:00,null,SI,NO,03:00:00,1,2,1,null,1,23:15:00,23:15:00,29 sept 2026,29 sept 2026,23:15:00,07:50:00,30 sept 2026,06:50:00,30 sept 2026,06:50:00,30 sept 2026,07:35:00,13:00:00,56:05:00,5186,0,0,0,0,1,-77.12,-80.28,Oeste," ",0,0,0,06:05:00,INT,2.958,00:00:00,00:00:00,30 sept 2026,J,INT
132,4,null,LIM,11 sept 2026,23:15:00,14 sept 2026,22:10:00,1,null,12 sept 2026,Sep-2026,2026Q3,LA,2480,LIM,MIA,LIMMIA,00:15:00,06:20:00,00:15:00,07:20:00,05:15:00,11:20:00,NO,763,BASE,NO,01:00:00,FP,06:05:00,null,SI,NO,03:00:00,1,2,1,null,1,23:15:00,23:15:00,11 sept 2026,11 sept 2026,23:15:00,07:50:00,12 sept 2026,06:50:00,12 sept 2026,06:50:00,12 sept 2026,07:35:00,13:00:00,56:05:00,5186,0,0,0,0,1,-77.12,-80.28,Oeste," ",0,0,0,06:05:00,INT,2.958,00:00:00,00:00:00,12 sept 2026,J,INT
143,4,null,LIM,12 sept 2026,23:15:00,15 sept 2026,22:10:00,1,null,13 sept 2026,Sep-2026,2026Q3,LA,2480,LIM,MIA,LIMMIA,00:15:00,06:20:00,00:15:00,07:20:00,05:15:00,11:20:00,NO,763,BASE,NO,01:00:00,FP,06:05:00,null,SI,NO,03:00:00,1,2,1,null,1,23:15:00,23:15:00,12 sept 2026,12 sept 2026,23:15:00,07:50:00,13 sept 2026,06:50:00,13 sept 2026,06:50:00,13 sept 2026,07:35:00,13:00:00,56:05:00,5186,0,0,0,0,1,-77.12,-80.28,Oeste," ",0,0,0,06:05:00,INT,2.958,00:00:00,00:00:00,13 sept 2026,J,INT
214,4,null,LIM,19 sept 2026,23:15:00,22 sept 2026,22:10:00,1,null,20 sept 2026,Sep-2026,2026Q3,LA,2480,LIM,MIA,LIMMIA,00:15:00,06:20:00,00:15:00,07:20:00,05:15:00,11:20:00,NO,763,BASE,NO,01:00:00,FP,06:05:00,null,SI,NO,03:00:00,1,2,1,null,1,23:15:00,23:15:00,19 sept 2026,19 sept 2026,23:15:00,07:50:00,20 sept 2026,06:50:00,20 sept 2026,06:50:00,20 sept 2026,07:35:00,13:00:00,56:05:00,5186,0,0,0,0,1,-77.12,-80.28,Oeste," ",0,0,0,06:05:00,INT,2.958,00:00:00,00:00:00,20 sept 2026,J,INT
152,3,null,LIM,13 sept 2026,23:15:00,15 sept 2026,22:10:00,1,null,14 sept 2026,Sep-2026,2026Q3,LA,2480,LIM,MIA,LIMMIA,00:15:00,06:20:00,00:15:00,07:20:00,05:15:00,11:20:00,NO,763,BASE,NO,01:00:00,FP,06:05:00,null,SI,NO,03:00:00,1,2,1,null,1,23:15:00,23:15:00,13 sept 2026,13 sept 2026,23:15:00,07:50:00,14 sept 2026,06:50:00,14 sept 2026,06:50:00,14 sept 2026,07:35:00,13:00:00,32:05:00,5186,0,0,1,0,3,-77.12,-80.28,Oeste," ",0,0,0,06:05:00,INT,3.944,00:00:00,00:00:00,14 sept 2026,J,INT
274,4,null,LIM,25 sept 2026,23:15:00,28 sept 2026,22:10:00,1,null,26 sept 2026,Sep-2026,2026Q3,LA,2480,LIM,MIA,LIMMIA,00:15:00,06:20:00,00:15:00,07:20:00,05:15:00,11:20:00,NO,763,BASE,NO,01:00:00,FP,06:05:00,null,SI,NO,03:00:00,1,2,1,null,1,23:15:00,23:15:00,25 sept 2026,25 sept 2026,23:15:00,07:50:00,26 sept 2026,06:50:00,26 sept 2026,06:50:00,26 sept 2026,07:35:00,13:00:00,56:05:00,5186,0,0,0,0,1,-77.12,-80.28,Oeste," ",0,0,0,06:05:00,INT,2.958,00:00:00,00:00:00,26 sept 2026,J,INT
223,3,null,LIM,20 sept 2026,23:15:00,22 sept 2026,22:10:00,1,null,21 sept 2026,Sep-2026,2026Q3,LA,2480,LIM,MIA,LIMMIA,00:15:00,06:20:00,00:15:00,07:20:00,05:15:00,11:20:00,NO,763,BASE,NO,01:00:00,FP,06:05:00,null,SI,NO,03:00:00,1,2,1,null,1,23:15:00,23:15:00,20 sept 2026,20 sept 2026,23:15:00,07:50:00,21 sept 2026,06:50:00,21 sept 2026,06:50:00,21 sept 2026,07:35:00,13:00:00,32:05:00,5186,0,0,1,0,3,-77.12,-80.28,Oeste," ",0,0,0,06:05:00,INT,3.944,00:00:00,00:00:00,21 sept 2026,J,INT
120,3,null,LIM,10 sept 2026,23:15:00,12 sept 2026,22:10:00,1,null,11 sept 2026,Sep-2026,2026Q3,LA,2480,LIM,MIA,LIMMIA,00:15:00,06:20:00,00:15:00,07:20:00,05:15:00,11:20:00,NO,763,BASE,NO,01:00:00,FP,06:05:00,null,SI,NO,03:00:00,1,2,1,null,1,23:15:00,23:15:00,10 sept 2026,10 sept 2026,23:15:00,07:50:00,11 sept 2026,06:50:00,11 sept 2026,06:50:00,11 sept 2026,07:35:00,13:00:00,32:05:00,5186,0,0,1,0,3,-77.12,-80.28,Oeste," ",0,0,0,06:05:00,INT,3.944,00:00:00,00:00:00,11 sept 2026,J,INT
263,4,null,LIM,24 sept 2026,23:15:00,27 sept 2026,22:10:00,1,null,25 sept 2026,Sep-2026,2026Q3,LA,2480,LIM,MIA,LIMMIA,00:15:00,06:20:00,00:15:00,07:20:00,05:15:00,11:20:00,NO,763,BASE,NO,01:00:00,FP,06:05:00,null,SI,NO,03:00:00,1,2,1,null,1,23:15:00,23:15:00,24 sept 2026,24 sept 2026,23:15:00,07:50:00,25 sept 2026,06:50:00,25 sept 2026,06:50:00,25 sept 2026,07:35:00,13:00:00,56:05:00,5186,0,0,0,0,1,-77.12,-80.28,Oeste," ",0,0,0,06:05:00,INT,2.958,00:00:00,00:00:00,25 sept 2026,J,INT
285,4,null,LIM,26 sept 2026,23:15:00,29 sept 2026,22:10:00,1,null,27 sept 2026,Sep-2026,2026Q3,LA,2480,LIM,MIA,LIMMIA,00:15:00,06:20:00,00:15:00,07:20:00,05:15:00,11:20:00,NO,763,BASE,NO,01:00:00,FP,06:05:00,null,SI,NO,03:00:00,1,2,1,null,1,23:15:00,23:15:00,26 sept 2026,26 sept 2026,23:15:00,07:50:00,27 sept 2026,06:50:00,27 sept 2026,06:50:00,27 sept 2026,07:35:00,13:00:00,56:05:00,5186,0,0,0,0,1,-77.12,-80.28,Oeste," ",0,0,0,06:05:00,INT,2.958,00:00:00,00:00:00,27 sept 2026,J,INT
153,4,null,LIM,13 sept 2026,23:15:00,16 sept 2026,22:10:00,1,null,14 sept 2026,Sep-2026,2026Q3,LA,2480,LIM,MIA,LIMMIA,00:15:00,06:20:00,00:15:00,07:20:00,05:15:00,11:20:00,NO,763,BASE,NO,01:00:00,FP,06:05:00,null,SI,NO,03:00:00,1,2,1,null,1,23:15:00,23:15:00,13 sept 2026,13 sept 2026,23:15:00,07:50:00,14 sept 2026,06:50:00,14 sept 2026,06:50:00,14 sept 2026,07:35:00,13:00:00,56:05:00,5186,0,0,0,0,1,-77.12,-80.28,Oeste," ",0,0,0,06:05:00,INT,2.958,00:00:00,00:00:00,14 sept 2026,J,INT
71,3,null,LIM,5 sept 2026,23:15:00,7 sept 2026,22:10:00,1,null,6 sept 2026,Sep-2026,2026Q3,LA,2480,LIM,MIA,LIMMIA,00:15:00,06:20:00,00:15:00,07:20:00,05:15:00,11:20:00,NO,763,BASE,NO,01:00:00,FP,06:05:00,null,SI,NO,03:00:00,1,2,1,null,1,23:15:00,23:15:00,5 sept 2026,5 sept 2026,23:15:00,07:50:00,6 sept 2026,06:50:00,6 sept 2026,06:50:00,6 sept 2026,07:35:00,13:00:00,32:05:00,5186,0,0,1,0,3,-77.12,-80.28,Oeste," ",0,0,0,06:05:00,INT,3.944,00:00:00,00:00:00,6 sept 2026,J,INT
72,4,null,LIM,5 sept 2026,23:15:00,8 sept 2026,22:10:00,1,null,6 sept 2026,Sep-2026,2026Q3,LA,2480,LIM,MIA,LIMMIA,00:15:00,06:20:00,00:15:00,07:20:00,05:15:00,11:20:00,NO,763,BASE,NO,01:00:00,FP,06:05:00,null,SI,NO,03:00:00,1,2,1,null,1,23:15:00,23:15:00,5 sept 2026,5 sept 2026,23:15:00,07:50:00,6 sept 2026,06:50:00,6 sept 2026,06:50:00,6 sept 2026,07:35:00,13:00:00,56:05:00,5186,0,0,0,0,1,-77.12,-80.28,Oeste," ",0,0,0,06:05:00,INT,2.958,00:00:00,00:00:00,6 sept 2026,J,INT
111,4,null,LIM,9 sept 2026,23:15:00,12 sept 2026,22:10:00,1,null,10 sept 2026,Sep-2026,2026Q3,LA,2480,LIM,MIA,LIMMIA,00:15:00,06:20:00,00:15:00,07:20:00,05:15:00,11:20:00,NO,763,BASE,NO,01:00:00,FP,06:05:00,null,SI,NO,03:00:00,1,2,1,null,1,23:15:00,23:15:00,9 sept 2026,9 sept 2026,23:15:00,07:50:00,10 sept 2026,06:50:00,10 sept 2026,06:50:00,10 sept 2026,07:35:00,13:00:00,56:05:00,5186,0,0,0,0,1,-77.12,-80.28,Oeste," ",0,0,0,06:05:00,INT,2.958,00:00:00,00:00:00,10 sept 2026,J,INT
82,4,null,LIM,6 sept 2026,23:15:00,9 sept 2026,22:10:00,1,null,7 sept 2026,Sep-2026,2026Q3,LA,2480,LIM,MIA,LIMMIA,00:15:00,06:20:00,00:15:00,07:20:00,05:15:00,11:20:00,NO,763,BASE,NO,01:00:00,FP,06:05:00,null,SI,NO,03:00:00,1,2,1,null,1,23:15:00,23:15:00,6 sept 2026,6 sept 2026,23:15:00,07:50:00,7 sept 2026,06:50:00,7 sept 2026,06:50:00,7 sept 2026,07:35:00,13:00:00,56:05:00,5186,0,0,0,0,1,-77.12,-80.28,Oeste," ",0,0,0,06:05:00,INT,2.958,00:00:00,00:00:00,7 sept 2026,J,INT
233,3,null,LIM,21 sept 2026,23:15:00,23 sept 2026,22:10:00,1,null,22 sept 2026,Sep-2026,2026Q3,LA,2480,LIM,MIA,LIMMIA,00:15:00,06:20:00,00:15:00,07:20:00,05:15:00,11:20:00,NO,763,BASE,NO,01:00:00,FP,06:05:00,null,SI,NO,03:00:00,1,2,1,null,1,23:15:00,23:15:00,21 sept 2026,21 sept 2026,23:15:00,07:50:00,22 sept 2026,06:50:00,22 sept 2026,06:50:00,22 sept 2026,07:35:00,13:00:00,32:05:00,5186,0,0,1,0,3,-77.12,-80.28,Oeste," ",0,0,0,06:05:00,INT,3.944,00:00:00,00:00:00,22 sept 2026,J,INT
121,4,null,LIM,10 sept 2026,23:15:00,13 sept 2026,22:10:00,1,null,11 sept 2026,Sep-2026,2026Q3,LA,2480,LIM,MIA,LIMMIA,00:15:00,06:20:00,00:15:00,07:20:00,05:15:00,11:20:00,NO,763,BASE,NO,01:00:00,FP,06:05:00,null,SI,NO,03:00:00,1,2,1,null,1,23:15:00,23:15:00,10 sept 2026,10 sept 2026,23:15:00,07:50:00,11 sept 2026,06:50:00,11 sept 2026,06:50:00,11 sept 2026,07:35:00,13:00:00,56:05:00,5186,0,0,0,0,1,-77.12,-80.28,Oeste," ",0,0,0,06:05:00,INT,2.958,00:00:00,00:00:00,11 sept 2026,J,INT
100,3,null,LIM,8 sept 2026,23:15:00,10 sept 2026,22:30:00,1,null,9 sept 2026,Sep-2026,2026Q3,LA,2480,LIM,MIA,LIMMIA,00:15:00,06:20:00,00:15:00,07:20:00,05:15:00,11:20:00,NO,763,BASE,NO,01:00:00,FP,06:05:00,null,SI,NO,03:00:00,1,2,1,null,1,23:15:00,23:15:00,8 sept 2026,8 sept 2026,23:15:00,07:50:00,9 sept 2026,06:50:00,9 sept 2026,06:50:00,9 sept 2026,07:35:00,13:00:00,32:20:00,5186,0,0,1,0,3,-77.12,-80.28,Oeste," ",0,0,0,06:05:00,INT,3.972,00:00:00,00:00:00,9 sept 2026,J,INT
242,3,null,LIM,22 sept 2026,23:15:00,24 sept 2026,22:30:00,1,null,23 sept 2026,Sep-2026,2026Q3,LA,2480,LIM,MIA,LIMMIA,00:15:00,06:20:00,00:15:00,07:20:00,05:15:00,11:20:00,NO,763,BASE,NO,01:00:00,FP,06:05:00,null,SI,NO,03:00:00,1,2,1,null,1,23:15:00,23:15:00,22 sept 2026,22 sept 2026,23:15:00,07:50:00,23 sept 2026,06:50:00,23 sept 2026,06:50:00,23 sept 2026,07:35:00,13:00:00,32:20:00,5186,0,0,1,0,3,-77.12,-80.28,Oeste," ",0,0,0,06:05:00,INT,3.972,00:00:00,00:00:00,23 sept 2026,J,INT
142,3,null,LIM,12 sept 2026,23:15:00,14 sept 2026,22:10:00,1,null,13 sept 2026,Sep-2026,2026Q3,LA,2480,LIM,MIA,LIMMIA,00:15:00,06:20:00,00:15:00,07:20:00,05:15:00,11:20:00,NO,763,BASE,NO,01:00:00,FP,06:05:00,null,SI,NO,03:00:00,1,2,1,null,1,23:15:00,23:15:00,12 sept 2026,12 sept 2026,23:15:00,07:50:00,13 sept 2026,06:50:00,13 sept 2026,06:50:00,13 sept 2026,07:35:00,13:00:00,32:05:00,5186,0,0,1,0,3,-77.12,-80.28,Oeste," ",0,0,0,06:05:00,INT,3.944,00:00:00,00:00:00,13 sept 2026,J,INT
61,4,null,LIM,4 sept 2026,23:15:00,7 sept 2026,22:10:00,1,null,5 sept 2026,Sep-2026,2026Q3,LA,2480,LIM,MIA,LIMMIA,00:15:00,06:20:00,00:15:00,07:20:00,05:15:00,11:20:00,NO,763,BASE,NO,01:00:00,FP,06:05:00,null,SI,NO,03:00:00,1,2,1,null,1,23:15:00,23:15:00,4 sept 2026,4 sept 2026,23:15:00,07:50:00,5 sept 2026,06:50:00,5 sept 2026,06:50:00,5 sept 2026,07:35:00,13:00:00,56:05:00,5186,0,0,0,0,1,-77.12,-80.28,Oeste," ",0,0,0,06:05:00,INT,2.958,00:00:00,00:00:00,5 sept 2026,J,INT
162,3,null,LIM,14 sept 2026,23:15:00,16 sept 2026,22:10:00,1,null,15 sept 2026,Sep-2026,2026Q3,LA,2480,LIM,MIA,LIMMIA,00:15:00,06:20:00,00:15:00,07:20:00,05:15:00,11:20:00,NO,763,BASE,NO,01:00:00,FP,06:05:00,null,SI,NO,03:00:00,1,2,1,null,1,23:15:00,23:15:00,14 sept 2026,14 sept 2026,23:15:00,07:50:00,15 sept 2026,06:50:00,15 sept 2026,06:50:00,15 sept 2026,07:35:00,13:00:00,32:05:00,5186,0,0,1,0,3,-77.12,-80.28,Oeste," ",0,0,0,06:05:00,INT,3.944,00:00:00,00:00:00,15 sept 2026,J,INT
224,4,null,LIM,20 sept 2026,23:15:00,23 sept 2026,22:10:00,1,null,21 sept 2026,Sep-2026,2026Q3,LA,2480,LIM,MIA,LIMMIA,00:15:00,06:20:00,00:15:00,07:20:00,05:15:00,11:20:00,NO,763,BASE,NO,01:00:00,FP,06:05:00,null,SI,NO,03:00:00,1,2,1,null,1,23:15:00,23:15:00,20 sept 2026,20 sept 2026,23:15:00,07:50:00,21 sept 2026,06:50:00,21 sept 2026,06:50:00,21 sept 2026,07:35:00,13:00:00,56:05:00,5186,0,0,0,0,1,-77.12,-80.28,Oeste," ",0,0,0,06:05:00,INT,2.958,00:00:00,00:00:00,21 sept 2026,J,INT
20,3,LA2480310826,LIM,31 ago 2026,23:15:00,2 sept 2026,22:10:00,1,null,1 sept 2026,Sep-2026,2026Q3,LA,2480,LIM,MIA,LIMMIA,00:15:00,06:20:00,00:15:00,07:20:00,05:15:00,11:20:00,NO,763,BASE,NO,01:00:00,FP,06:05:00,null,SI,NO,03:00:00,1,2,1,null,1,23:15:00,23:15:00,31 ago 2026,31 ago 2026,23:15:00,07:50:00,1 sept 2026,06:50:00,1 sept 2026,06:50:00,1 sept 2026,07:35:00,13:00:00,32:05:00,5186,0,0,1,0,3,-77.12,-80.28,Oeste," ",0,0,0,06:05:00,INT,3.944,00:00:00,00:00:00,1 sept 2026,J,INT
192,4,null,LIM,17 sept 2026,23:15:00,20 sept 2026,22:10:00,1,null,18 sept 2026,Sep-2026,2026Q3,LA,2480,LIM,MIA,LIMMIA,00:15:00,06:20:00,00:15:00,07:20:00,05:15:00,11:20:00,NO,763,BASE,NO,01:00:00,FP,06:05:00,null,SI,NO,03:00:00,1,2,1,null,1,23:15:00,23:15:00,17 sept 2026,17 sept 2026,23:15:00,07:50:00,18 sept 2026,06:50:00,18 sept 2026,06:50:00,18 sept 2026,07:35:00,13:00:00,56:05:00,5186,0,0,0,0,1,-77.12,-80.28,Oeste," ",0,0,0,06:05:00,INT,2.958,00:00:00,00:00:00,18 sept 2026,J,INT
295,4,null,LIM,27 sept 2026,23:15:00,30 sept 2026,22:10:00,1,null,28 sept 2026,Sep-2026,2026Q3,LA,2480,LIM,MIA,LIMMIA,00:15:00,06:20:00,00:15:00,07:20:00,05:15:00,11:20:00,NO,763,BASE,NO,01:00:00,FP,06:05:00,null,SI,NO,03:00:00,1,2,1,null,1,23:15:00,23:15:00,27 sept 2026,27 sept 2026,23:15:00,07:50:00,28 sept 2026,06:50:00,28 sept 2026,06:50:00,28 sept 2026,07:35:00,13:00:00,56:05:00,5186,0,0,0,0,1,-77.12,-80.28,Oeste," ",0,0,0,06:05:00,INT,2.958,00:00:00,00:00:00,28 sept 2026,J,INT
60,3,null,LIM,4 sept 2026,23:15:00,6 sept 2026,22:10:00,1,null,5 sept 2026,Sep-2026,2026Q3,LA,2480,LIM,MIA,LIMMIA,00:15:00,06:20:00,00:15:00,07:20:00,05:15:00,11:20:00,NO,763,BASE,NO,01:00:00,FP,06:05:00,null,SI,NO,03:00:00,1,2,1,null,1,23:15:00,23:15:00,4 sept 2026,4 sept 2026,23:15:00,07:50:00,5 sept 2026,06:50:00,5 sept 2026,06:50:00,5 sept 2026,07:35:00,13:00:00,32:05:00,5186,0,0,1,0,3,-77.12,-80.28,Oeste," ",0,0,0,06:05:00,INT,3.944,00:00:00,00:00:00,5 sept 2026,J,INT
324,4,null,LIM,30 sept 2026,23:15:00,3 oct 2026,22:10:00,1,null,1 oct 2026,Oct-2026,2026Q3,LA,2480,LIM,MIA,LIMMIA,00:15:00,06:20:00,00:15:00,07:20:00,05:15:00,11:20:00,NO,763,BASE,NO,01:00:00,FP,06:05:00,null,SI,NO,03:00:00,1,2,1,null,1,23:15:00,23:15:00,30 sept 2026,30 sept 2026,23:15:00,07:50:00,1 oct 2026,06:50:00,1 oct 2026,06:50:00,1 oct 2026,07:35:00,13:00:00,56:05:00,5186,0,0,0,0,1,-77.12,-80.28,Oeste," ",0,0,0,06:05:00,INT,2.958,00:00:00,00:00:00,1 oct 2026,J,INT
234,4,null,LIM,21 sept 2026,23:15:00,24 sept 2026,22:30:00,1,null,22 sept 2026,Sep-2026,2026Q3,LA,2480,LIM,MIA,LIMMIA,00:15:00,06:20:00,00:15:00,07:20:00,05:15:00,11:20:00,NO,763,BASE,NO,01:00:00,FP,06:05:00,null,SI,NO,03:00:00,1,2,1,null,1,23:15:00,23:15:00,21 sept 2026,21 sept 2026,23:15:00,07:50:00,22 sept 2026,06:50:00,22 sept 2026,06:50:00,22 sept 2026,07:35:00,13:00:00,56:20:00,5186,0,0,0,0,1,-77.12,-80.28,Oeste," ",0,0,0,06:05:00,INT,2.979,00:00:00,00:00:00,22 sept 2026,J,INT
323,3,null,LIM,30 sept 2026,23:15:00,2 oct 2026,22:10:00,1,null,1 oct 2026,Oct-2026,2026Q3,LA,2480,LIM,MIA,LIMMIA,00:15:00,06:20:00,00:15:00,07:20:00,05:15:00,11:20:00,NO,763,BASE,NO,01:00:00,FP,06:05:00,null,SI,NO,03:00:00,1,2,1,null,1,23:15:00,23:15:00,30 sept 2026,30 sept 2026,23:15:00,07:50:00,1 oct 2026,06:50:00,1 oct 2026,06:50:00,1 oct 2026,07:35:00,13:00:00,32:05:00,5186,0,0,1,0,3,-77.12,-80.28,Oeste," ",0,0,0,06:05:00,INT,3.944,00:00:00,00:00:00,1 oct 2026,J,INT
203,4,null,LIM,18 sept 2026,23:15:00,21 sept 2026,22:10:00,1,null,19 sept 2026,Sep-2026,2026Q3,LA,2480,LIM,MIA,LIMMIA,00:15:00,06:20:00,00:15:00,07:20:00,05:15:00,11:20:00,NO,763,BASE,NO,01:00:00,FP,06:05:00,null,SI,NO,03:00:00,1,2,1,null,1,23:15:00,23:15:00,18 sept 2026,18 sept 2026,23:15:00,07:50:00,19 sept 2026,06:50:00,19 sept 2026,06:50:00,19 sept 2026,07:35:00,13:00:00,56:05:00,5186,0,0,0,0,1,-77.12,-80.28,Oeste," ",0,0,0,06:05:00,INT,2.958,00:00:00,00:00:00,19 sept 2026,J,INT
243,4,null,LIM,22 sept 2026,23:15:00,25 sept 2026,22:10:00,1,null,23 sept 2026,Sep-2026,2026Q3,LA,2480,LIM,MIA,LIMMIA,00:15:00,06:20:00,00:15:00,07:20:00,05:15:00,11:20:00,NO,763,BASE,NO,01:00:00,FP,06:05:00,null,SI,NO,03:00:00,1,2,1,null,1,23:15:00,23:15:00,22 sept 2026,22 sept 2026,23:15:00,07:50:00,23 sept 2026,06:50:00,23 sept 2026,06:50:00,23 sept 2026,07:35:00,13:00:00,56:05:00,5186,0,0,0,0,1,-77.12,-80.28,Oeste," ",0,0,0,06:05:00,INT,2.958,00:00:00,00:00:00,23 sept 2026,J,INT
92,4,null,LIM,7 sept 2026,23:15:00,10 sept 2026,22:30:00,1,null,8 sept 2026,Sep-2026,2026Q3,LA,2480,LIM,MIA,LIMMIA,00:15:00,06:20:00,00:15:00,07:20:00,05:15:00,11:20:00,NO,763,BASE,NO,01:00:00,FP,06:05:00,null,SI,NO,03:00:00,1,2,1,null,1,23:15:00,23:15:00,7 sept 2026,7 sept 2026,23:15:00,07:50:00,8 sept 2026,06:50:00,8 sept 2026,06:50:00,8 sept 2026,07:35:00,13:00:00,56:20:00,5186,0,0,0,0,1,-77.12,-80.28,Oeste," ",0,0,0,06:05:00,INT,2.979,00:00:00,00:00:00,8 sept 2026,J,INT
4,4,LA2480-1290826,LIM,29 ago 2026,23:15:00,1 sept 2026,22:10:00,1,null,30 ago 2026,Aug-2026,2026Q3,LA,2480,LIM,MIA,LIMMIA,00:15:00,06:20:00,00:15:00,07:20:00,05:15:00,11:20:00,NO,763,BASE,NO,01:00:00,FP,06:05:00,null,SI,NO,03:00:00,1,2,1,null,1,23:15:00,23:15:00,29 ago 2026,29 ago 2026,23:15:00,07:50:00,30 ago 2026,06:50:00,30 ago 2026,06:50:00,30 ago 2026,07:35:00,13:00:00,56:05:00,5186,0,0,0,0,1,-77.12,-80.28,Oeste," ",0,0,0,06:05:00,INT,2.958,00:00:00,00:00:00,30 ago 2026,J,INT
40,4,null,LIM,2 sept 2026,23:15:00,5 sept 2026,22:10:00,1,null,3 sept 2026,Sep-2026,2026Q3,LA,2480,LIM,MIA,LIMMIA,00:15:00,06:20:00,00:15:00,07:20:00,05:15:00,11:20:00,NO,763,BASE,NO,01:00:00,FP,06:05:00,null,SI,NO,03:00:00,1,2,1,null,1,23:15:00,23:15:00,2 sept 2026,2 sept 2026,23:15:00,07:50:00,3 sept 2026,06:50:00,3 sept 2026,06:50:00,3 sept 2026,07:35:00,13:00:00,56:05:00,5186,0,0,0,0,1,-77.12,-80.28,Oeste," ",0,0,0,06:05:00,INT,2.958,00:00:00,00:00:00,3 sept 2026,J,INT
12,4,LA2480-1300826,LIM,30 ago 2026,23:15:00,2 sept 2026,22:10:00,1,null,31 ago 2026,Aug-2026,2026Q3,LA,2480,LIM,MIA,LIMMIA,00:15:00,06:20:00,00:15:00,07:20:00,05:15:00,11:20:00,NO,763,BASE,NO,01:00:00,FP,06:05:00,null,SI,NO,03:00:00,1,2,1,null,1,23:15:00,23:15:00,30 ago 2026,30 ago 2026,23:15:00,07:50:00,31 ago 2026,06:50:00,31 ago 2026,06:50:00,31 ago 2026,07:35:00,13:00:00,56:05:00,5186,0,0,0,0,1,-77.12,-80.28,Oeste," ",0,0,0,06:05:00,INT,2.958,00:00:00,00:00:00,31 ago 2026,J,INT
29,3,null,LIM,1 sept 2026,23:15:00,3 sept 2026,22:30:00,1,null,2 sept 2026,Sep-2026,2026Q3,LA,2480,LIM,MIA,LIMMIA,00:15:00,06:20:00,00:15:00,07:20:00,05:15:00,11:20:00,NO,763,BASE,NO,01:00:00,FP,06:05:00,null,SI,NO,03:00:00,1,2,1,null,1,23:15:00,23:15:00,1 sept 2026,1 sept 2026,23:15:00,07:50:00,2 sept 2026,06:50:00,2 sept 2026,06:50:00,2 sept 2026,07:35:00,13:00:00,32:20:00,5186,0,0,1,0,3,-77.12,-80.28,Oeste," ",0,0,0,06:05:00,INT,3.972,00:00:00,00:00:00,2 sept 2026,J,INT
304,3,null,LIM,28 sept 2026,23:15:00,30 sept 2026,22:10:00,1,null,29 sept 2026,Sep-2026,2026Q3,LA,2480,LIM,MIA,LIMMIA,00:15:00,06:20:00,00:15:00,07:20:00,05:15:00,11:20:00,NO,763,BASE,NO,01:00:00,FP,06:05:00,null,SI,NO,03:00:00,1,2,1,null,1,23:15:00,23:15:00,28 sept 2026,28 sept 2026,23:15:00,07:50:00,29 sept 2026,06:50:00,29 sept 2026,06:50:00,29 sept 2026,07:35:00,13:00:00,32:05:00,5186,0,0,1,0,3,-77.12,-80.28,Oeste," ",0,0,0,06:05:00,INT,3.944,00:00:00,00:00:00,29 sept 2026,J,INT
181,3,null,LIM,16 sept 2026,23:15:00,18 sept 2026,22:10:00,1,null,17 sept 2026,Sep-2026,2026Q3,LA,2480,LIM,MIA,LIMMIA,00:15:00,06:20:00,00:15:00,07:20:00,05:15:00,11:20:00,NO,763,BASE,NO,01:00:00,FP,06:05:00,null,SI,NO,03:00:00,1,2,1,null,1,23:15:00,23:15:00,16 sept 2026,16 sept 2026,23:15:00,07:50:00,17 sept 2026,06:50:00,17 sept 2026,06:50:00,17 sept 2026,07:35:00,13:00:00,32:05:00,5186,0,0,1,0,3,-77.12,-80.28,Oeste," ",0,0,0,06:05:00,INT,3.944,00:00:00,00:00:00,17 sept 2026,J,INT
171,3,null,LIM,15 sept 2026,23:15:00,17 sept 2026,22:30:00,1,null,16 sept 2026,Sep-2026,2026Q3,LA,2480,LIM,MIA,LIMMIA,00:15:00,06:20:00,00:15:00,07:20:00,05:15:00,11:20:00,NO,763,BASE,NO,01:00:00,FP,06:05:00,null,SI,NO,03:00:00,1,2,1,null,1,23:15:00,23:15:00,15 sept 2026,15 sept 2026,23:15:00,07:50:00,16 sept 2026,06:50:00,16 sept 2026,06:50:00,16 sept 2026,07:35:00,13:00:00,32:20:00,5186,0,0,1,0,3,-77.12,-80.28,Oeste," ",0,0,0,06:05:00,INT,3.972,00:00:00,00:00:00,16 sept 2026,J,INT
273,3,null,LIM,25 sept 2026,23:15:00,27 sept 2026,22:10:00,1,null,26 sept 2026,Sep-2026,2026Q3,LA,2480,LIM,MIA,LIMMIA,00:15:00,06:20:00,00:15:00,07:20:00,05:15:00,11:20:00,NO,763,BASE,NO,01:00:00,FP,06:05:00,null,SI,NO,03:00:00,1,2,1,null,1,23:15:00,23:15:00,25 sept 2026,25 sept 2026,23:15:00,07:50:00,26 sept 2026,06:50:00,26 sept 2026,06:50:00,26 sept 2026,07:35:00,13:00:00,32:05:00,5186,0,0,1,0,3,-77.12,-80.28,Oeste," ",0,0,0,06:05:00,INT,3.944,00:00:00,00:00:00,26 sept 2026,J,INT
11,3,LA2480300826,LIM,30 ago 2026,23:15:00,1 sept 2026,22:10:00,1,null,31 ago 2026,Aug-2026,2026Q3,LA,2480,LIM,MIA,LIMMIA,00:15:00,06:20:00,00:15:00,07:20:00,05:15:00,11:20:00,NO,763,BASE,NO,01:00:00,FP,06:05:00,null,SI,NO,03:00:00,1,2,1,null,1,23:15:00,23:15:00,30 ago 2026,30 ago 2026,23:15:00,07:50:00,31 ago 2026,06:50:00,31 ago 2026,06:50:00,31 ago 2026,07:35:00,13:00:00,32:05:00,5186,0,0,1,0,3,-77.12,-80.28,Oeste," ",0,0,0,06:05:00,INT,3.944,00:00:00,00:00:00,31 ago 2026,J,INT
191,3,null,LIM,17 sept 2026,23:15:00,19 sept 2026,22:10:00,1,null,18 sept 2026,Sep-2026,2026Q3,LA,2480,LIM,MIA,LIMMIA,00:15:00,06:20:00,00:15:00,07:20:00,05:15:00,11:20:00,NO,763,BASE,NO,01:00:00,FP,06:05:00,null,SI,NO,03:00:00,1,2,1,null,1,23:15:00,23:15:00,17 sept 2026,17 sept 2026,23:15:00,07:50:00,18 sept 2026,06:50:00,18 sept 2026,06:50:00,18 sept 2026,07:35:00,13:00:00,32:05:00,5186,0,0,1,0,3,-77.12,-80.28,Oeste," ",0,0,0,06:05:00,INT,3.944,00:00:00,00:00:00,18 sept 2026,J,INT
252,3,null,LIM,23 sept 2026,23:15:00,25 sept 2026,22:10:00,1,null,24 sept 2026,Sep-2026,2026Q3,LA,2480,LIM,MIA,LIMMIA,00:15:00,06:20:00,00:15:00,07:20:00,05:15:00,11:20:00,NO,763,BASE,NO,01:00:00,FP,06:05:00,null,SI,NO,03:00:00,1,2,1,null,1,23:15:00,23:15:00,23 sept 2026,23 sept 2026,23:15:00,07:50:00,24 sept 2026,06:50:00,24 sept 2026,06:50:00,24 sept 2026,07:35:00,13:00:00,32:05:00,5186,0,0,1,0,3,-77.12,-80.28,Oeste," ",0,0,0,06:05:00,INT,3.944,00:00:00,00:00:00,24 sept 2026,J,INT
202,3,null,LIM,18 sept 2026,23:15:00,20 sept 2026,22:10:00,1,null,19 sept 2026,Sep-2026,2026Q3,LA,2480,LIM,MIA,LIMMIA,00:15:00,06:20:00,00:15:00,07:20:00,05:15:00,11:20:00,NO,763,BASE,NO,01:00:00,FP,06:05:00,null,SI,NO,03:00:00,1,2,1,null,1,23:15:00,23:15:00,18 sept 2026,18 sept 2026,23:15:00,07:50:00,19 sept 2026,06:50:00,19 sept 2026,06:50:00,19 sept 2026,07:35:00,13:00:00,32:05:00,5186,0,0,1,0,3,-77.12,-80.28,Oeste," ",0,0,0,06:05:00,INT,3.944,00:00:00,00:00:00,19 sept 2026,J,INT
81,3,null,LIM,6 sept 2026,23:15:00,8 sept 2026,22:10:00,1,null,7 sept 2026,Sep-2026,2026Q3,LA,2480,LIM,MIA,LIMMIA,00:15:00,06:20:00,00:15:00,07:20:00,05:15:00,11:20:00,NO,763,BASE,NO,01:00:00,FP,06:05:00,null,SI,NO,03:00:00,1,2,1,null,1,23:15:00,23:15:00,6 sept 2026,6 sept 2026,23:15:00,07:50:00,7 sept 2026,06:50:00,7 sept 2026,06:50:00,7 sept 2026,07:35:00,13:00:00,32:05:00,5186,0,0,1,0,3,-77.12,-80.28,Oeste," ",0,0,0,06:05:00,INT,3.944,00:00:00,00:00:00,7 sept 2026,J,INT
49,3,null,LIM,3 sept 2026,23:15:00,5 sept 2026,22:10:00,1,null,4 sept 2026,Sep-2026,2026Q3,LA,2480,LIM,MIA,LIMMIA,00:15:00,06:20:00,00:15:00,07:20:00,05:15:00,11:20:00,NO,763,BASE,NO,01:00:00,FP,06:05:00,null,SI,NO,03:00:00,1,2,1,null,1,23:15:00,23:15:00,3 sept 2026,3 sept 2026,23:15:00,07:50:00,4 sept 2026,06:50:00,4 sept 2026,06:50:00,4 sept 2026,07:35:00,13:00:00,32:05:00,5186,0,0,1,0,3,-77.12,-80.28,Oeste," ",0,0,0,06:05:00,INT,3.944,00:00:00,00:00:00,4 sept 2026,J,INT
284,3,null,LIM,26 sept 2026,23:15:00,28 sept 2026,22:10:00,1,null,27 sept 2026,Sep-2026,2026Q3,LA,2480,LIM,MIA,LIMMIA,00:15:00,06:20:00,00:15:00,07:20:00,05:15:00,11:20:00,NO,763,BASE,NO,01:00:00,FP,06:05:00,null,SI,NO,03:00:00,1,2,1,null,1,23:15:00,23:15:00,26 sept 2026,26 sept 2026,23:15:00,07:50:00,27 sept 2026,06:50:00,27 sept 2026,06:50:00,27 sept 2026,07:35:00,13:00:00,32:05:00,5186,0,0,1,0,3,-77.12,-80.28,Oeste," ",0,0,0,06:05:00,INT,3.944,00:00:00,00:00:00,27 sept 2026,J,INT
294,3,null,LIM,27 sept 2026,23:15:00,29 sept 2026,22:10:00,1,null,28 sept 2026,Sep-2026,2026Q3,LA,2480,LIM,MIA,LIMMIA,00:15:00,06:20:00,00:15:00,07:20:00,05:15:00,11:20:00,NO,763,BASE,NO,01:00:00,FP,06:05:00,null,SI,NO,03:00:00,1,2,1,null,1,23:15:00,23:15:00,27 sept 2026,27 sept 2026,23:15:00,07:50:00,28 sept 2026,06:50:00,28 sept 2026,06:50:00,28 sept 2026,07:35:00,13:00:00,32:05:00,5186,0,0,1,0,3,-77.12,-80.28,Oeste," ",0,0,0,06:05:00,INT,3.944,00:00:00,00:00:00,28 sept 2026,J,INT
172,4,null,LIM,15 sept 2026,23:15:00,18 sept 2026,22:10:00,1,null,16 sept 2026,Sep-2026,2026Q3,LA,2480,LIM,MIA,LIMMIA,00:15:00,06:20:00,00:15:00,07:20:00,05:15:00,11:20:00,NO,763,BASE,NO,01:00:00,FP,06:05:00,null,SI,NO,03:00:00,1,2,1,null,1,23:15:00,23:15:00,15 sept 2026,15 sept 2026,23:15:00,07:50:00,16 sept 2026,06:50:00,16 sept 2026,06:50:00,16 sept 2026,07:35:00,13:00:00,56:05:00,5186,0,0,0,0,1,-77.12,-80.28,Oeste," ",0,0,0,06:05:00,INT,2.958,00:00:00,00:00:00,16 sept 2026,J,INT
131,3,null,LIM,11 sept 2026,23:15:00,13 sept 2026,22:10:00,1,null,12 sept 2026,Sep-2026,2026Q3,LA,2480,LIM,MIA,LIMMIA,00:15:00,06:20:00,00:15:00,07:20:00,05:15:00,11:20:00,NO,763,BASE,NO,01:00:00,FP,06:05:00,null,SI,NO,03:00:00,1,2,1,null,1,23:15:00,23:15:00,11 sept 2026,11 sept 2026,23:15:00,07:50:00,12 sept 2026,06:50:00,12 sept 2026,06:50:00,12 sept 2026,07:35:00,13:00:00,32:05:00,5186,0,0,1,0,3,-77.12,-80.28,Oeste," ",0,0,0,06:05:00,INT,3.944,00:00:00,00:00:00,12 sept 2026,J,INT
163,4,null,LIM,14 sept 2026,23:15:00,17 sept 2026,22:30:00,1,null,15 sept 2026,Sep-2026,2026Q3,LA,2480,LIM,MIA,LIMMIA,00:15:00,06:20:00,00:15:00,07:20:00,05:15:00,11:20:00,NO,763,BASE,NO,01:00:00,FP,06:05:00,null,SI,NO,03:00:00,1,2,1,null,1,23:15:00,23:15:00,14 sept 2026,14 sept 2026,23:15:00,07:50:00,15 sept 2026,06:50:00,15 sept 2026,06:50:00,15 sept 2026,07:35:00,13:00:00,56:20:00,5186,0,0,0,0,1,-77.12,-80.28,Oeste," ",0,0,0,06:05:00,INT,2.979,00:00:00,00:00:00,15 sept 2026,J,INT
110,3,null,LIM,9 sept 2026,23:15:00,11 sept 2026,22:10:00,1,null,10 sept 2026,Sep-2026,2026Q3,LA,2480,LIM,MIA,LIMMIA,00:15:00,06:20:00,00:15:00,07:20:00,05:15:00,11:20:00,NO,763,BASE,NO,01:00:00,FP,06:05:00,null,SI,NO,03:00:00,1,2,1,null,1,23:15:00,23:15:00,9 sept 2026,9 sept 2026,23:15:00,07:50:00,10 sept 2026,06:50:00,10 sept 2026,06:50:00,10 sept 2026,07:35:00,13:00:00,32:05:00,5186,0,0,1,0,3,-77.12,-80.28,Oeste," ",0,0,0,06:05:00,INT,3.944,00:00:00,00:00:00,10 sept 2026,J,INT
21,4,LA2480-1310826,LIM,31 ago 2026,23:15:00,3 sept 2026,22:30:00,1,null,1 sept 2026,Sep-2026,2026Q3,LA,2480,LIM,MIA,LIMMIA,00:15:00,06:20:00,00:15:00,07:20:00,05:15:00,11:20:00,NO,763,BASE,NO,01:00:00,FP,06:05:00,null,SI,NO,03:00:00,1,2,1,null,1,23:15:00,23:15:00,31 ago 2026,31 ago 2026,23:15:00,07:50:00,1 sept 2026,06:50:00,1 sept 2026,06:50:00,1 sept 2026,07:35:00,13:00:00,56:20:00,5186,0,0,0,0,1,-77.12,-80.28,Oeste," ",0,0,0,06:05:00,INT,2.979,00:00:00,00:00:00,1 sept 2026,J,INT
262,3,null,LIM,24 sept 2026,23:15:00,26 sept 2026,22:10:00,1,null,25 sept 2026,Sep-2026,2026Q3,LA,2480,LIM,MIA,LIMMIA,00:15:00,06:20:00,00:15:00,07:20:00,05:15:00,11:20:00,NO,763,BASE,NO,01:00:00,FP,06:05:00,null,SI,NO,03:00:00,1,2,1,null,1,23:15:00,23:15:00,24 sept 2026,24 sept 2026,23:15:00,07:50:00,25 sept 2026,06:50:00,25 sept 2026,06:50:00,25 sept 2026,07:35:00,13:00:00,32:05:00,5186,0,0,1,0,3,-77.12,-80.28,Oeste," ",0,0,0,06:05:00,INT,3.944,00:00:00,00:00:00,25 sept 2026,J,INT
151,4,null,LIM,13 sept 2026,23:05:00,16 sept 2026,07:25:00,1,null,14 sept 2026,Sep-2026,2026Q3,LA,2468,LIM,JFK,LIMJFK,00:05:00,08:10:00,00:05:00,09:10:00,05:05:00,13:10:00,NO,763,BASE,NO,01:00:00,FP,08:05:00,null,SI,NO,03:00:00,1,2,1,null,1,23:05:00,23:05:00,13 sept 2026,13 sept 2026,23:05:00,09:40:00,14 sept 2026,08:40:00,14 sept 2026,08:40:00,14 sept 2026,09:35:00,13:00:00,37:19:00,5092,0,0,1,0,6,-77.12,-73.78,Este," ",0,0,0,08:05:00,INT,4.004,00:00:00,00:00:00,14 sept 2026,J,INT
48,4,null,LIM,3 sept 2026,23:05:00,6 sept 2026,07:25:00,1,null,4 sept 2026,Sep-2026,2026Q3,LA,2468,LIM,JFK,LIMJFK,00:05:00,08:10:00,00:05:00,09:10:00,05:05:00,13:10:00,NO,763,BASE,NO,01:00:00,FP,08:05:00,null,SI,NO,03:00:00,1,2,1,null,1,23:05:00,23:05:00,3 sept 2026,3 sept 2026,23:05:00,09:40:00,4 sept 2026,08:40:00,4 sept 2026,08:40:00,4 sept 2026,09:35:00,13:00:00,37:19:00,5092,0,0,1,0,6,-77.12,-73.78,Este," ",0,0,0,08:05:00,INT,4.004,00:00:00,00:00:00,4 sept 2026,J,INT
109,4,null,LIM,9 sept 2026,23:05:00,12 sept 2026,07:25:00,1,null,10 sept 2026,Sep-2026,2026Q3,LA,2468,LIM,JFK,LIMJFK,00:05:00,08:10:00,00:05:00,09:10:00,05:05:00,13:10:00,NO,763,BASE,NO,01:00:00,FP,08:05:00,null,SI,NO,03:00:00,1,2,1,null,1,23:05:00,23:05:00,9 sept 2026,9 sept 2026,23:05:00,09:40:00,10 sept 2026,08:40:00,10 sept 2026,08:40:00,10 sept 2026,09:35:00,13:00:00,37:19:00,5092,0,0,1,0,6,-77.12,-73.78,Este," ",0,0,0,08:05:00,INT,4.004,00:00:00,00:00:00,10 sept 2026,J,INT
161,4,null,LIM,14 sept 2026,23:05:00,17 sept 2026,07:25:00,1,null,15 sept 2026,Sep-2026,2026Q3,LA,2468,LIM,JFK,LIMJFK,00:05:00,08:10:00,00:05:00,09:10:00,05:05:00,13:10:00,NO,763,BASE,NO,01:00:00,FP,08:05:00,null,SI,NO,03:00:00,1,2,1,null,1,23:05:00,23:05:00,14 sept 2026,14 sept 2026,23:05:00,09:40:00,15 sept 2026,08:40:00,15 sept 2026,08:40:00,15 sept 2026,09:35:00,13:00:00,37:19:00,5092,0,0,1,0,6,-77.12,-73.78,Este," ",0,0,0,08:05:00,INT,4.004,00:00:00,00:00:00,15 sept 2026,J,INT
283,4,null,LIM,26 sept 2026,23:05:00,29 sept 2026,07:25:00,1,null,27 sept 2026,Sep-2026,2026Q3,LA,2468,LIM,JFK,LIMJFK,00:05:00,08:10:00,00:05:00,09:10:00,05:05:00,13:10:00,NO,763,BASE,NO,01:00:00,FP,08:05:00,null,SI,NO,03:00:00,1,2,1,null,1,23:05:00,23:05:00,26 sept 2026,26 sept 2026,23:05:00,09:40:00,27 sept 2026,08:40:00,27 sept 2026,08:40:00,27 sept 2026,09:35:00,13:00:00,37:19:00,5092,0,0,1,0,6,-77.12,-73.78,Este," ",0,0,0,08:05:00,INT,4.004,00:00:00,00:00:00,27 sept 2026,J,INT
170,4,null,LIM,15 sept 2026,23:05:00,18 sept 2026,07:25:00,1,null,16 sept 2026,Sep-2026,2026Q3,LA,2468,LIM,JFK,LIMJFK,00:05:00,08:10:00,00:05:00,09:10:00,05:05:00,13:10:00,NO,763,BASE,NO,01:00:00,FP,08:05:00,null,SI,NO,03:00:00,1,2,1,null,1,23:05:00,23:05:00,15 sept 2026,15 sept 2026,23:05:00,09:40:00,16 sept 2026,08:40:00,16 sept 2026,08:40:00,16 sept 2026,09:35:00,13:00:00,37:19:00,5092,0,0,1,0,6,-77.12,-73.78,Este," ",0,0,0,08:05:00,INT,4.004,00:00:00,00:00:00,16 sept 2026,J,INT
272,4,null,LIM,25 sept 2026,23:05:00,28 sept 2026,07:25:00,1,null,26 sept 2026,Sep-2026,2026Q3,LA,2468,LIM,JFK,LIMJFK,00:05:00,08:10:00,00:05:00,09:10:00,05:05:00,13:10:00,NO,763,BASE,NO,01:00:00,FP,08:05:00,null,SI,NO,03:00:00,1,2,1,null,1,23:05:00,23:05:00,25 sept 2026,25 sept 2026,23:05:00,09:40:00,26 sept 2026,08:40:00,26 sept 2026,08:40:00,26 sept 2026,09:35:00,13:00:00,37:19:00,5092,0,0,1,0,6,-77.12,-73.78,Este," ",0,0,0,08:05:00,INT,4.004,00:00:00,00:00:00,26 sept 2026,J,INT
322,4,null,LIM,30 sept 2026,23:05:00,3 oct 2026,07:25:00,1,null,1 oct 2026,Oct-2026,2026Q3,LA,2468,LIM,JFK,LIMJFK,00:05:00,08:10:00,00:05:00,09:10:00,05:05:00,13:10:00,NO,763,BASE,NO,01:00:00,FP,08:05:00,null,SI,NO,03:00:00,1,2,1,null,1,23:05:00,23:05:00,30 sept 2026,30 sept 2026,23:05:00,09:40:00,1 oct 2026,08:40:00,1 oct 2026,08:40:00,1 oct 2026,09:35:00,13:00:00,37:19:00,5092,0,0,1,0,6,-77.12,-73.78,Este," ",0,0,0,08:05:00,INT,4.004,00:00:00,00:00:00,1 oct 2026,J,INT
141,4,null,LIM,12 sept 2026,23:05:00,15 sept 2026,07:25:00,1,null,13 sept 2026,Sep-2026,2026Q3,LA,2468,LIM,JFK,LIMJFK,00:05:00,08:10:00,00:05:00,09:10:00,05:05:00,13:10:00,NO,763,BASE,NO,01:00:00,FP,08:05:00,null,SI,NO,03:00:00,1,2,1,null,1,23:05:00,23:05:00,12 sept 2026,12 sept 2026,23:05:00,09:40:00,13 sept 2026,08:40:00,13 sept 2026,08:40:00,13 sept 2026,09:35:00,13:00:00,37:19:00,5092,0,0,1,0,6,-77.12,-73.78,Este," ",0,0,0,08:05:00,INT,4.004,00:00:00,00:00:00,13 sept 2026,J,INT
190,4,null,LIM,17 sept 2026,23:05:00,20 sept 2026,07:25:00,1,null,18 sept 2026,Sep-2026,2026Q3,LA,2468,LIM,JFK,LIMJFK,00:05:00,08:10:00,00:05:00,09:10:00,05:05:00,13:10:00,NO,763,BASE,NO,01:00:00,FP,08:05:00,null,SI,NO,03:00:00,1,2,1,null,1,23:05:00,23:05:00,17 sept 2026,17 sept 2026,23:05:00,09:40:00,18 sept 2026,08:40:00,18 sept 2026,08:40:00,18 sept 2026,09:35:00,13:00:00,37:19:00,5092,0,0,1,0,6,-77.12,-73.78,Este," ",0,0,0,08:05:00,INT,4.004,00:00:00,00:00:00,18 sept 2026,J,INT
312,4,null,LIM,29 sept 2026,23:05:00,2 oct 2026,07:25:00,1,null,30 sept 2026,Sep-2026,2026Q3,LA,2468,LIM,JFK,LIMJFK,00:05:00,08:10:00,00:05:00,09:10:00,05:05:00,13:10:00,NO,763,BASE,NO,01:00:00,FP,08:05:00,null,SI,NO,03:00:00,1,2,1,null,1,23:05:00,23:05:00,29 sept 2026,29 sept 2026,23:05:00,09:40:00,30 sept 2026,08:40:00,30 sept 2026,08:40:00,30 sept 2026,09:35:00,13:00:00,37:19:00,5092,0,0,1,0,6,-77.12,-73.78,Este," ",0,0,0,08:05:00,INT,4.004,00:00:00,00:00:00,30 sept 2026,J,INT
80,4,null,LIM,6 sept 2026,23:05:00,9 sept 2026,07:25:00,1,null,7 sept 2026,Sep-2026,2026Q3,LA,2468,LIM,JFK,LIMJFK,00:05:00,08:10:00,00:05:00,09:10:00,05:05:00,13:10:00,NO,763,BASE,NO,01:00:00,FP,08:05:00,null,SI,NO,03:00:00,1,2,1,null,1,23:05:00,23:05:00,6 sept 2026,6 sept 2026,23:05:00,09:40:00,7 sept 2026,08:40:00,7 sept 2026,08:40:00,7 sept 2026,09:35:00,13:00:00,37:19:00,5092,0,0,1,0,6,-77.12,-73.78,Este," ",0,0,0,08:05:00,INT,4.004,00:00:00,00:00:00,7 sept 2026,J,INT
303,4,null,LIM,28 sept 2026,23:05:00,1 oct 2026,07:25:00,1,null,29 sept 2026,Sep-2026,2026Q3,LA,2468,LIM,JFK,LIMJFK,00:05:00,08:10:00,00:05:00,09:10:00,05:05:00,13:10:00,NO,763,BASE,NO,01:00:00,FP,08:05:00,null,SI,NO,03:00:00,1,2,1,null,1,23:05:00,23:05:00,28 sept 2026,28 sept 2026,23:05:00,09:40:00,29 sept 2026,08:40:00,29 sept 2026,08:40:00,29 sept 2026,09:35:00,13:00:00,37:19:00,5092,0,0,1,0,6,-77.12,-73.78,Este," ",0,0,0,08:05:00,INT,4.004,00:00:00,00:00:00,29 sept 2026,J,INT
201,4,null,LIM,18 sept 2026,23:05:00,21 sept 2026,07:25:00,1,null,19 sept 2026,Sep-2026,2026Q3,LA,2468,LIM,JFK,LIMJFK,00:05:00,08:10:00,00:05:00,09:10:00,05:05:00,13:10:00,NO,763,BASE,NO,01:00:00,FP,08:05:00,null,SI,NO,03:00:00,1,2,1,null,1,23:05:00,23:05:00,18 sept 2026,18 sept 2026,23:05:00,09:40:00,19 sept 2026,08:40:00,19 sept 2026,08:40:00,19 sept 2026,09:35:00,13:00:00,37:19:00,5092,0,0,1,0,6,-77.12,-73.78,Este," ",0,0,0,08:05:00,INT,4.004,00:00:00,00:00:00,19 sept 2026,J,INT
261,4,null,LIM,24 sept 2026,23:05:00,27 sept 2026,07:25:00,1,null,25 sept 2026,Sep-2026,2026Q3,LA,2468,LIM,JFK,LIMJFK,00:05:00,08:10:00,00:05:00,09:10:00,05:05:00,13:10:00,NO,763,BASE,NO,01:00:00,FP,08:05:00,null,SI,NO,03:00:00,1,2,1,null,1,23:05:00,23:05:00,24 sept 2026,24 sept 2026,23:05:00,09:40:00,25 sept 2026,08:40:00,25 sept 2026,08:40:00,25 sept 2026,09:35:00,13:00:00,37:19:00,5092,0,0,1,0,6,-77.12,-73.78,Este," ",0,0,0,08:05:00,INT,4.004,00:00:00,00:00:00,25 sept 2026,J,INT
70,4,null,LIM,5 sept 2026,23:05:00,8 sept 2026,07:25:00,1,null,6 sept 2026,Sep-2026,2026Q3,LA,2468,LIM,JFK,LIMJFK,00:05:00,08:10:00,00:05:00,09:10:00,05:05:00,13:10:00,NO,763,BASE,NO,01:00:00,FP,08:05:00,null,SI,NO,03:00:00,1,2,1,null,1,23:05:00,23:05:00,5 sept 2026,5 sept 2026,23:05:00,09:40:00,6 sept 2026,08:40:00,6 sept 2026,08:40:00,6 sept 2026,09:35:00,13:00:00,37:19:00,5092,0,0,1,0,6,-77.12,-73.78,Este," ",0,0,0,08:05:00,INT,4.004,00:00:00,00:00:00,6 sept 2026,J,INT
222,4,null,LIM,20 sept 2026,23:05:00,23 sept 2026,07:25:00,1,null,21 sept 2026,Sep-2026,2026Q3,LA,2468,LIM,JFK,LIMJFK,00:05:00,08:10:00,00:05:00,09:10:00,05:05:00,13:10:00,NO,763,BASE,NO,01:00:00,FP,08:05:00,null,SI,NO,03:00:00,1,2,1,null,1,23:05:00,23:05:00,20 sept 2026,20 sept 2026,23:05:00,09:40:00,21 sept 2026,08:40:00,21 sept 2026,08:40:00,21 sept 2026,09:35:00,13:00:00,37:19:00,5092,0,0,1,0,6,-77.12,-73.78,Este," ",0,0,0,08:05:00,INT,4.004,00:00:00,00:00:00,21 sept 2026,J,INT
90,4,null,LIM,7 sept 2026,23:05:00,10 sept 2026,07:25:00,1,null,8 sept 2026,Sep-2026,2026Q3,LA,2468,LIM,JFK,LIMJFK,00:05:00,08:10:00,00:05:00,09:10:00,05:05:00,13:10:00,NO,763,BASE,NO,01:00:00,FP,08:05:00,null,SI,NO,03:00:00,1,2,1,null,1,23:05:00,23:05:00,7 sept 2026,7 sept 2026,23:05:00,09:40:00,8 sept 2026,08:40:00,8 sept 2026,08:40:00,8 sept 2026,09:35:00,13:00:00,37:19:00,5092,0,0,1,0,6,-77.12,-73.78,Este," ",0,0,0,08:05:00,INT,4.004,00:00:00,00:00:00,8 sept 2026,J,INT
232,4,null,LIM,21 sept 2026,23:05:00,24 sept 2026,07:25:00,1,null,22 sept 2026,Sep-2026,2026Q3,LA,2468,LIM,JFK,LIMJFK,00:05:00,08:10:00,00:05:00,09:10:00,05:05:00,13:10:00,NO,763,BASE,NO,01:00:00,FP,08:05:00,null,SI,NO,03:00:00,1,2,1,null,1,23:05:00,23:05:00,21 sept 2026,21 sept 2026,23:05:00,09:40:00,22 sept 2026,08:40:00,22 sept 2026,08:40:00,22 sept 2026,09:35:00,13:00:00,37:19:00,5092,0,0,1,0,6,-77.12,-73.78,Este," ",0,0,0,08:05:00,INT,4.004,00:00:00,00:00:00,22 sept 2026,J,INT
241,4,null,LIM,22 sept 2026,23:05:00,25 sept 2026,07:25:00,1,null,23 sept 2026,Sep-2026,2026Q3,LA,2468,LIM,JFK,LIMJFK,00:05:00,08:10:00,00:05:00,09:10:00,05:05:00,13:10:00,NO,763,BASE,NO,01:00:00,FP,08:05:00,null,SI,NO,03:00:00,1,2,1,null,1,23:05:00,23:05:00,22 sept 2026,22 sept 2026,23:05:00,09:40:00,23 sept 2026,08:40:00,23 sept 2026,08:40:00,23 sept 2026,09:35:00,13:00:00,37:19:00,5092,0,0,1,0,6,-77.12,-73.78,Este," ",0,0,0,08:05:00,INT,4.004,00:00:00,00:00:00,23 sept 2026,J,INT
38,4,null,LIM,2 sept 2026,23:05:00,5 sept 2026,07:25:00,1,null,3 sept 2026,Sep-2026,2026Q3,LA,2468,LIM,JFK,LIMJFK,00:05:00,08:10:00,00:05:00,09:10:00,05:05:00,13:10:00,NO,763,BASE,NO,01:00:00,FP,08:05:00,null,SI,NO,03:00:00,1,2,1,null,1,23:05:00,23:05:00,2 sept 2026,2 sept 2026,23:05:00,09:40:00,3 sept 2026,08:40:00,3 sept 2026,08:40:00,3 sept 2026,09:35:00,13:00:00,37:19:00,5092,0,0,1,0,6,-77.12,-73.78,Este," ",0,0,0,08:05:00,INT,4.004,00:00:00,00:00:00,3 sept 2026,J,INT
59,4,null,LIM,4 sept 2026,23:05:00,7 sept 2026,07:25:00,1,null,5 sept 2026,Sep-2026,2026Q3,LA,2468,LIM,JFK,LIMJFK,00:05:00,08:10:00,00:05:00,09:10:00,05:05:00,13:10:00,NO,763,BASE,NO,01:00:00,FP,08:05:00,null,SI,NO,03:00:00,1,2,1,null,1,23:05:00,23:05:00,4 sept 2026,4 sept 2026,23:05:00,09:40:00,5 sept 2026,08:40:00,5 sept 2026,08:40:00,5 sept 2026,09:35:00,13:00:00,37:19:00,5092,0,0,1,0,6,-77.12,-73.78,Este," ",0,0,0,08:05:00,INT,4.004,00:00:00,00:00:00,5 sept 2026,J,INT
251,4,null,LIM,23 sept 2026,23:05:00,26 sept 2026,07:25:00,1,null,24 sept 2026,Sep-2026,2026Q3,LA,2468,LIM,JFK,LIMJFK,00:05:00,08:10:00,00:05:00,09:10:00,05:05:00,13:10:00,NO,763,BASE,NO,01:00:00,FP,08:05:00,null,SI,NO,03:00:00,1,2,1,null,1,23:05:00,23:05:00,23 sept 2026,23 sept 2026,23:05:00,09:40:00,24 sept 2026,08:40:00,24 sept 2026,08:40:00,24 sept 2026,09:35:00,13:00:00,37:19:00,5092,0,0,1,0,6,-77.12,-73.78,Este," ",0,0,0,08:05:00,INT,4.004,00:00:00,00:00:00,24 sept 2026,J,INT
212,4,null,LIM,19 sept 2026,23:05:00,22 sept 2026,07:25:00,1,null,20 sept 2026,Sep-2026,2026Q3,LA,2468,LIM,JFK,LIMJFK,00:05:00,08:10:00,00:05:00,09:10:00,05:05:00,13:10:00,NO,763,BASE,NO,01:00:00,FP,08:05:00,null,SI,NO,03:00:00,1,2,1,null,1,23:05:00,23:05:00,19 sept 2026,19 sept 2026,23:05:00,09:40:00,20 sept 2026,08:40:00,20 sept 2026,08:40:00,20 sept 2026,09:35:00,13:00:00,37:19:00,5092,0,0,1,0,6,-77.12,-73.78,Este," ",0,0,0,08:05:00,INT,4.004,00:00:00,00:00:00,20 sept 2026,J,INT
180,4,null,LIM,16 sept 2026,23:05:00,19 sept 2026,07:25:00,1,null,17 sept 2026,Sep-2026,2026Q3,LA,2468,LIM,JFK,LIMJFK,00:05:00,08:10:00,00:05:00,09:10:00,05:05:00,13:10:00,NO,763,BASE,NO,01:00:00,FP,08:05:00,null,SI,NO,03:00:00,1,2,1,null,1,23:05:00,23:05:00,16 sept 2026,16 sept 2026,23:05:00,09:40:00,17 sept 2026,08:40:00,17 sept 2026,08:40:00,17 sept 2026,09:35:00,13:00:00,37:19:00,5092,0,0,1,0,6,-77.12,-73.78,Este," ",0,0,0,08:05:00,INT,4.004,00:00:00,00:00:00,17 sept 2026,J,INT
19,4,LA2468310826,LIM,31 ago 2026,23:05:00,3 sept 2026,07:25:00,1,null,1 sept 2026,Sep-2026,2026Q3,LA,2468,LIM,JFK,LIMJFK,00:05:00,08:10:00,00:05:00,09:10:00,05:05:00,13:10:00,NO,763,BASE,NO,01:00:00,FP,08:05:00,null,SI,NO,03:00:00,1,2,1,null,1,23:05:00,23:05:00,31 ago 2026,31 ago 2026,23:05:00,09:40:00,1 sept 2026,08:40:00,1 sept 2026,08:40:00,1 sept 2026,09:35:00,13:00:00,37:19:00,5092,0,0,1,0,6,-77.12,-73.78,Este," ",0,0,0,08:05:00,INT,4.004,00:00:00,00:00:00,1 sept 2026,J,INT
99,4,null,LIM,8 sept 2026,23:05:00,11 sept 2026,07:25:00,1,null,9 sept 2026,Sep-2026,2026Q3,LA,2468,LIM,JFK,LIMJFK,00:05:00,08:10:00,00:05:00,09:10:00,05:05:00,13:10:00,NO,763,BASE,NO,01:00:00,FP,08:05:00,null,SI,NO,03:00:00,1,2,1,null,1,23:05:00,23:05:00,8 sept 2026,8 sept 2026,23:05:00,09:40:00,9 sept 2026,08:40:00,9 sept 2026,08:40:00,9 sept 2026,09:35:00,13:00:00,37:19:00,5092,0,0,1,0,6,-77.12,-73.78,Este," ",0,0,0,08:05:00,INT,4.004,00:00:00,00:00:00,9 sept 2026,J,INT
130,4,null,LIM,11 sept 2026,23:05:00,14 sept 2026,07:25:00,1,null,12 sept 2026,Sep-2026,2026Q3,LA,2468,LIM,JFK,LIMJFK,00:05:00,08:10:00,00:05:00,09:10:00,05:05:00,13:10:00,NO,763,BASE,NO,01:00:00,FP,08:05:00,null,SI,NO,03:00:00,1,2,1,null,1,23:05:00,23:05:00,11 sept 2026,11 sept 2026,23:05:00,09:40:00,12 sept 2026,08:40:00,12 sept 2026,08:40:00,12 sept 2026,09:35:00,13:00:00,37:19:00,5092,0,0,1,0,6,-77.12,-73.78,Este," ",0,0,0,08:05:00,INT,4.004,00:00:00,00:00:00,12 sept 2026,J,INT
293,4,null,LIM,27 sept 2026,23:05:00,30 sept 2026,07:25:00,1,null,28 sept 2026,Sep-2026,2026Q3,LA,2468,LIM,JFK,LIMJFK,00:05:00,08:10:00,00:05:00,09:10:00,05:05:00,13:10:00,NO,763,BASE,NO,01:00:00,FP,08:05:00,null,SI,NO,03:00:00,1,2,1,null,1,23:05:00,23:05:00,27 sept 2026,27 sept 2026,23:05:00,09:40:00,28 sept 2026,08:40:00,28 sept 2026,08:40:00,28 sept 2026,09:35:00,13:00:00,37:19:00,5092,0,0,1,0,6,-77.12,-73.78,Este," ",0,0,0,08:05:00,INT,4.004,00:00:00,00:00:00,28 sept 2026,J,INT
28,4,null,LIM,1 sept 2026,23:05:00,4 sept 2026,07:25:00,1,null,2 sept 2026,Sep-2026,2026Q3,LA,2468,LIM,JFK,LIMJFK,00:05:00,08:10:00,00:05:00,09:10:00,05:05:00,13:10:00,NO,763,BASE,NO,01:00:00,FP,08:05:00,null,SI,NO,03:00:00,1,2,1,null,1,23:05:00,23:05:00,1 sept 2026,1 sept 2026,23:05:00,09:40:00,2 sept 2026,08:40:00,2 sept 2026,08:40:00,2 sept 2026,09:35:00,13:00:00,37:19:00,5092,0,0,1,0,6,-77.12,-73.78,Este," ",0,0,0,08:05:00,INT,4.004,00:00:00,00:00:00,2 sept 2026,J,INT
119,4,null,LIM,10 sept 2026,23:05:00,13 sept 2026,07:25:00,1,null,11 sept 2026,Sep-2026,2026Q3,LA,2468,LIM,JFK,LIMJFK,00:05:00,08:10:00,00:05:00,09:10:00,05:05:00,13:10:00,NO,763,BASE,NO,01:00:00,FP,08:05:00,null,SI,NO,03:00:00,1,2,1,null,1,23:05:00,23:05:00,10 sept 2026,10 sept 2026,23:05:00,09:40:00,11 sept 2026,08:40:00,11 sept 2026,08:40:00,11 sept 2026,09:35:00,13:00:00,37:19:00,5092,0,0,1,0,6,-77.12,-73.78,Este," ",0,0,0,08:05:00,INT,4.004,00:00:00,00:00:00,11 sept 2026,J,INT
3,4,LA2468290826,LIM,29 ago 2026,23:05:00,1 sept 2026,07:25:00,1,null,30 ago 2026,Aug-2026,2026Q3,LA,2468,LIM,JFK,LIMJFK,00:05:00,08:15:00,00:05:00,09:15:00,05:05:00,13:15:00,NO,763,BASE,NO,01:00:00,FP,08:10:00,null,SI,NO,03:00:00,1,2,1,null,1,23:05:00,23:05:00,29 ago 2026,29 ago 2026,23:05:00,09:45:00,30 ago 2026,08:45:00,30 ago 2026,08:45:00,30 ago 2026,09:40:00,13:00:00,37:14:00,5088,0,0,1,0,6,-77.12,-73.78,Este," ",0,0,0,08:10:00,INT,4.025,00:00:00,00:00:00,30 ago 2026,J,INT
10,4,LA2468300826,LIM,30 ago 2026,23:05:00,2 sept 2026,07:25:00,1,null,31 ago 2026,Aug-2026,2026Q3,LA,2468,LIM,JFK,LIMJFK,00:05:00,08:15:00,00:05:00,09:15:00,05:05:00,13:15:00,NO,763,BASE,NO,01:00:00,FP,08:10:00,null,SI,NO,03:00:00,1,2,1,null,1,23:05:00,23:05:00,30 ago 2026,30 ago 2026,23:05:00,09:45:00,31 ago 2026,08:45:00,31 ago 2026,08:45:00,31 ago 2026,09:40:00,13:00:00,37:14:00,5088,0,0,1,0,6,-77.12,-73.78,Este," ",0,0,0,08:10:00,INT,4.025,00:00:00,00:00:00,31 ago 2026,J,INT
41,3,null,LIM,2 sept 2026,23:40:00,4 sept 2026,22:40:00,1,null,3 sept 2026,Sep-2026,2026Q3,LA,2478,LIM,LAX,LIMLAX,00:40:00,09:50:00,00:40:00,07:50:00,05:40:00,14:50:00,NO,763,BASE,NO,01:00:00,FP,09:10:00,null,SI,NO,03:00:00,1,2,1,null,1,23:40:00,23:40:00,2 sept 2026,2 sept 2026,23:40:00,08:20:00,3 sept 2026,10:20:00,3 sept 2026,10:20:00,3 sept 2026,10:40:00,13:00:00,26:10:00,4434,0,0,1,0,6,-77.12,-118.4,Oeste," ",0,0,0,09:10:00,INT,5.944,00:00:00,00:00:00,3 sept 2026,J,INT
325,3,null,LIM,30 sept 2026,23:40:00,2 oct 2026,22:40:00,1,null,1 oct 2026,Oct-2026,2026Q3,LA,2478,LIM,LAX,LIMLAX,00:40:00,09:50:00,00:40:00,07:50:00,05:40:00,14:50:00,NO,763,BASE,NO,01:00:00,FP,09:10:00,null,SI,NO,03:00:00,1,2,1,null,1,23:40:00,23:40:00,30 sept 2026,30 sept 2026,23:40:00,08:20:00,1 oct 2026,10:20:00,1 oct 2026,10:20:00,1 oct 2026,10:40:00,13:00:00,26:10:00,4434,0,0,1,0,6,-77.12,-118.4,Oeste," ",0,0,0,09:10:00,INT,5.944,00:00:00,00:00:00,1 oct 2026,J,INT
215,3,null,LIM,19 sept 2026,23:40:00,21 sept 2026,22:40:00,1,null,20 sept 2026,Sep-2026,2026Q3,LA,2478,LIM,LAX,LIMLAX,00:40:00,09:50:00,00:40:00,07:50:00,05:40:00,14:50:00,NO,763,BASE,NO,01:00:00,FP,09:10:00,null,SI,NO,03:00:00,1,2,1,null,1,23:40:00,23:40:00,19 sept 2026,19 sept 2026,23:40:00,08:20:00,20 sept 2026,10:20:00,20 sept 2026,10:20:00,20 sept 2026,10:40:00,13:00:00,26:10:00,4434,0,0,1,0,6,-77.12,-118.4,Oeste," ",0,0,0,09:10:00,INT,5.944,00:00:00,00:00:00,20 sept 2026,J,INT
193,3,null,LIM,17 sept 2026,23:40:00,19 sept 2026,22:40:00,1,null,18 sept 2026,Sep-2026,2026Q3,LA,2478,LIM,LAX,LIMLAX,00:40:00,09:50:00,00:40:00,07:50:00,05:40:00,14:50:00,NO,763,BASE,NO,01:00:00,FP,09:10:00,null,SI,NO,03:00:00,1,2,1,null,1,23:40:00,23:40:00,17 sept 2026,17 sept 2026,23:40:00,08:20:00,18 sept 2026,10:20:00,18 sept 2026,10:20:00,18 sept 2026,10:40:00,13:00:00,26:10:00,4434,0,0,1,0,6,-77.12,-118.4,Oeste," ",0,0,0,09:10:00,INT,5.944,00:00:00,00:00:00,18 sept 2026,J,INT
315,3,null,LIM,29 sept 2026,23:40:00,1 oct 2026,22:40:00,1,null,30 sept 2026,Sep-2026,2026Q3,LA,2478,LIM,LAX,LIMLAX,00:40:00,09:50:00,00:40:00,07:50:00,05:40:00,14:50:00,NO,763,BASE,NO,01:00:00,FP,09:10:00,null,SI,NO,03:00:00,1,2,1,null,1,23:40:00,23:40:00,29 sept 2026,29 sept 2026,23:40:00,08:20:00,30 sept 2026,10:20:00,30 sept 2026,10:20:00,30 sept 2026,10:40:00,13:00:00,26:10:00,4434,0,0,1,0,6,-77.12,-118.4,Oeste," ",0,0,0,09:10:00,INT,5.944,00:00:00,00:00:00,30 sept 2026,J,INT
244,3,null,LIM,22 sept 2026,23:40:00,24 sept 2026,22:40:00,1,null,23 sept 2026,Sep-2026,2026Q3,LA,2478,LIM,LAX,LIMLAX,00:40:00,09:50:00,00:40:00,07:50:00,05:40:00,14:50:00,NO,763,BASE,NO,01:00:00,FP,09:10:00,null,SI,NO,03:00:00,1,2,1,null,1,23:40:00,23:40:00,22 sept 2026,22 sept 2026,23:40:00,08:20:00,23 sept 2026,10:20:00,23 sept 2026,10:20:00,23 sept 2026,10:40:00,13:00:00,26:10:00,4434,0,0,1,0,6,-77.12,-118.4,Oeste," ",0,0,0,09:10:00,INT,5.944,00:00:00,00:00:00,23 sept 2026,J,INT
183,3,null,LIM,16 sept 2026,23:40:00,18 sept 2026,22:40:00,1,null,17 sept 2026,Sep-2026,2026Q3,LA,2478,LIM,LAX,LIMLAX,00:40:00,09:50:00,00:40:00,07:50:00,05:40:00,14:50:00,NO,763,BASE,NO,01:00:00,FP,09:10:00,null,SI,NO,03:00:00,1,2,1,null,1,23:40:00,23:40:00,16 sept 2026,16 sept 2026,23:40:00,08:20:00,17 sept 2026,10:20:00,17 sept 2026,10:20:00,17 sept 2026,10:40:00,13:00:00,26:10:00,4434,0,0,1,0,6,-77.12,-118.4,Oeste," ",0,0,0,09:10:00,INT,5.944,00:00:00,00:00:00,17 sept 2026,J,INT
144,3,null,LIM,12 sept 2026,23:40:00,14 sept 2026,22:40:00,1,null,13 sept 2026,Sep-2026,2026Q3,LA,2478,LIM,LAX,LIMLAX,00:40:00,09:50:00,00:40:00,07:50:00,05:40:00,14:50:00,NO,763,BASE,NO,01:00:00,FP,09:10:00,null,SI,NO,03:00:00,1,2,1,null,1,23:40:00,23:40:00,12 sept 2026,12 sept 2026,23:40:00,08:20:00,13 sept 2026,10:20:00,13 sept 2026,10:20:00,13 sept 2026,10:40:00,13:00:00,26:10:00,4434,0,0,1,0,6,-77.12,-118.4,Oeste," ",0,0,0,09:10:00,INT,5.944,00:00:00,00:00:00,13 sept 2026,J,INT
235,3,null,LIM,21 sept 2026,23:40:00,23 sept 2026,22:40:00,1,null,22 sept 2026,Sep-2026,2026Q3,LA,2478,LIM,LAX,LIMLAX,00:40:00,09:50:00,00:40:00,07:50:00,05:40:00,14:50:00,NO,763,BASE,NO,01:00:00,FP,09:10:00,null,SI,NO,03:00:00,1,2,1,null,1,23:40:00,23:40:00,21 sept 2026,21 sept 2026,23:40:00,08:20:00,22 sept 2026,10:20:00,22 sept 2026,10:20:00,22 sept 2026,10:40:00,13:00:00,26:10:00,4434,0,0,1,0,6,-77.12,-118.4,Oeste," ",0,0,0,09:10:00,INT,5.944,00:00:00,00:00:00,22 sept 2026,J,INT
31,3,null,LIM,1 sept 2026,23:40:00,3 sept 2026,22:40:00,1,null,2 sept 2026,Sep-2026,2026Q3,LA,2478,LIM,LAX,LIMLAX,00:40:00,09:50:00,00:40:00,07:50:00,05:40:00,14:50:00,NO,763,BASE,NO,01:00:00,FP,09:10:00,null,SI,NO,03:00:00,1,2,1,null,1,23:40:00,23:40:00,1 sept 2026,1 sept 2026,23:40:00,08:20:00,2 sept 2026,10:20:00,2 sept 2026,10:20:00,2 sept 2026,10:40:00,13:00:00,26:10:00,4434,0,0,1,0,6,-77.12,-118.4,Oeste," ",0,0,0,09:10:00,INT,5.944,00:00:00,00:00:00,2 sept 2026,J,INT
73,3,null,LIM,5 sept 2026,23:40:00,7 sept 2026,22:40:00,1,null,6 sept 2026,Sep-2026,2026Q3,LA,2478,LIM,LAX,LIMLAX,00:40:00,09:50:00,00:40:00,07:50:00,05:40:00,14:50:00,NO,763,BASE,NO,01:00:00,FP,09:10:00,null,SI,NO,03:00:00,1,2,1,null,1,23:40:00,23:40:00,5 sept 2026,5 sept 2026,23:40:00,08:20:00,6 sept 2026,10:20:00,6 sept 2026,10:20:00,6 sept 2026,10:40:00,13:00:00,26:10:00,4434,0,0,1,0,6,-77.12,-118.4,Oeste," ",0,0,0,09:10:00,INT,5.944,00:00:00,00:00:00,6 sept 2026,J,INT
83,3,null,LIM,6 sept 2026,23:40:00,8 sept 2026,22:40:00,1,null,7 sept 2026,Sep-2026,2026Q3,LA,2478,LIM,LAX,LIMLAX,00:40:00,09:50:00,00:40:00,07:50:00,05:40:00,14:50:00,NO,763,BASE,NO,01:00:00,FP,09:10:00,null,SI,NO,03:00:00,1,2,1,null,1,23:40:00,23:40:00,6 sept 2026,6 sept 2026,23:40:00,08:20:00,7 sept 2026,10:20:00,7 sept 2026,10:20:00,7 sept 2026,10:40:00,13:00:00,26:10:00,4434,0,0,1,0,6,-77.12,-118.4,Oeste," ",0,0,0,09:10:00,INT,5.944,00:00:00,00:00:00,7 sept 2026,J,INT
254,3,null,LIM,23 sept 2026,23:40:00,25 sept 2026,22:40:00,1,null,24 sept 2026,Sep-2026,2026Q3,LA,2478,LIM,LAX,LIMLAX,00:40:00,09:50:00,00:40:00,07:50:00,05:40:00,14:50:00,NO,763,BASE,NO,01:00:00,FP,09:10:00,null,SI,NO,03:00:00,1,2,1,null,1,23:40:00,23:40:00,23 sept 2026,23 sept 2026,23:40:00,08:20:00,24 sept 2026,10:20:00,24 sept 2026,10:20:00,24 sept 2026,10:40:00,13:00:00,26:10:00,4434,0,0,1,0,6,-77.12,-118.4,Oeste," ",0,0,0,09:10:00,INT,5.944,00:00:00,00:00:00,24 sept 2026,J,INT
306,3,null,LIM,28 sept 2026,23:40:00,30 sept 2026,22:40:00,1,null,29 sept 2026,Sep-2026,2026Q3,LA,2478,LIM,LAX,LIMLAX,00:40:00,09:50:00,00:40:00,07:50:00,05:40:00,14:50:00,NO,763,BASE,NO,01:00:00,FP,09:10:00,null,SI,NO,03:00:00,1,2,1,null,1,23:40:00,23:40:00,28 sept 2026,28 sept 2026,23:40:00,08:20:00,29 sept 2026,10:20:00,29 sept 2026,10:20:00,29 sept 2026,10:40:00,13:00:00,26:10:00,4434,0,0,1,0,6,-77.12,-118.4,Oeste," ",0,0,0,09:10:00,INT,5.944,00:00:00,00:00:00,29 sept 2026,J,INT
102,3,null,LIM,8 sept 2026,23:40:00,10 sept 2026,22:40:00,1,null,9 sept 2026,Sep-2026,2026Q3,LA,2478,LIM,LAX,LIMLAX,00:40:00,09:50:00,00:40:00,07:50:00,05:40:00,14:50:00,NO,763,BASE,NO,01:00:00,FP,09:10:00,null,SI,NO,03:00:00,1,2,1,null,1,23:40:00,23:40:00,8 sept 2026,8 sept 2026,23:40:00,08:20:00,9 sept 2026,10:20:00,9 sept 2026,10:20:00,9 sept 2026,10:40:00,13:00:00,26:10:00,4434,0,0,1,0,6,-77.12,-118.4,Oeste," ",0,0,0,09:10:00,INT,5.944,00:00:00,00:00:00,9 sept 2026,J,INT
22,3,LA2478310826,LIM,31 ago 2026,23:40:00,2 sept 2026,22:40:00,1,null,1 sept 2026,Sep-2026,2026Q3,LA,2478,LIM,LAX,LIMLAX,00:40:00,09:50:00,00:40:00,07:50:00,05:40:00,14:50:00,NO,763,BASE,NO,01:00:00,FP,09:10:00,null,SI,NO,03:00:00,1,2,1,null,1,23:40:00,23:40:00,31 ago 2026,31 ago 2026,23:40:00,08:20:00,1 sept 2026,10:20:00,1 sept 2026,10:20:00,1 sept 2026,10:40:00,13:00:00,26:10:00,4434,0,0,1,0,6,-77.12,-118.4,Oeste," ",0,0,0,09:10:00,INT,5.944,00:00:00,00:00:00,1 sept 2026,J,INT
164,3,null,LIM,14 sept 2026,23:40:00,16 sept 2026,22:40:00,1,null,15 sept 2026,Sep-2026,2026Q3,LA,2478,LIM,LAX,LIMLAX,00:40:00,09:50:00,00:40:00,07:50:00,05:40:00,14:50:00,NO,763,BASE,NO,01:00:00,FP,09:10:00,null,SI,NO,03:00:00,1,2,1,null,1,23:40:00,23:40:00,14 sept 2026,14 sept 2026,23:40:00,08:20:00,15 sept 2026,10:20:00,15 sept 2026,10:20:00,15 sept 2026,10:40:00,13:00:00,26:10:00,4434,0,0,1,0,6,-77.12,-118.4,Oeste," ",0,0,0,09:10:00,INT,5.944,00:00:00,00:00:00,15 sept 2026,J,INT
275,3,null,LIM,25 sept 2026,23:40:00,27 sept 2026,22:40:00,1,null,26 sept 2026,Sep-2026,2026Q3,LA,2478,LIM,LAX,LIMLAX,00:40:00,09:50:00,00:40:00,07:50:00,05:40:00,14:50:00,NO,763,BASE,NO,01:00:00,FP,09:10:00,null,SI,NO,03:00:00,1,2,1,null,1,23:40:00,23:40:00,25 sept 2026,25 sept 2026,23:40:00,08:20:00,26 sept 2026,10:20:00,26 sept 2026,10:20:00,26 sept 2026,10:40:00,13:00:00,26:10:00,4434,0,0,1,0,6,-77.12,-118.4,Oeste," ",0,0,0,09:10:00,INT,5.944,00:00:00,00:00:00,26 sept 2026,J,INT
62,3,null,LIM,4 sept 2026,23:40:00,6 sept 2026,22:40:00,1,null,5 sept 2026,Sep-2026,2026Q3,LA,2478,LIM,LAX,LIMLAX,00:40:00,09:50:00,00:40:00,07:50:00,05:40:00,14:50:00,NO,763,BASE,NO,01:00:00,FP,09:10:00,null,SI,NO,03:00:00,1,2,1,null,1,23:40:00,23:40:00,4 sept 2026,4 sept 2026,23:40:00,08:20:00,5 sept 2026,10:20:00,5 sept 2026,10:20:00,5 sept 2026,10:40:00,13:00:00,26:10:00,4434,0,0,1,0,6,-77.12,-118.4,Oeste," ",0,0,0,09:10:00,INT,5.944,00:00:00,00:00:00,5 sept 2026,J,INT
112,3,null,LIM,9 sept 2026,23:40:00,11 sept 2026,22:40:00,1,null,10 sept 2026,Sep-2026,2026Q3,LA,2478,LIM,LAX,LIMLAX,00:40:00,09:50:00,00:40:00,07:50:00,05:40:00,14:50:00,NO,763,BASE,NO,01:00:00,FP,09:10:00,null,SI,NO,03:00:00,1,2,1,null,1,23:40:00,23:40:00,9 sept 2026,9 sept 2026,23:40:00,08:20:00,10 sept 2026,10:20:00,10 sept 2026,10:20:00,10 sept 2026,10:40:00,13:00:00,26:10:00,4434,0,0,1,0,6,-77.12,-118.4,Oeste," ",0,0,0,09:10:00,INT,5.944,00:00:00,00:00:00,10 sept 2026,J,INT
286,3,null,LIM,26 sept 2026,23:40:00,28 sept 2026,22:40:00,1,null,27 sept 2026,Sep-2026,2026Q3,LA,2478,LIM,LAX,LIMLAX,00:40:00,09:50:00,00:40:00,07:50:00,05:40:00,14:50:00,NO,763,BASE,NO,01:00:00,FP,09:10:00,null,SI,NO,03:00:00,1,2,1,null,1,23:40:00,23:40:00,26 sept 2026,26 sept 2026,23:40:00,08:20:00,27 sept 2026,10:20:00,27 sept 2026,10:20:00,27 sept 2026,10:40:00,13:00:00,26:10:00,4434,0,0,1,0,6,-77.12,-118.4,Oeste," ",0,0,0,09:10:00,INT,5.944,00:00:00,00:00:00,27 sept 2026,J,INT
122,3,null,LIM,10 sept 2026,23:40:00,12 sept 2026,22:40:00,1,null,11 sept 2026,Sep-2026,2026Q3,LA,2478,LIM,LAX,LIMLAX,00:40:00,09:50:00,00:40:00,07:50:00,05:40:00,14:50:00,NO,763,BASE,NO,01:00:00,FP,09:10:00,null,SI,NO,03:00:00,1,2,1,null,1,23:40:00,23:40:00,10 sept 2026,10 sept 2026,23:40:00,08:20:00,11 sept 2026,10:20:00,11 sept 2026,10:20:00,11 sept 2026,10:40:00,13:00:00,26:10:00,4434,0,0,1,0,6,-77.12,-118.4,Oeste," ",0,0,0,09:10:00,INT,5.944,00:00:00,00:00:00,11 sept 2026,J,INT
296,3,null,LIM,27 sept 2026,23:40:00,29 sept 2026,22:40:00,1,null,28 sept 2026,Sep-2026,2026Q3,LA,2478,LIM,LAX,LIMLAX,00:40:00,09:50:00,00:40:00,07:50:00,05:40:00,14:50:00,NO,763,BASE,NO,01:00:00,FP,09:10:00,null,SI,NO,03:00:00,1,2,1,null,1,23:40:00,23:40:00,27 sept 2026,27 sept 2026,23:40:00,08:20:00,28 sept 2026,10:20:00,28 sept 2026,10:20:00,28 sept 2026,10:40:00,13:00:00,26:10:00,4434,0,0,1,0,6,-77.12,-118.4,Oeste," ",0,0,0,09:10:00,INT,5.944,00:00:00,00:00:00,28 sept 2026,J,INT
173,3,null,LIM,15 sept 2026,23:40:00,17 sept 2026,22:40:00,1,null,16 sept 2026,Sep-2026,2026Q3,LA,2478,LIM,LAX,LIMLAX,00:40:00,09:50:00,00:40:00,07:50:00,05:40:00,14:50:00,NO,763,BASE,NO,01:00:00,FP,09:10:00,null,SI,NO,03:00:00,1,2,1,null,1,23:40:00,23:40:00,15 sept 2026,15 sept 2026,23:40:00,08:20:00,16 sept 2026,10:20:00,16 sept 2026,10:20:00,16 sept 2026,10:40:00,13:00:00,26:10:00,4434,0,0,1,0,6,-77.12,-118.4,Oeste," ",0,0,0,09:10:00,INT,5.944,00:00:00,00:00:00,16 sept 2026,J,INT
133,3,null,LIM,11 sept 2026,23:40:00,13 sept 2026,22:40:00,1,null,12 sept 2026,Sep-2026,2026Q3,LA,2478,LIM,LAX,LIMLAX,00:40:00,09:50:00,00:40:00,07:50:00,05:40:00,14:50:00,NO,763,BASE,NO,01:00:00,FP,09:10:00,null,SI,NO,03:00:00,1,2,1,null,1,23:40:00,23:40:00,11 sept 2026,11 sept 2026,23:40:00,08:20:00,12 sept 2026,10:20:00,12 sept 2026,10:20:00,12 sept 2026,10:40:00,13:00:00,26:10:00,4434,0,0,1,0,6,-77.12,-118.4,Oeste," ",0,0,0,09:10:00,INT,5.944,00:00:00,00:00:00,12 sept 2026,J,INT
93,3,null,LIM,7 sept 2026,23:40:00,9 sept 2026,22:40:00,1,null,8 sept 2026,Sep-2026,2026Q3,LA,2478,LIM,LAX,LIMLAX,00:40:00,09:50:00,00:40:00,07:50:00,05:40:00,14:50:00,NO,763,BASE,NO,01:00:00,FP,09:10:00,null,SI,NO,03:00:00,1,2,1,null,1,23:40:00,23:40:00,7 sept 2026,7 sept 2026,23:40:00,08:20:00,8 sept 2026,10:20:00,8 sept 2026,10:20:00,8 sept 2026,10:40:00,13:00:00,26:10:00,4434,0,0,1,0,6,-77.12,-118.4,Oeste," ",0,0,0,09:10:00,INT,5.944,00:00:00,00:00:00,8 sept 2026,J,INT
204,3,null,LIM,18 sept 2026,23:40:00,20 sept 2026,22:40:00,1,null,19 sept 2026,Sep-2026,2026Q3,LA,2478,LIM,LAX,LIMLAX,00:40:00,09:50:00,00:40:00,07:50:00,05:40:00,14:50:00,NO,763,BASE,NO,01:00:00,FP,09:10:00,null,SI,NO,03:00:00,1,2,1,null,1,23:40:00,23:40:00,18 sept 2026,18 sept 2026,23:40:00,08:20:00,19 sept 2026,10:20:00,19 sept 2026,10:20:00,19 sept 2026,10:40:00,13:00:00,26:10:00,4434,0,0,1,0,6,-77.12,-118.4,Oeste," ",0,0,0,09:10:00,INT,5.944,00:00:00,00:00:00,19 sept 2026,J,INT
154,3,null,LIM,13 sept 2026,23:40:00,15 sept 2026,22:40:00,1,null,14 sept 2026,Sep-2026,2026Q3,LA,2478,LIM,LAX,LIMLAX,00:40:00,09:50:00,00:40:00,07:50:00,05:40:00,14:50:00,NO,763,BASE,NO,01:00:00,FP,09:10:00,null,SI,NO,03:00:00,1,2,1,null,1,23:40:00,23:40:00,13 sept 2026,13 sept 2026,23:40:00,08:20:00,14 sept 2026,10:20:00,14 sept 2026,10:20:00,14 sept 2026,10:40:00,13:00:00,26:10:00,4434,0,0,1,0,6,-77.12,-118.4,Oeste," ",0,0,0,09:10:00,INT,5.944,00:00:00,00:00:00,14 sept 2026,J,INT
13,3,LA2478300826,LIM,30 ago 2026,23:40:00,1 sept 2026,22:40:00,1,null,31 ago 2026,Aug-2026,2026Q3,LA,2478,LIM,LAX,LIMLAX,00:40:00,09:50:00,00:40:00,07:50:00,05:40:00,14:50:00,NO,763,BASE,NO,01:00:00,FP,09:10:00,null,SI,NO,03:00:00,1,2,1,null,1,23:40:00,23:40:00,30 ago 2026,30 ago 2026,23:40:00,08:20:00,31 ago 2026,10:20:00,31 ago 2026,10:20:00,31 ago 2026,10:40:00,13:00:00,26:10:00,4434,0,0,1,0,6,-77.12,-118.4,Oeste," ",0,0,0,09:10:00,INT,5.944,00:00:00,00:00:00,31 ago 2026,J,INT
51,3,null,LIM,3 sept 2026,23:40:00,5 sept 2026,22:40:00,1,null,4 sept 2026,Sep-2026,2026Q3,LA,2478,LIM,LAX,LIMLAX,00:40:00,09:50:00,00:40:00,07:50:00,05:40:00,14:50:00,NO,763,BASE,NO,01:00:00,FP,09:10:00,null,SI,NO,03:00:00,1,2,1,null,1,23:40:00,23:40:00,3 sept 2026,3 sept 2026,23:40:00,08:20:00,4 sept 2026,10:20:00,4 sept 2026,10:20:00,4 sept 2026,10:40:00,13:00:00,26:10:00,4434,0,0,1,0,6,-77.12,-118.4,Oeste," ",0,0,0,09:10:00,INT,5.944,00:00:00,00:00:00,4 sept 2026,J,INT
225,3,null,LIM,20 sept 2026,23:40:00,22 sept 2026,22:40:00,1,null,21 sept 2026,Sep-2026,2026Q3,LA,2478,LIM,LAX,LIMLAX,00:40:00,09:50:00,00:40:00,07:50:00,05:40:00,14:50:00,NO,763,BASE,NO,01:00:00,FP,09:10:00,null,SI,NO,03:00:00,1,2,1,null,1,23:40:00,23:40:00,20 sept 2026,20 sept 2026,23:40:00,08:20:00,21 sept 2026,10:20:00,21 sept 2026,10:20:00,21 sept 2026,10:40:00,13:00:00,26:10:00,4434,0,0,1,0,6,-77.12,-118.4,Oeste," ",0,0,0,09:10:00,INT,5.944,00:00:00,00:00:00,21 sept 2026,J,INT
264,3,null,LIM,24 sept 2026,23:40:00,26 sept 2026,22:40:00,1,null,25 sept 2026,Sep-2026,2026Q3,LA,2478,LIM,LAX,LIMLAX,00:40:00,09:50:00,00:40:00,07:50:00,05:40:00,14:50:00,NO,763,BASE,NO,01:00:00,FP,09:10:00,null,SI,NO,03:00:00,1,2,1,null,1,23:40:00,23:40:00,24 sept 2026,24 sept 2026,23:40:00,08:20:00,25 sept 2026,10:20:00,25 sept 2026,10:20:00,25 sept 2026,10:40:00,13:00:00,26:10:00,4434,0,0,1,0,6,-77.12,-118.4,Oeste," ",0,0,0,09:10:00,INT,5.944,00:00:00,00:00:00,25 sept 2026,J,INT
6,null,LA2690300826,LIM,30 ago 2026,11:00:00,2 sept 2026,21:30:00,null,1,2 sept 2026,Sep-2026,2026Q3,LA,2691,JFK,LIM,JFKLIM,13:00:00,21:00:00,14:00:00,21:00:00,18:00:00,02:00:00,NO,763,OUT,TOUCH,01:00:00,FP,08:00:00,null,SI,NO,02:10:00,2,4,1,null,1,12:00:00,13:00:00,2 sept 2026,2 sept 2026,12:00:00,21:30:00,2 sept 2026,21:30:00,2 sept 2026,21:30:00,2 sept 2026,09:30:00,13:00:00,null,4226,0,0,1,0,6,-73.78,-77.12,Oeste," ",0,0,0,08:00:00,INT,4.041,00:00:00,00:00:00,2 sept 2026,J,INT
147,null,null,LIM,13 sept 2026,11:00:00,16 sept 2026,21:30:00,null,1,16 sept 2026,Sep-2026,2026Q3,LA,2691,JFK,LIM,JFKLIM,13:00:00,21:00:00,14:00:00,21:00:00,18:00:00,02:00:00,NO,763,OUT,TOUCH,01:00:00,FP,08:00:00,null,SI,NO,02:10:00,2,4,1,null,1,12:00:00,13:00:00,16 sept 2026,16 sept 2026,12:00:00,21:30:00,16 sept 2026,21:30:00,16 sept 2026,21:30:00,16 sept 2026,09:30:00,13:00:00,null,4220,0,0,1,0,6,-73.78,-77.12,Oeste," ",0,0,0,08:00:00,INT,4.02,00:00:00,00:00:00,16 sept 2026,J,INT
76,null,null,LIM,6 sept 2026,11:00:00,9 sept 2026,21:30:00,null,1,9 sept 2026,Sep-2026,2026Q3,LA,2691,JFK,LIM,JFKLIM,13:00:00,21:00:00,14:00:00,21:00:00,18:00:00,02:00:00,NO,763,OUT,TOUCH,01:00:00,FP,08:00:00,null,SI,NO,02:10:00,2,4,1,null,1,12:00:00,13:00:00,9 sept 2026,9 sept 2026,12:00:00,21:30:00,9 sept 2026,21:30:00,9 sept 2026,21:30:00,9 sept 2026,09:30:00,13:00:00,null,4220,0,0,1,0,6,-73.78,-77.12,Oeste," ",0,0,0,08:00:00,INT,4.02,00:00:00,00:00:00,9 sept 2026,J,INT
218,null,null,LIM,20 sept 2026,11:00:00,23 sept 2026,21:30:00,null,1,23 sept 2026,Sep-2026,2026Q3,LA,2691,JFK,LIM,JFKLIM,13:00:00,21:00:00,14:00:00,21:00:00,18:00:00,02:00:00,NO,763,OUT,TOUCH,01:00:00,FP,08:00:00,null,SI,NO,02:10:00,2,4,1,null,1,12:00:00,13:00:00,23 sept 2026,23 sept 2026,12:00:00,21:30:00,23 sept 2026,21:30:00,23 sept 2026,21:30:00,23 sept 2026,09:30:00,13:00:00,null,4220,0,0,1,0,6,-73.78,-77.12,Oeste," ",0,0,0,08:00:00,INT,4.02,00:00:00,00:00:00,23 sept 2026,J,INT
289,null,null,LIM,27 sept 2026,11:00:00,30 sept 2026,21:30:00,null,1,30 sept 2026,Sep-2026,2026Q3,LA,2691,JFK,LIM,JFKLIM,13:00:00,21:00:00,14:00:00,21:00:00,18:00:00,02:00:00,NO,763,OUT,TOUCH,01:00:00,FP,08:00:00,null,SI,NO,02:10:00,2,4,1,null,1,12:00:00,13:00:00,30 sept 2026,30 sept 2026,12:00:00,21:30:00,30 sept 2026,21:30:00,30 sept 2026,21:30:00,30 sept 2026,09:30:00,13:00:00,null,4220,0,0,1,0,6,-73.78,-77.12,Oeste," ",0,0,0,08:00:00,INT,4.02,00:00:00,00:00:00,30 sept 2026,J,INT
220,5,null,LIM,20 sept 2026,12:30:00,24 sept 2026,01:40:00,1,null,20 sept 2026,Sep-2026,2026Q3,LA,2935,LIM,GRU,LIMGRU,13:30:00,18:10:00,13:30:00,20:10:00,18:30:00,23:10:00,NO,763,BASE,NO,01:00:00,FP,04:40:00,null,SI,NO,04:00:00,1,1,1,null,1,12:30:00,12:30:00,20 sept 2026,20 sept 2026,12:30:00,20:40:00,20 sept 2026,18:40:00,20 sept 2026,18:40:00,20 sept 2026,06:10:00,13:00:00,72:00:00,4172,0,0,1,0,4,-77.12,-46.47,Este," ",0,0,0,04:40:00,INT,2.033,00:00:00,00:00:00,20 sept 2026,J,REG
291,5,null,LIM,27 sept 2026,12:30:00,1 oct 2026,01:40:00,1,null,27 sept 2026,Sep-2026,2026Q3,LA,2935,LIM,GRU,LIMGRU,13:30:00,18:10:00,13:30:00,20:10:00,18:30:00,23:10:00,NO,763,BASE,NO,01:00:00,FP,04:40:00,null,SI,NO,04:00:00,1,1,1,null,1,12:30:00,12:30:00,27 sept 2026,27 sept 2026,12:30:00,20:40:00,27 sept 2026,18:40:00,27 sept 2026,18:40:00,27 sept 2026,06:10:00,13:00:00,72:00:00,4172,0,0,1,0,4,-77.12,-46.47,Este," ",0,0,0,04:40:00,INT,2.033,00:00:00,00:00:00,27 sept 2026,J,REG
320,4,null,LIM,30 sept 2026,12:30:00,3 oct 2026,01:40:00,1,null,30 sept 2026,Sep-2026,2026Q3,LA,2935,LIM,GRU,LIMGRU,13:30:00,18:10:00,13:30:00,20:10:00,18:30:00,23:10:00,NO,763,BASE,NO,01:00:00,FP,04:40:00,null,SI,NO,04:00:00,1,1,1,null,1,12:30:00,12:30:00,30 sept 2026,30 sept 2026,12:30:00,20:40:00,30 sept 2026,18:40:00,30 sept 2026,18:40:00,30 sept 2026,06:10:00,13:00:00,48:00:00,4172,0,0,1,0,4,-77.12,-46.47,Este," ",0,0,0,04:40:00,INT,2.541,00:00:00,00:00:00,30 sept 2026,J,REG
128,4,null,LIM,11 sept 2026,12:30:00,14 sept 2026,01:40:00,1,null,11 sept 2026,Sep-2026,2026Q3,LA,2935,LIM,GRU,LIMGRU,13:30:00,18:10:00,13:30:00,20:10:00,18:30:00,23:10:00,NO,763,BASE,NO,01:00:00,FP,04:40:00,null,SI,NO,04:00:00,1,1,1,null,1,12:30:00,12:30:00,11 sept 2026,11 sept 2026,12:30:00,20:40:00,11 sept 2026,18:40:00,11 sept 2026,18:40:00,11 sept 2026,06:10:00,13:00:00,48:00:00,4172,0,0,1,0,4,-77.12,-46.47,Este," ",0,0,0,04:40:00,INT,2.541,00:00:00,00:00:00,11 sept 2026,J,REG
78,5,null,LIM,6 sept 2026,12:30:00,10 sept 2026,01:40:00,1,null,6 sept 2026,Sep-2026,2026Q3,LA,2935,LIM,GRU,LIMGRU,13:30:00,18:10:00,13:30:00,20:10:00,18:30:00,23:10:00,NO,763,BASE,NO,01:00:00,FP,04:40:00,null,SI,NO,04:00:00,1,1,1,null,1,12:30:00,12:30:00,6 sept 2026,6 sept 2026,12:30:00,20:40:00,6 sept 2026,18:40:00,6 sept 2026,18:40:00,6 sept 2026,06:10:00,13:00:00,72:00:00,4172,0,0,1,0,4,-77.12,-46.47,Este," ",0,0,0,04:40:00,INT,2.033,00:00:00,00:00:00,6 sept 2026,J,REG
107,4,null,LIM,9 sept 2026,12:30:00,12 sept 2026,01:40:00,1,null,9 sept 2026,Sep-2026,2026Q3,LA,2935,LIM,GRU,LIMGRU,13:30:00,18:10:00,13:30:00,20:10:00,18:30:00,23:10:00,NO,763,BASE,NO,01:00:00,FP,04:40:00,null,SI,NO,04:00:00,1,1,1,null,1,12:30:00,12:30:00,9 sept 2026,9 sept 2026,12:30:00,20:40:00,9 sept 2026,18:40:00,9 sept 2026,18:40:00,9 sept 2026,06:10:00,13:00:00,48:00:00,4172,0,0,1,0,4,-77.12,-46.47,Este," ",0,0,0,04:40:00,INT,2.541,00:00:00,00:00:00,9 sept 2026,J,REG
149,5,null,LIM,13 sept 2026,12:30:00,17 sept 2026,01:40:00,1,null,13 sept 2026,Sep-2026,2026Q3,LA,2935,LIM,GRU,LIMGRU,13:30:00,18:10:00,13:30:00,20:10:00,18:30:00,23:10:00,NO,763,BASE,NO,01:00:00,FP,04:40:00,null,SI,NO,04:00:00,1,1,1,null,1,12:30:00,12:30:00,13 sept 2026,13 sept 2026,12:30:00,20:40:00,13 sept 2026,18:40:00,13 sept 2026,18:40:00,13 sept 2026,06:10:00,13:00:00,72:00:00,4172,0,0,1,0,4,-77.12,-46.47,Este," ",0,0,0,04:40:00,INT,2.033,00:00:00,00:00:00,13 sept 2026,J,REG
178,4,null,LIM,16 sept 2026,12:30:00,19 sept 2026,01:40:00,1,null,16 sept 2026,Sep-2026,2026Q3,LA,2935,LIM,GRU,LIMGRU,13:30:00,18:10:00,13:30:00,20:10:00,18:30:00,23:10:00,NO,763,BASE,NO,01:00:00,FP,04:40:00,null,SI,NO,04:00:00,1,1,1,null,1,12:30:00,12:30:00,16 sept 2026,16 sept 2026,12:30:00,20:40:00,16 sept 2026,18:40:00,16 sept 2026,18:40:00,16 sept 2026,06:10:00,13:00:00,48:00:00,4172,0,0,1,0,4,-77.12,-46.47,Este," ",0,0,0,04:40:00,INT,2.541,00:00:00,00:00:00,16 sept 2026,J,REG
8,5,LA2935300826,LIM,30 ago 2026,12:30:00,3 sept 2026,01:40:00,1,null,30 ago 2026,Aug-2026,2026Q3,LA,2935,LIM,GRU,LIMGRU,13:30:00,18:10:00,13:30:00,20:10:00,18:30:00,23:10:00,NO,763,BASE,NO,01:00:00,FP,04:40:00,null,SI,NO,04:00:00,1,1,1,null,1,12:30:00,12:30:00,30 ago 2026,30 ago 2026,12:30:00,20:40:00,30 ago 2026,18:40:00,30 ago 2026,18:40:00,30 ago 2026,06:10:00,13:00:00,72:00:00,4172,0,0,1,0,4,-77.12,-46.47,Este," ",0,0,0,04:40:00,INT,2.033,00:00:00,00:00:00,30 ago 2026,J,REG
249,4,null,LIM,23 sept 2026,12:30:00,26 sept 2026,01:40:00,1,null,23 sept 2026,Sep-2026,2026Q3,LA,2935,LIM,GRU,LIMGRU,13:30:00,18:10:00,13:30:00,20:10:00,18:30:00,23:10:00,NO,763,BASE,NO,01:00:00,FP,04:40:00,null,SI,NO,04:00:00,1,1,1,null,1,12:30:00,12:30:00,23 sept 2026,23 sept 2026,12:30:00,20:40:00,23 sept 2026,18:40:00,23 sept 2026,18:40:00,23 sept 2026,06:10:00,13:00:00,48:00:00,4172,0,0,1,0,4,-77.12,-46.47,Este," ",0,0,0,04:40:00,INT,2.541,00:00:00,00:00:00,23 sept 2026,J,REG
36,4,null,LIM,2 sept 2026,12:30:00,5 sept 2026,01:40:00,1,null,2 sept 2026,Sep-2026,2026Q3,LA,2935,LIM,GRU,LIMGRU,13:30:00,18:10:00,13:30:00,20:10:00,18:30:00,23:10:00,NO,763,BASE,NO,01:00:00,FP,04:40:00,null,SI,NO,04:00:00,1,1,1,null,1,12:30:00,12:30:00,2 sept 2026,2 sept 2026,12:30:00,20:40:00,2 sept 2026,18:40:00,2 sept 2026,18:40:00,2 sept 2026,06:10:00,13:00:00,48:00:00,4172,0,0,1,0,4,-77.12,-46.47,Este," ",0,0,0,04:40:00,INT,2.541,00:00:00,00:00:00,2 sept 2026,J,REG
270,4,null,LIM,25 sept 2026,12:30:00,28 sept 2026,01:40:00,1,null,25 sept 2026,Sep-2026,2026Q3,LA,2935,LIM,GRU,LIMGRU,13:30:00,18:10:00,13:30:00,20:10:00,18:30:00,23:10:00,NO,763,BASE,NO,01:00:00,FP,04:40:00,null,SI,NO,04:00:00,1,1,1,null,1,12:30:00,12:30:00,25 sept 2026,25 sept 2026,12:30:00,20:40:00,25 sept 2026,18:40:00,25 sept 2026,18:40:00,25 sept 2026,06:10:00,13:00:00,48:00:00,4172,0,0,1,0,4,-77.12,-46.47,Este," ",0,0,0,04:40:00,INT,2.541,00:00:00,00:00:00,25 sept 2026,J,REG
57,4,null,LIM,4 sept 2026,12:30:00,7 sept 2026,01:40:00,1,null,4 sept 2026,Sep-2026,2026Q3,LA,2935,LIM,GRU,LIMGRU,13:30:00,18:10:00,13:30:00,20:10:00,18:30:00,23:10:00,NO,763,BASE,NO,01:00:00,FP,04:40:00,null,SI,NO,04:00:00,1,1,1,null,1,12:30:00,12:30:00,4 sept 2026,4 sept 2026,12:30:00,20:40:00,4 sept 2026,18:40:00,4 sept 2026,18:40:00,4 sept 2026,06:10:00,13:00:00,48:00:00,4172,0,0,1,0,4,-77.12,-46.47,Este," ",0,0,0,04:40:00,INT,2.541,00:00:00,00:00:00,4 sept 2026,J,REG
199,4,null,LIM,18 sept 2026,12:30:00,21 sept 2026,01:40:00,1,null,18 sept 2026,Sep-2026,2026Q3,LA,2935,LIM,GRU,LIMGRU,13:30:00,18:10:00,13:30:00,20:10:00,18:30:00,23:10:00,NO,763,BASE,NO,01:00:00,FP,04:40:00,null,SI,NO,04:00:00,1,1,1,null,1,12:30:00,12:30:00,18 sept 2026,18 sept 2026,12:30:00,20:40:00,18 sept 2026,18:40:00,18 sept 2026,18:40:00,18 sept 2026,06:10:00,13:00:00,48:00:00,4172,0,0,1,0,4,-77.12,-46.47,Este," ",0,0,0,04:40:00,INT,2.541,00:00:00,00:00:00,18 sept 2026,J,REG
82,null,null,LIM,6 sept 2026,23:15:00,9 sept 2026,22:10:00,null,1,9 sept 2026,Sep-2026,2026Q3,LA,2481,MIA,LIM,MIALIM,15:55:00,21:40:00,16:55:00,21:40:00,20:55:00,02:40:00,NO,763,OUT,TOUCH,01:00:00,FP,05:45:00,null,SI,NO,02:10:00,2,4,1,null,1,14:55:00,15:55:00,9 sept 2026,9 sept 2026,14:55:00,22:10:00,9 sept 2026,22:10:00,9 sept 2026,22:10:00,9 sept 2026,07:15:00,13:00:00,null,4093,0,0,0,0,1,-80.28,-77.12,Este," ",0,0,0,05:45:00,INT,2.958,00:00:00,00:00:00,9 sept 2026,J,INT
30,null,null,LIM,1 sept 2026,23:15:00,4 sept 2026,22:10:00,null,1,4 sept 2026,Sep-2026,2026Q3,LA,2481,MIA,LIM,MIALIM,15:55:00,21:40:00,16:55:00,21:40:00,20:55:00,02:40:00,NO,763,OUT,TOUCH,01:00:00,FP,05:45:00,null,SI,NO,02:10:00,2,4,1,null,1,14:55:00,15:55:00,4 sept 2026,4 sept 2026,14:55:00,22:10:00,4 sept 2026,22:10:00,4 sept 2026,22:10:00,4 sept 2026,07:15:00,13:00:00,null,4093,0,0,0,0,1,-80.28,-77.12,Este," ",0,0,0,05:45:00,INT,2.958,00:00:00,00:00:00,4 sept 2026,J,INT
314,null,null,LIM,29 sept 2026,23:15:00,2 oct 2026,22:10:00,null,1,2 oct 2026,Oct-2026,2026Q3,LA,2481,MIA,LIM,MIALIM,15:55:00,21:40:00,16:55:00,21:40:00,20:55:00,02:40:00,NO,763,OUT,TOUCH,01:00:00,FP,05:45:00,null,SI,NO,02:10:00,2,4,1,null,1,14:55:00,15:55:00,2 oct 2026,2 oct 2026,14:55:00,22:10:00,2 oct 2026,22:10:00,2 oct 2026,22:10:00,2 oct 2026,07:15:00,13:00:00,null,4093,0,0,0,0,1,-80.28,-77.12,Este," ",0,0,0,05:45:00,INT,2.958,00:00:00,00:00:00,2 oct 2026,J,INT
295,null,null,LIM,27 sept 2026,23:15:00,30 sept 2026,22:10:00,null,1,30 sept 2026,Sep-2026,2026Q3,LA,2481,MIA,LIM,MIALIM,15:55:00,21:40:00,16:55:00,21:40:00,20:55:00,02:40:00,NO,763,OUT,TOUCH,01:00:00,FP,05:45:00,null,SI,NO,02:10:00,2,4,1,null,1,14:55:00,15:55:00,30 sept 2026,30 sept 2026,14:55:00,22:10:00,30 sept 2026,22:10:00,30 sept 2026,22:10:00,30 sept 2026,07:15:00,13:00:00,null,4093,0,0,0,0,1,-80.28,-77.12,Este," ",0,0,0,05:45:00,INT,2.958,00:00:00,00:00:00,30 sept 2026,J,INT
153,null,null,LIM,13 sept 2026,23:15:00,16 sept 2026,22:10:00,null,1,16 sept 2026,Sep-2026,2026Q3,LA,2481,MIA,LIM,MIALIM,15:55:00,21:40:00,16:55:00,21:40:00,20:55:00,02:40:00,NO,763,OUT,TOUCH,01:00:00,FP,05:45:00,null,SI,NO,02:10:00,2,4,1,null,1,14:55:00,15:55:00,16 sept 2026,16 sept 2026,14:55:00,22:10:00,16 sept 2026,22:10:00,16 sept 2026,22:10:00,16 sept 2026,07:15:00,13:00:00,null,4093,0,0,0,0,1,-80.28,-77.12,Este," ",0,0,0,05:45:00,INT,2.958,00:00:00,00:00:00,16 sept 2026,J,INT
50,null,null,LIM,3 sept 2026,23:15:00,6 sept 2026,22:10:00,null,1,6 sept 2026,Sep-2026,2026Q3,LA,2481,MIA,LIM,MIALIM,15:55:00,21:40:00,16:55:00,21:40:00,20:55:00,02:40:00,NO,763,OUT,TOUCH,01:00:00,FP,05:45:00,null,SI,NO,02:10:00,2,4,1,null,1,14:55:00,15:55:00,6 sept 2026,6 sept 2026,14:55:00,22:10:00,6 sept 2026,22:10:00,6 sept 2026,22:10:00,6 sept 2026,07:15:00,13:00:00,null,4093,0,0,0,0,1,-80.28,-77.12,Este," ",0,0,0,05:45:00,INT,2.958,00:00:00,00:00:00,6 sept 2026,J,INT
182,null,null,LIM,16 sept 2026,23:15:00,19 sept 2026,22:10:00,null,1,19 sept 2026,Sep-2026,2026Q3,LA,2481,MIA,LIM,MIALIM,15:55:00,21:40:00,16:55:00,21:40:00,20:55:00,02:40:00,NO,763,OUT,TOUCH,01:00:00,FP,05:45:00,null,SI,NO,02:10:00,2,4,1,null,1,14:55:00,15:55:00,19 sept 2026,19 sept 2026,14:55:00,22:10:00,19 sept 2026,22:10:00,19 sept 2026,22:10:00,19 sept 2026,07:15:00,13:00:00,null,4093,0,0,0,0,1,-80.28,-77.12,Este," ",0,0,0,05:45:00,INT,2.958,00:00:00,00:00:00,19 sept 2026,J,INT
111,null,null,LIM,9 sept 2026,23:15:00,12 sept 2026,22:10:00,null,1,12 sept 2026,Sep-2026,2026Q3,LA,2481,MIA,LIM,MIALIM,15:55:00,21:40:00,16:55:00,21:40:00,20:55:00,02:40:00,NO,763,OUT,TOUCH,01:00:00,FP,05:45:00,null,SI,NO,02:10:00,2,4,1,null,1,14:55:00,15:55:00,12 sept 2026,12 sept 2026,14:55:00,22:10:00,12 sept 2026,22:10:00,12 sept 2026,22:10:00,12 sept 2026,07:15:00,13:00:00,null,4093,0,0,0,0,1,-80.28,-77.12,Este," ",0,0,0,05:45:00,INT,2.958,00:00:00,00:00:00,12 sept 2026,J,INT
101,null,null,LIM,8 sept 2026,23:15:00,11 sept 2026,22:10:00,null,1,11 sept 2026,Sep-2026,2026Q3,LA,2481,MIA,LIM,MIALIM,15:55:00,21:40:00,16:55:00,21:40:00,20:55:00,02:40:00,NO,763,OUT,TOUCH,01:00:00,FP,05:45:00,null,SI,NO,02:10:00,2,4,1,null,1,14:55:00,15:55:00,11 sept 2026,11 sept 2026,14:55:00,22:10:00,11 sept 2026,22:10:00,11 sept 2026,22:10:00,11 sept 2026,07:15:00,13:00:00,null,4093,0,0,0,0,1,-80.28,-77.12,Este," ",0,0,0,05:45:00,INT,2.958,00:00:00,00:00:00,11 sept 2026,J,INT
214,null,null,LIM,19 sept 2026,23:15:00,22 sept 2026,22:10:00,null,1,22 sept 2026,Sep-2026,2026Q3,LA,2481,MIA,LIM,MIALIM,15:55:00,21:40:00,16:55:00,21:40:00,20:55:00,02:40:00,NO,763,OUT,TOUCH,01:00:00,FP,05:45:00,null,SI,NO,02:10:00,2,4,1,null,1,14:55:00,15:55:00,22 sept 2026,22 sept 2026,14:55:00,22:10:00,22 sept 2026,22:10:00,22 sept 2026,22:10:00,22 sept 2026,07:15:00,13:00:00,null,4093,0,0,0,0,1,-80.28,-77.12,Este," ",0,0,0,05:45:00,INT,2.958,00:00:00,00:00:00,22 sept 2026,J,INT
12,null,LA2480-1300826,LIM,30 ago 2026,23:15:00,2 sept 2026,22:10:00,null,1,2 sept 2026,Sep-2026,2026Q3,LA,2481,MIA,LIM,MIALIM,15:55:00,21:40:00,16:55:00,21:40:00,20:55:00,02:40:00,NO,763,OUT,TOUCH,01:00:00,FP,05:45:00,null,SI,NO,02:10:00,2,4,1,null,1,14:55:00,15:55:00,2 sept 2026,2 sept 2026,14:55:00,22:10:00,2 sept 2026,22:10:00,2 sept 2026,22:10:00,2 sept 2026,07:15:00,13:00:00,null,4093,0,0,0,0,1,-80.28,-77.12,Este," ",0,0,0,05:45:00,INT,2.958,00:00:00,00:00:00,2 sept 2026,J,INT
121,null,null,LIM,10 sept 2026,23:15:00,13 sept 2026,22:10:00,null,1,13 sept 2026,Sep-2026,2026Q3,LA,2481,MIA,LIM,MIALIM,15:55:00,21:40:00,16:55:00,21:40:00,20:55:00,02:40:00,NO,763,OUT,TOUCH,01:00:00,FP,05:45:00,null,SI,NO,02:10:00,2,4,1,null,1,14:55:00,15:55:00,13 sept 2026,13 sept 2026,14:55:00,22:10:00,13 sept 2026,22:10:00,13 sept 2026,22:10:00,13 sept 2026,07:15:00,13:00:00,null,4093,0,0,0,0,1,-80.28,-77.12,Este," ",0,0,0,05:45:00,INT,2.958,00:00:00,00:00:00,13 sept 2026,J,INT
4,null,LA2480-1290826,LIM,29 ago 2026,23:15:00,1 sept 2026,22:10:00,null,1,1 sept 2026,Sep-2026,2026Q3,LA,2481,MIA,LIM,MIALIM,15:55:00,21:40:00,16:55:00,21:40:00,20:55:00,02:40:00,NO,763,OUT,TOUCH,01:00:00,FP,05:45:00,null,SI,NO,02:10:00,2,4,1,null,1,14:55:00,15:55:00,1 sept 2026,1 sept 2026,14:55:00,22:10:00,1 sept 2026,22:10:00,1 sept 2026,22:10:00,1 sept 2026,07:15:00,13:00:00,null,4093,0,0,0,0,1,-80.28,-77.12,Este," ",0,0,0,05:45:00,INT,2.958,00:00:00,00:00:00,1 sept 2026,J,INT
40,null,null,LIM,2 sept 2026,23:15:00,5 sept 2026,22:10:00,null,1,5 sept 2026,Sep-2026,2026Q3,LA,2481,MIA,LIM,MIALIM,15:55:00,21:40:00,16:55:00,21:40:00,20:55:00,02:40:00,NO,763,OUT,TOUCH,01:00:00,FP,05:45:00,null,SI,NO,02:10:00,2,4,1,null,1,14:55:00,15:55:00,5 sept 2026,5 sept 2026,14:55:00,22:10:00,5 sept 2026,22:10:00,5 sept 2026,22:10:00,5 sept 2026,07:15:00,13:00:00,null,4093,0,0,0,0,1,-80.28,-77.12,Este," ",0,0,0,05:45:00,INT,2.958,00:00:00,00:00:00,5 sept 2026,J,INT
324,null,null,LIM,30 sept 2026,23:15:00,3 oct 2026,22:10:00,null,1,3 oct 2026,Oct-2026,2026Q3,LA,2481,MIA,LIM,MIALIM,15:55:00,21:40:00,16:55:00,21:40:00,20:55:00,02:40:00,NO,763,OUT,TOUCH,01:00:00,FP,05:45:00,null,SI,NO,02:10:00,2,4,1,null,1,14:55:00,15:55:00,3 oct 2026,3 oct 2026,14:55:00,22:10:00,3 oct 2026,22:10:00,3 oct 2026,22:10:00,3 oct 2026,07:15:00,13:00:00,null,4093,0,0,0,0,1,-80.28,-77.12,Este," ",0,0,0,05:45:00,INT,2.958,00:00:00,00:00:00,3 oct 2026,J,INT
285,null,null,LIM,26 sept 2026,23:15:00,29 sept 2026,22:10:00,null,1,29 sept 2026,Sep-2026,2026Q3,LA,2481,MIA,LIM,MIALIM,15:55:00,21:40:00,16:55:00,21:40:00,20:55:00,02:40:00,NO,763,OUT,TOUCH,01:00:00,FP,05:45:00,null,SI,NO,02:10:00,2,4,1,null,1,14:55:00,15:55:00,29 sept 2026,29 sept 2026,14:55:00,22:10:00,29 sept 2026,22:10:00,29 sept 2026,22:10:00,29 sept 2026,07:15:00,13:00:00,null,4093,0,0,0,0,1,-80.28,-77.12,Este," ",0,0,0,05:45:00,INT,2.958,00:00:00,00:00:00,29 sept 2026,J,INT
243,null,null,LIM,22 sept 2026,23:15:00,25 sept 2026,22:10:00,null,1,25 sept 2026,Sep-2026,2026Q3,LA,2481,MIA,LIM,MIALIM,15:55:00,21:40:00,16:55:00,21:40:00,20:55:00,02:40:00,NO,763,OUT,TOUCH,01:00:00,FP,05:45:00,null,SI,NO,02:10:00,2,4,1,null,1,14:55:00,15:55:00,25 sept 2026,25 sept 2026,14:55:00,22:10:00,25 sept 2026,22:10:00,25 sept 2026,22:10:00,25 sept 2026,07:15:00,13:00:00,null,4093,0,0,0,0,1,-80.28,-77.12,Este," ",0,0,0,05:45:00,INT,2.958,00:00:00,00:00:00,25 sept 2026,J,INT
172,null,null,LIM,15 sept 2026,23:15:00,18 sept 2026,22:10:00,null,1,18 sept 2026,Sep-2026,2026Q3,LA,2481,MIA,LIM,MIALIM,15:55:00,21:40:00,16:55:00,21:40:00,20:55:00,02:40:00,NO,763,OUT,TOUCH,01:00:00,FP,05:45:00,null,SI,NO,02:10:00,2,4,1,null,1,14:55:00,15:55:00,18 sept 2026,18 sept 2026,14:55:00,22:10:00,18 sept 2026,22:10:00,18 sept 2026,22:10:00,18 sept 2026,07:15:00,13:00:00,null,4093,0,0,0,0,1,-80.28,-77.12,Este," ",0,0,0,05:45:00,INT,2.958,00:00:00,00:00:00,18 sept 2026,J,INT
203,null,null,LIM,18 sept 2026,23:15:00,21 sept 2026,22:10:00,null,1,21 sept 2026,Sep-2026,2026Q3,LA,2481,MIA,LIM,MIALIM,15:55:00,21:40:00,16:55:00,21:40:00,20:55:00,02:40:00,NO,763,OUT,TOUCH,01:00:00,FP,05:45:00,null,SI,NO,02:10:00,2,4,1,null,1,14:55:00,15:55:00,21 sept 2026,21 sept 2026,14:55:00,22:10:00,21 sept 2026,22:10:00,21 sept 2026,22:10:00,21 sept 2026,07:15:00,13:00:00,null,4093,0,0,0,0,1,-80.28,-77.12,Este," ",0,0,0,05:45:00,INT,2.958,00:00:00,00:00:00,21 sept 2026,J,INT
143,null,null,LIM,12 sept 2026,23:15:00,15 sept 2026,22:10:00,null,1,15 sept 2026,Sep-2026,2026Q3,LA,2481,MIA,LIM,MIALIM,15:55:00,21:40:00,16:55:00,21:40:00,20:55:00,02:40:00,NO,763,OUT,TOUCH,01:00:00,FP,05:45:00,null,SI,NO,02:10:00,2,4,1,null,1,14:55:00,15:55:00,15 sept 2026,15 sept 2026,14:55:00,22:10:00,15 sept 2026,22:10:00,15 sept 2026,22:10:00,15 sept 2026,07:15:00,13:00:00,null,4093,0,0,0,0,1,-80.28,-77.12,Este," ",0,0,0,05:45:00,INT,2.958,00:00:00,00:00:00,15 sept 2026,J,INT
132,null,null,LIM,11 sept 2026,23:15:00,14 sept 2026,22:10:00,null,1,14 sept 2026,Sep-2026,2026Q3,LA,2481,MIA,LIM,MIALIM,15:55:00,21:40:00,16:55:00,21:40:00,20:55:00,02:40:00,NO,763,OUT,TOUCH,01:00:00,FP,05:45:00,null,SI,NO,02:10:00,2,4,1,null,1,14:55:00,15:55:00,14 sept 2026,14 sept 2026,14:55:00,22:10:00,14 sept 2026,22:10:00,14 sept 2026,22:10:00,14 sept 2026,07:15:00,13:00:00,null,4093,0,0,0,0,1,-80.28,-77.12,Este," ",0,0,0,05:45:00,INT,2.958,00:00:00,00:00:00,14 sept 2026,J,INT
274,null,null,LIM,25 sept 2026,23:15:00,28 sept 2026,22:10:00,null,1,28 sept 2026,Sep-2026,2026Q3,LA,2481,MIA,LIM,MIALIM,15:55:00,21:40:00,16:55:00,21:40:00,20:55:00,02:40:00,NO,763,OUT,TOUCH,01:00:00,FP,05:45:00,null,SI,NO,02:10:00,2,4,1,null,1,14:55:00,15:55:00,28 sept 2026,28 sept 2026,14:55:00,22:10:00,28 sept 2026,22:10:00,28 sept 2026,22:10:00,28 sept 2026,07:15:00,13:00:00,null,4093,0,0,0,0,1,-80.28,-77.12,Este," ",0,0,0,05:45:00,INT,2.958,00:00:00,00:00:00,28 sept 2026,J,INT
72,null,null,LIM,5 sept 2026,23:15:00,8 sept 2026,22:10:00,null,1,8 sept 2026,Sep-2026,2026Q3,LA,2481,MIA,LIM,MIALIM,15:55:00,21:40:00,16:55:00,21:40:00,20:55:00,02:40:00,NO,763,OUT,TOUCH,01:00:00,FP,05:45:00,null,SI,NO,02:10:00,2,4,1,null,1,14:55:00,15:55:00,8 sept 2026,8 sept 2026,14:55:00,22:10:00,8 sept 2026,22:10:00,8 sept 2026,22:10:00,8 sept 2026,07:15:00,13:00:00,null,4093,0,0,0,0,1,-80.28,-77.12,Este," ",0,0,0,05:45:00,INT,2.958,00:00:00,00:00:00,8 sept 2026,J,INT
224,null,null,LIM,20 sept 2026,23:15:00,23 sept 2026,22:10:00,null,1,23 sept 2026,Sep-2026,2026Q3,LA,2481,MIA,LIM,MIALIM,15:55:00,21:40:00,16:55:00,21:40:00,20:55:00,02:40:00,NO,763,OUT,TOUCH,01:00:00,FP,05:45:00,null,SI,NO,02:10:00,2,4,1,null,1,14:55:00,15:55:00,23 sept 2026,23 sept 2026,14:55:00,22:10:00,23 sept 2026,22:10:00,23 sept 2026,22:10:00,23 sept 2026,07:15:00,13:00:00,null,4093,0,0,0,0,1,-80.28,-77.12,Este," ",0,0,0,05:45:00,INT,2.958,00:00:00,00:00:00,23 sept 2026,J,INT
61,null,null,LIM,4 sept 2026,23:15:00,7 sept 2026,22:10:00,null,1,7 sept 2026,Sep-2026,2026Q3,LA,2481,MIA,LIM,MIALIM,15:55:00,21:40:00,16:55:00,21:40:00,20:55:00,02:40:00,NO,763,OUT,TOUCH,01:00:00,FP,05:45:00,null,SI,NO,02:10:00,2,4,1,null,1,14:55:00,15:55:00,7 sept 2026,7 sept 2026,14:55:00,22:10:00,7 sept 2026,22:10:00,7 sept 2026,22:10:00,7 sept 2026,07:15:00,13:00:00,null,4093,0,0,0,0,1,-80.28,-77.12,Este," ",0,0,0,05:45:00,INT,2.958,00:00:00,00:00:00,7 sept 2026,J,INT
263,null,null,LIM,24 sept 2026,23:15:00,27 sept 2026,22:10:00,null,1,27 sept 2026,Sep-2026,2026Q3,LA,2481,MIA,LIM,MIALIM,15:55:00,21:40:00,16:55:00,21:40:00,20:55:00,02:40:00,NO,763,OUT,TOUCH,01:00:00,FP,05:45:00,null,SI,NO,02:10:00,2,4,1,null,1,14:55:00,15:55:00,27 sept 2026,27 sept 2026,14:55:00,22:10:00,27 sept 2026,22:10:00,27 sept 2026,22:10:00,27 sept 2026,07:15:00,13:00:00,null,4093,0,0,0,0,1,-80.28,-77.12,Este," ",0,0,0,05:45:00,INT,2.958,00:00:00,00:00:00,27 sept 2026,J,INT
253,null,null,LIM,23 sept 2026,23:15:00,26 sept 2026,22:10:00,null,1,26 sept 2026,Sep-2026,2026Q3,LA,2481,MIA,LIM,MIALIM,15:55:00,21:40:00,16:55:00,21:40:00,20:55:00,02:40:00,NO,763,OUT,TOUCH,01:00:00,FP,05:45:00,null,SI,NO,02:10:00,2,4,1,null,1,14:55:00,15:55:00,26 sept 2026,26 sept 2026,14:55:00,22:10:00,26 sept 2026,22:10:00,26 sept 2026,22:10:00,26 sept 2026,07:15:00,13:00:00,null,4093,0,0,0,0,1,-80.28,-77.12,Este," ",0,0,0,05:45:00,INT,2.958,00:00:00,00:00:00,26 sept 2026,J,INT
192,null,null,LIM,17 sept 2026,23:15:00,20 sept 2026,22:10:00,null,1,20 sept 2026,Sep-2026,2026Q3,LA,2481,MIA,LIM,MIALIM,15:55:00,21:40:00,16:55:00,21:40:00,20:55:00,02:40:00,NO,763,OUT,TOUCH,01:00:00,FP,05:45:00,null,SI,NO,02:10:00,2,4,1,null,1,14:55:00,15:55:00,20 sept 2026,20 sept 2026,14:55:00,22:10:00,20 sept 2026,22:10:00,20 sept 2026,22:10:00,20 sept 2026,07:15:00,13:00:00,null,4093,0,0,0,0,1,-80.28,-77.12,Este," ",0,0,0,05:45:00,INT,2.958,00:00:00,00:00:00,20 sept 2026,J,INT
68,null,null,LIM,5 sept 2026,12:30:00,7 sept 2026,22:30:00,null,1,7 sept 2026,Sep-2026,2026Q3,LA,2695,MIA,LIM,MIALIM,16:10:00,22:00:00,17:10:00,22:00:00,21:10:00,03:00:00,NO,763,OUT,TOUCH,01:00:00,FP,05:50:00,null,SI,NO,03:00:00,2,3,1,null,1,15:10:00,16:10:00,7 sept 2026,7 sept 2026,15:10:00,22:30:00,7 sept 2026,22:30:00,7 sept 2026,22:30:00,7 sept 2026,07:20:00,13:00:00,null,3911,0,0,1,0,4,-80.28,-77.12,Este," ",0,0,0,05:50:00,INT,3.972,00:00:00,00:00:00,7 sept 2026,J,INT
188,null,null,LIM,17 sept 2026,12:30:00,19 sept 2026,22:30:00,null,1,19 sept 2026,Sep-2026,2026Q3,LA,2695,MIA,LIM,MIALIM,16:10:00,22:00:00,17:10:00,22:00:00,21:10:00,03:00:00,NO,763,OUT,TOUCH,01:00:00,FP,05:50:00,null,SI,NO,03:00:00,2,3,1,null,1,15:10:00,16:10:00,19 sept 2026,19 sept 2026,15:10:00,22:30:00,19 sept 2026,22:30:00,19 sept 2026,22:30:00,19 sept 2026,07:20:00,13:00:00,null,3911,0,0,1,0,4,-80.28,-77.12,Este," ",0,0,0,05:50:00,INT,3.972,00:00:00,00:00:00,19 sept 2026,J,INT
139,null,null,LIM,12 sept 2026,12:30:00,14 sept 2026,22:30:00,null,1,14 sept 2026,Sep-2026,2026Q3,LA,2695,MIA,LIM,MIALIM,16:10:00,22:00:00,17:10:00,22:00:00,21:10:00,03:00:00,NO,763,OUT,TOUCH,01:00:00,FP,05:50:00,null,SI,NO,03:00:00,2,3,1,null,1,15:10:00,16:10:00,14 sept 2026,14 sept 2026,15:10:00,22:30:00,14 sept 2026,22:30:00,14 sept 2026,22:30:00,14 sept 2026,07:20:00,13:00:00,null,3911,0,0,1,0,4,-80.28,-77.12,Este," ",0,0,0,05:50:00,INT,3.972,00:00:00,00:00:00,14 sept 2026,J,INT
281,null,null,LIM,26 sept 2026,12:30:00,28 sept 2026,22:30:00,null,1,28 sept 2026,Sep-2026,2026Q3,LA,2695,MIA,LIM,MIALIM,16:10:00,22:00:00,17:10:00,22:00:00,21:10:00,03:00:00,NO,763,OUT,TOUCH,01:00:00,FP,05:50:00,null,SI,NO,03:00:00,2,3,1,null,1,15:10:00,16:10:00,28 sept 2026,28 sept 2026,15:10:00,22:30:00,28 sept 2026,22:30:00,28 sept 2026,22:30:00,28 sept 2026,07:20:00,13:00:00,null,3911,0,0,1,0,4,-80.28,-77.12,Este," ",0,0,0,05:50:00,INT,3.972,00:00:00,00:00:00,28 sept 2026,J,INT
205,null,null,LIM,19 sept 2026,07:15:00,21 sept 2026,22:30:00,null,1,21 sept 2026,Sep-2026,2026Q3,LA,2695,MIA,LIM,MIALIM,16:10:00,22:00:00,17:10:00,22:00:00,21:10:00,03:00:00,NO,763,OUT,TOUCH,01:00:00,FP,05:50:00,null,SI,NO,03:00:00,2,3,1,null,1,15:10:00,16:10:00,21 sept 2026,21 sept 2026,15:10:00,22:30:00,21 sept 2026,22:30:00,21 sept 2026,22:30:00,21 sept 2026,07:20:00,13:00:00,null,3900,0,0,1,0,4,-80.28,-77.12,Este," ",0,0,0,05:50:00,INT,3.972,00:00:00,00:00:00,21 sept 2026,J,INT
42,null,null,LIM,3 sept 2026,07:15:00,5 sept 2026,22:30:00,null,1,5 sept 2026,Sep-2026,2026Q3,LA,2695,MIA,LIM,MIALIM,16:10:00,22:00:00,17:10:00,22:00:00,21:10:00,03:00:00,NO,763,OUT,TOUCH,01:00:00,FP,05:50:00,null,SI,NO,03:00:00,2,3,1,null,1,15:10:00,16:10:00,5 sept 2026,5 sept 2026,15:10:00,22:30:00,5 sept 2026,22:30:00,5 sept 2026,22:30:00,5 sept 2026,07:20:00,13:00:00,null,3900,0,0,1,0,4,-80.28,-77.12,Este," ",0,0,0,05:50:00,INT,3.972,00:00:00,00:00:00,5 sept 2026,J,INT
163,null,null,LIM,14 sept 2026,23:15:00,17 sept 2026,22:30:00,null,1,17 sept 2026,Sep-2026,2026Q3,LA,2695,MIA,LIM,MIALIM,16:10:00,22:00:00,17:10:00,22:00:00,21:10:00,03:00:00,NO,763,OUT,TOUCH,01:00:00,FP,05:50:00,null,SI,NO,03:00:00,2,4,1,null,1,15:10:00,16:10:00,17 sept 2026,17 sept 2026,15:10:00,22:30:00,17 sept 2026,22:30:00,17 sept 2026,22:30:00,17 sept 2026,07:20:00,13:00:00,null,3885,0,0,0,0,1,-80.28,-77.12,Este," ",0,0,0,05:50:00,INT,2.979,00:00:00,00:00:00,17 sept 2026,J,INT
92,null,null,LIM,7 sept 2026,23:15:00,10 sept 2026,22:30:00,null,1,10 sept 2026,Sep-2026,2026Q3,LA,2695,MIA,LIM,MIALIM,16:10:00,22:00:00,17:10:00,22:00:00,21:10:00,03:00:00,NO,763,OUT,TOUCH,01:00:00,FP,05:50:00,null,SI,NO,03:00:00,2,4,1,null,1,15:10:00,16:10:00,10 sept 2026,10 sept 2026,15:10:00,22:30:00,10 sept 2026,22:30:00,10 sept 2026,22:30:00,10 sept 2026,07:20:00,13:00:00,null,3885,0,0,0,0,1,-80.28,-77.12,Este," ",0,0,0,05:50:00,INT,2.979,00:00:00,00:00:00,10 sept 2026,J,INT
234,null,null,LIM,21 sept 2026,23:15:00,24 sept 2026,22:30:00,null,1,24 sept 2026,Sep-2026,2026Q3,LA,2695,MIA,LIM,MIALIM,16:10:00,22:00:00,17:10:00,22:00:00,21:10:00,03:00:00,NO,763,OUT,TOUCH,01:00:00,FP,05:50:00,null,SI,NO,03:00:00,2,4,1,null,1,15:10:00,16:10:00,24 sept 2026,24 sept 2026,15:10:00,22:30:00,24 sept 2026,22:30:00,24 sept 2026,22:30:00,24 sept 2026,07:20:00,13:00:00,null,3885,0,0,0,0,1,-80.28,-77.12,Este," ",0,0,0,05:50:00,INT,2.979,00:00:00,00:00:00,24 sept 2026,J,INT
305,null,null,LIM,28 sept 2026,23:15:00,1 oct 2026,22:30:00,null,1,1 oct 2026,Oct-2026,2026Q3,LA,2695,MIA,LIM,MIALIM,16:10:00,22:00:00,17:10:00,22:00:00,21:10:00,03:00:00,NO,763,OUT,TOUCH,01:00:00,FP,05:50:00,null,SI,NO,03:00:00,2,4,1,null,1,15:10:00,16:10:00,1 oct 2026,1 oct 2026,15:10:00,22:30:00,1 oct 2026,22:30:00,1 oct 2026,22:30:00,1 oct 2026,07:20:00,13:00:00,null,3885,0,0,0,0,1,-80.28,-77.12,Este," ",0,0,0,05:50:00,INT,2.979,00:00:00,00:00:00,1 oct 2026,J,INT
21,null,LA2480-1310826,LIM,31 ago 2026,23:15:00,3 sept 2026,22:30:00,null,1,3 sept 2026,Sep-2026,2026Q3,LA,2695,MIA,LIM,MIALIM,16:10:00,22:00:00,17:10:00,22:00:00,21:10:00,03:00:00,NO,763,OUT,TOUCH,01:00:00,FP,05:50:00,null,SI,NO,03:00:00,2,4,1,null,1,15:10:00,16:10:00,3 sept 2026,3 sept 2026,15:10:00,22:30:00,3 sept 2026,22:30:00,3 sept 2026,22:30:00,3 sept 2026,07:20:00,13:00:00,null,3885,0,0,0,0,1,-80.28,-77.12,Este," ",0,0,0,05:50:00,INT,2.979,00:00:00,00:00:00,3 sept 2026,J,INT
266,null,null,LIM,25 sept 2026,11:00:00,27 sept 2026,21:30:00,null,1,27 sept 2026,Sep-2026,2026Q3,LA,2691,JFK,LIM,JFKLIM,13:00:00,21:00:00,14:00:00,21:00:00,18:00:00,02:00:00,NO,763,OUT,TOUCH,01:00:00,FP,08:00:00,null,SI,NO,02:10:00,2,3,1,null,1,12:00:00,13:00:00,27 sept 2026,27 sept 2026,12:00:00,21:30:00,27 sept 2026,21:30:00,27 sept 2026,21:30:00,27 sept 2026,09:30:00,13:00:00,null,3863,0,0,1,0,6,-73.78,-77.12,Oeste," ",0,0,0,08:00:00,INT,5.361,00:00:00,00:00:00,27 sept 2026,J,INT
53,null,null,LIM,4 sept 2026,11:00:00,6 sept 2026,21:30:00,null,1,6 sept 2026,Sep-2026,2026Q3,LA,2691,JFK,LIM,JFKLIM,13:00:00,21:00:00,14:00:00,21:00:00,18:00:00,02:00:00,NO,763,OUT,TOUCH,01:00:00,FP,08:00:00,null,SI,NO,02:10:00,2,3,1,null,1,12:00:00,13:00:00,6 sept 2026,6 sept 2026,12:00:00,21:30:00,6 sept 2026,21:30:00,6 sept 2026,21:30:00,6 sept 2026,09:30:00,13:00:00,null,3863,0,0,1,0,6,-73.78,-77.12,Oeste," ",0,0,0,08:00:00,INT,5.361,00:00:00,00:00:00,6 sept 2026,J,INT
124,null,null,LIM,11 sept 2026,11:00:00,13 sept 2026,21:30:00,null,1,13 sept 2026,Sep-2026,2026Q3,LA,2691,JFK,LIM,JFKLIM,13:00:00,21:00:00,14:00:00,21:00:00,18:00:00,02:00:00,NO,763,OUT,TOUCH,01:00:00,FP,08:00:00,null,SI,NO,02:10:00,2,3,1,null,1,12:00:00,13:00:00,13 sept 2026,13 sept 2026,12:00:00,21:30:00,13 sept 2026,21:30:00,13 sept 2026,21:30:00,13 sept 2026,09:30:00,13:00:00,null,3863,0,0,1,0,6,-73.78,-77.12,Oeste," ",0,0,0,08:00:00,INT,5.361,00:00:00,00:00:00,13 sept 2026,J,INT
195,null,null,LIM,18 sept 2026,11:00:00,20 sept 2026,21:30:00,null,1,20 sept 2026,Sep-2026,2026Q3,LA,2691,JFK,LIM,JFKLIM,13:00:00,21:00:00,14:00:00,21:00:00,18:00:00,02:00:00,NO,763,OUT,TOUCH,01:00:00,FP,08:00:00,null,SI,NO,02:10:00,2,3,1,null,1,12:00:00,13:00:00,20 sept 2026,20 sept 2026,12:00:00,21:30:00,20 sept 2026,21:30:00,20 sept 2026,21:30:00,20 sept 2026,09:30:00,13:00:00,null,3863,0,0,1,0,6,-73.78,-77.12,Oeste," ",0,0,0,08:00:00,INT,5.361,00:00:00,00:00:00,20 sept 2026,J,INT
317,null,null,LIM,30 sept 2026,11:00:00,2 oct 2026,21:30:00,null,1,2 oct 2026,Oct-2026,2026Q3,LA,2691,JFK,LIM,JFKLIM,12:55:00,21:00:00,13:55:00,21:00:00,17:55:00,02:00:00,NO,763,OUT,TOUCH,01:00:00,FP,08:05:00,null,SI,NO,02:10:00,2,3,1,null,1,11:55:00,12:55:00,2 oct 2026,2 oct 2026,11:55:00,21:30:00,2 oct 2026,21:30:00,2 oct 2026,21:30:00,2 oct 2026,09:35:00,13:00:00,null,3834,0,0,1,0,6,-73.78,-77.12,Oeste," ",0,0,0,08:05:00,INT,5.388,00:00:00,00:00:00,2 oct 2026,J,INT
246,null,null,LIM,23 sept 2026,11:00:00,25 sept 2026,21:30:00,null,1,25 sept 2026,Sep-2026,2026Q3,LA,2691,JFK,LIM,JFKLIM,12:55:00,21:00:00,13:55:00,21:00:00,17:55:00,02:00:00,NO,763,OUT,TOUCH,01:00:00,FP,08:05:00,null,SI,NO,02:10:00,2,3,1,null,1,11:55:00,12:55:00,25 sept 2026,25 sept 2026,11:55:00,21:30:00,25 sept 2026,21:30:00,25 sept 2026,21:30:00,25 sept 2026,09:35:00,13:00:00,null,3834,0,0,1,0,6,-73.78,-77.12,Oeste," ",0,0,0,08:05:00,INT,5.388,00:00:00,00:00:00,25 sept 2026,J,INT
33,null,null,LIM,2 sept 2026,11:00:00,4 sept 2026,21:30:00,null,1,4 sept 2026,Sep-2026,2026Q3,LA,2691,JFK,LIM,JFKLIM,12:55:00,21:00:00,13:55:00,21:00:00,17:55:00,02:00:00,NO,763,OUT,TOUCH,01:00:00,FP,08:05:00,null,SI,NO,02:10:00,2,3,1,null,1,11:55:00,12:55:00,4 sept 2026,4 sept 2026,11:55:00,21:30:00,4 sept 2026,21:30:00,4 sept 2026,21:30:00,4 sept 2026,09:35:00,13:00:00,null,3834,0,0,1,0,6,-73.78,-77.12,Oeste," ",0,0,0,08:05:00,INT,5.388,00:00:00,00:00:00,4 sept 2026,J,INT
104,null,null,LIM,9 sept 2026,11:00:00,11 sept 2026,21:30:00,null,1,11 sept 2026,Sep-2026,2026Q3,LA,2691,JFK,LIM,JFKLIM,12:55:00,21:00:00,13:55:00,21:00:00,17:55:00,02:00:00,NO,763,OUT,TOUCH,01:00:00,FP,08:05:00,null,SI,NO,02:10:00,2,3,1,null,1,11:55:00,12:55:00,11 sept 2026,11 sept 2026,11:55:00,21:30:00,11 sept 2026,21:30:00,11 sept 2026,21:30:00,11 sept 2026,09:35:00,13:00:00,null,3834,0,0,1,0,6,-73.78,-77.12,Oeste," ",0,0,0,08:05:00,INT,5.388,00:00:00,00:00:00,11 sept 2026,J,INT
175,null,null,LIM,16 sept 2026,11:00:00,18 sept 2026,21:30:00,null,1,18 sept 2026,Sep-2026,2026Q3,LA,2691,JFK,LIM,JFKLIM,12:55:00,21:00:00,13:55:00,21:00:00,17:55:00,02:00:00,NO,763,OUT,TOUCH,01:00:00,FP,08:05:00,null,SI,NO,02:10:00,2,3,1,null,1,11:55:00,12:55:00,18 sept 2026,18 sept 2026,11:55:00,21:30:00,18 sept 2026,21:30:00,18 sept 2026,21:30:00,18 sept 2026,09:35:00,13:00:00,null,3834,0,0,1,0,6,-73.78,-77.12,Oeste," ",0,0,0,08:05:00,INT,5.388,00:00:00,00:00:00,18 sept 2026,J,INT
252,null,null,LIM,23 sept 2026,23:15:00,25 sept 2026,22:10:00,null,1,25 sept 2026,Sep-2026,2026Q3,LA,2481,MIA,LIM,MIALIM,15:55:00,21:40:00,16:55:00,21:40:00,20:55:00,02:40:00,NO,763,OUT,TOUCH,01:00:00,FP,05:45:00,null,SI,NO,02:10:00,2,3,1,null,1,14:55:00,15:55:00,25 sept 2026,25 sept 2026,14:55:00,22:10:00,25 sept 2026,22:10:00,25 sept 2026,22:10:00,25 sept 2026,07:15:00,13:00:00,null,3525,0,0,1,0,3,-80.28,-77.12,Este," ",0,0,0,05:45:00,INT,3.944,00:00:00,00:00:00,25 sept 2026,J,INT
162,null,null,LIM,14 sept 2026,23:15:00,16 sept 2026,22:10:00,null,1,16 sept 2026,Sep-2026,2026Q3,LA,2481,MIA,LIM,MIALIM,15:55:00,21:40:00,16:55:00,21:40:00,20:55:00,02:40:00,NO,763,OUT,TOUCH,01:00:00,FP,05:45:00,null,SI,NO,02:10:00,2,3,1,null,1,14:55:00,15:55:00,16 sept 2026,16 sept 2026,14:55:00,22:10:00,16 sept 2026,22:10:00,16 sept 2026,22:10:00,16 sept 2026,07:15:00,13:00:00,null,3525,0,0,1,0,3,-80.28,-77.12,Este," ",0,0,0,05:45:00,INT,3.944,00:00:00,00:00:00,16 sept 2026,J,INT
262,null,null,LIM,24 sept 2026,23:15:00,26 sept 2026,22:10:00,null,1,26 sept 2026,Sep-2026,2026Q3,LA,2481,MIA,LIM,MIALIM,15:55:00,21:40:00,16:55:00,21:40:00,20:55:00,02:40:00,NO,763,OUT,TOUCH,01:00:00,FP,05:45:00,null,SI,NO,02:10:00,2,3,1,null,1,14:55:00,15:55:00,26 sept 2026,26 sept 2026,14:55:00,22:10:00,26 sept 2026,22:10:00,26 sept 2026,22:10:00,26 sept 2026,07:15:00,13:00:00,null,3525,0,0,1,0,3,-80.28,-77.12,Este," ",0,0,0,05:45:00,INT,3.944,00:00:00,00:00:00,26 sept 2026,J,INT
81,null,null,LIM,6 sept 2026,23:15:00,8 sept 2026,22:10:00,null,1,8 sept 2026,Sep-2026,2026Q3,LA,2481,MIA,LIM,MIALIM,15:55:00,21:40:00,16:55:00,21:40:00,20:55:00,02:40:00,NO,763,OUT,TOUCH,01:00:00,FP,05:45:00,null,SI,NO,02:10:00,2,3,1,null,1,14:55:00,15:55:00,8 sept 2026,8 sept 2026,14:55:00,22:10:00,8 sept 2026,22:10:00,8 sept 2026,22:10:00,8 sept 2026,07:15:00,13:00:00,null,3525,0,0,1,0,3,-80.28,-77.12,Este," ",0,0,0,05:45:00,INT,3.944,00:00:00,00:00:00,8 sept 2026,J,INT
323,null,null,LIM,30 sept 2026,23:15:00,2 oct 2026,22:10:00,null,1,2 oct 2026,Oct-2026,2026Q3,LA,2481,MIA,LIM,MIALIM,15:55:00,21:40:00,16:55:00,21:40:00,20:55:00,02:40:00,NO,763,OUT,TOUCH,01:00:00,FP,05:45:00,null,SI,NO,02:10:00,2,3,1,null,1,14:55:00,15:55:00,2 oct 2026,2 oct 2026,14:55:00,22:10:00,2 oct 2026,22:10:00,2 oct 2026,22:10:00,2 oct 2026,07:15:00,13:00:00,null,3525,0,0,1,0,3,-80.28,-77.12,Este," ",0,0,0,05:45:00,INT,3.944,00:00:00,00:00:00,2 oct 2026,J,INT
131,null,null,LIM,11 sept 2026,23:15:00,13 sept 2026,22:10:00,null,1,13 sept 2026,Sep-2026,2026Q3,LA,2481,MIA,LIM,MIALIM,15:55:00,21:40:00,16:55:00,21:40:00,20:55:00,02:40:00,NO,763,OUT,TOUCH,01:00:00,FP,05:45:00,null,SI,NO,02:10:00,2,3,1,null,1,14:55:00,15:55:00,13 sept 2026,13 sept 2026,14:55:00,22:10:00,13 sept 2026,22:10:00,13 sept 2026,22:10:00,13 sept 2026,07:15:00,13:00:00,null,3525,0,0,1,0,3,-80.28,-77.12,Este," ",0,0,0,05:45:00,INT,3.944,00:00:00,00:00:00,13 sept 2026,J,INT
213,null,null,LIM,19 sept 2026,23:15:00,21 sept 2026,22:10:00,null,1,21 sept 2026,Sep-2026,2026Q3,LA,2481,MIA,LIM,MIALIM,15:55:00,21:40:00,16:55:00,21:40:00,20:55:00,02:40:00,NO,763,OUT,TOUCH,01:00:00,FP,05:45:00,null,SI,NO,02:10:00,2,3,1,null,1,14:55:00,15:55:00,21 sept 2026,21 sept 2026,14:55:00,22:10:00,21 sept 2026,22:10:00,21 sept 2026,22:10:00,21 sept 2026,07:15:00,13:00:00,null,3525,0,0,1,0,3,-80.28,-77.12,Este," ",0,0,0,05:45:00,INT,3.944,00:00:00,00:00:00,21 sept 2026,J,INT
202,null,null,LIM,18 sept 2026,23:15:00,20 sept 2026,22:10:00,null,1,20 sept 2026,Sep-2026,2026Q3,LA,2481,MIA,LIM,MIALIM,15:55:00,21:40:00,16:55:00,21:40:00,20:55:00,02:40:00,NO,763,OUT,TOUCH,01:00:00,FP,05:45:00,null,SI,NO,02:10:00,2,3,1,null,1,14:55:00,15:55:00,20 sept 2026,20 sept 2026,14:55:00,22:10:00,20 sept 2026,22:10:00,20 sept 2026,22:10:00,20 sept 2026,07:15:00,13:00:00,null,3525,0,0,1,0,3,-80.28,-77.12,Este," ",0,0,0,05:45:00,INT,3.944,00:00:00,00:00:00,20 sept 2026,J,INT
110,null,null,LIM,9 sept 2026,23:15:00,11 sept 2026,22:10:00,null,1,11 sept 2026,Sep-2026,2026Q3,LA,2481,MIA,LIM,MIALIM,15:55:00,21:40:00,16:55:00,21:40:00,20:55:00,02:40:00,NO,763,OUT,TOUCH,01:00:00,FP,05:45:00,null,SI,NO,02:10:00,2,3,1,null,1,14:55:00,15:55:00,11 sept 2026,11 sept 2026,14:55:00,22:10:00,11 sept 2026,22:10:00,11 sept 2026,22:10:00,11 sept 2026,07:15:00,13:00:00,null,3525,0,0,1,0,3,-80.28,-77.12,Este," ",0,0,0,05:45:00,INT,3.944,00:00:00,00:00:00,11 sept 2026,J,INT
294,null,null,LIM,27 sept 2026,23:15:00,29 sept 2026,22:10:00,null,1,29 sept 2026,Sep-2026,2026Q3,LA,2481,MIA,LIM,MIALIM,15:55:00,21:40:00,16:55:00,21:40:00,20:55:00,02:40:00,NO,763,OUT,TOUCH,01:00:00,FP,05:45:00,null,SI,NO,02:10:00,2,3,1,null,1,14:55:00,15:55:00,29 sept 2026,29 sept 2026,14:55:00,22:10:00,29 sept 2026,22:10:00,29 sept 2026,22:10:00,29 sept 2026,07:15:00,13:00:00,null,3525,0,0,1,0,3,-80.28,-77.12,Este," ",0,0,0,05:45:00,INT,3.944,00:00:00,00:00:00,29 sept 2026,J,INT
49,null,null,LIM,3 sept 2026,23:15:00,5 sept 2026,22:10:00,null,1,5 sept 2026,Sep-2026,2026Q3,LA,2481,MIA,LIM,MIALIM,15:55:00,21:40:00,16:55:00,21:40:00,20:55:00,02:40:00,NO,763,OUT,TOUCH,01:00:00,FP,05:45:00,null,SI,NO,02:10:00,2,3,1,null,1,14:55:00,15:55:00,5 sept 2026,5 sept 2026,14:55:00,22:10:00,5 sept 2026,22:10:00,5 sept 2026,22:10:00,5 sept 2026,07:15:00,13:00:00,null,3525,0,0,1,0,3,-80.28,-77.12,Este," ",0,0,0,05:45:00,INT,3.944,00:00:00,00:00:00,5 sept 2026,J,INT
91,null,null,LIM,7 sept 2026,23:15:00,9 sept 2026,22:10:00,null,1,9 sept 2026,Sep-2026,2026Q3,LA,2481,MIA,LIM,MIALIM,15:55:00,21:40:00,16:55:00,21:40:00,20:55:00,02:40:00,NO,763,OUT,TOUCH,01:00:00,FP,05:45:00,null,SI,NO,02:10:00,2,3,1,null,1,14:55:00,15:55:00,9 sept 2026,9 sept 2026,14:55:00,22:10:00,9 sept 2026,22:10:00,9 sept 2026,22:10:00,9 sept 2026,07:15:00,13:00:00,null,3525,0,0,1,0,3,-80.28,-77.12,Este," ",0,0,0,05:45:00,INT,3.944,00:00:00,00:00:00,9 sept 2026,J,INT
20,null,LA2480310826,LIM,31 ago 2026,23:15:00,2 sept 2026,22:10:00,null,1,2 sept 2026,Sep-2026,2026Q3,LA,2481,MIA,LIM,MIALIM,15:55:00,21:40:00,16:55:00,21:40:00,20:55:00,02:40:00,NO,763,OUT,TOUCH,01:00:00,FP,05:45:00,null,SI,NO,02:10:00,2,3,1,null,1,14:55:00,15:55:00,2 sept 2026,2 sept 2026,14:55:00,22:10:00,2 sept 2026,22:10:00,2 sept 2026,22:10:00,2 sept 2026,07:15:00,13:00:00,null,3525,0,0,1,0,3,-80.28,-77.12,Este," ",0,0,0,05:45:00,INT,3.944,00:00:00,00:00:00,2 sept 2026,J,INT
191,null,null,LIM,17 sept 2026,23:15:00,19 sept 2026,22:10:00,null,1,19 sept 2026,Sep-2026,2026Q3,LA,2481,MIA,LIM,MIALIM,15:55:00,21:40:00,16:55:00,21:40:00,20:55:00,02:40:00,NO,763,OUT,TOUCH,01:00:00,FP,05:45:00,null,SI,NO,02:10:00,2,3,1,null,1,14:55:00,15:55:00,19 sept 2026,19 sept 2026,14:55:00,22:10:00,19 sept 2026,22:10:00,19 sept 2026,22:10:00,19 sept 2026,07:15:00,13:00:00,null,3525,0,0,1,0,3,-80.28,-77.12,Este," ",0,0,0,05:45:00,INT,3.944,00:00:00,00:00:00,19 sept 2026,J,INT
11,null,LA2480300826,LIM,30 ago 2026,23:15:00,1 sept 2026,22:10:00,null,1,1 sept 2026,Sep-2026,2026Q3,LA,2481,MIA,LIM,MIALIM,15:55:00,21:40:00,16:55:00,21:40:00,20:55:00,02:40:00,NO,763,OUT,TOUCH,01:00:00,FP,05:45:00,null,SI,NO,02:10:00,2,3,1,null,1,14:55:00,15:55:00,1 sept 2026,1 sept 2026,14:55:00,22:10:00,1 sept 2026,22:10:00,1 sept 2026,22:10:00,1 sept 2026,07:15:00,13:00:00,null,3525,0,0,1,0,3,-80.28,-77.12,Este," ",0,0,0,05:45:00,INT,3.944,00:00:00,00:00:00,1 sept 2026,J,INT
71,null,null,LIM,5 sept 2026,23:15:00,7 sept 2026,22:10:00,null,1,7 sept 2026,Sep-2026,2026Q3,LA,2481,MIA,LIM,MIALIM,15:55:00,21:40:00,16:55:00,21:40:00,20:55:00,02:40:00,NO,763,OUT,TOUCH,01:00:00,FP,05:45:00,null,SI,NO,02:10:00,2,3,1,null,1,14:55:00,15:55:00,7 sept 2026,7 sept 2026,14:55:00,22:10:00,7 sept 2026,22:10:00,7 sept 2026,22:10:00,7 sept 2026,07:15:00,13:00:00,null,3525,0,0,1,0,3,-80.28,-77.12,Este," ",0,0,0,05:45:00,INT,3.944,00:00:00,00:00:00,7 sept 2026,J,INT
120,null,null,LIM,10 sept 2026,23:15:00,12 sept 2026,22:10:00,null,1,12 sept 2026,Sep-2026,2026Q3,LA,2481,MIA,LIM,MIALIM,15:55:00,21:40:00,16:55:00,21:40:00,20:55:00,02:40:00,NO,763,OUT,TOUCH,01:00:00,FP,05:45:00,null,SI,NO,02:10:00,2,3,1,null,1,14:55:00,15:55:00,12 sept 2026,12 sept 2026,14:55:00,22:10:00,12 sept 2026,22:10:00,12 sept 2026,22:10:00,12 sept 2026,07:15:00,13:00:00,null,3525,0,0,1,0,3,-80.28,-77.12,Este," ",0,0,0,05:45:00,INT,3.944,00:00:00,00:00:00,12 sept 2026,J,INT
60,null,null,LIM,4 sept 2026,23:15:00,6 sept 2026,22:10:00,null,1,6 sept 2026,Sep-2026,2026Q3,LA,2481,MIA,LIM,MIALIM,15:55:00,21:40:00,16:55:00,21:40:00,20:55:00,02:40:00,NO,763,OUT,TOUCH,01:00:00,FP,05:45:00,null,SI,NO,02:10:00,2,3,1,null,1,14:55:00,15:55:00,6 sept 2026,6 sept 2026,14:55:00,22:10:00,6 sept 2026,22:10:00,6 sept 2026,22:10:00,6 sept 2026,07:15:00,13:00:00,null,3525,0,0,1,0,3,-80.28,-77.12,Este," ",0,0,0,05:45:00,INT,3.944,00:00:00,00:00:00,6 sept 2026,J,INT
39,null,null,LIM,2 sept 2026,23:15:00,4 sept 2026,22:10:00,null,1,4 sept 2026,Sep-2026,2026Q3,LA,2481,MIA,LIM,MIALIM,15:55:00,21:40:00,16:55:00,21:40:00,20:55:00,02:40:00,NO,763,OUT,TOUCH,01:00:00,FP,05:45:00,null,SI,NO,02:10:00,2,3,1,null,1,14:55:00,15:55:00,4 sept 2026,4 sept 2026,14:55:00,22:10:00,4 sept 2026,22:10:00,4 sept 2026,22:10:00,4 sept 2026,07:15:00,13:00:00,null,3525,0,0,1,0,3,-80.28,-77.12,Este," ",0,0,0,05:45:00,INT,3.944,00:00:00,00:00:00,4 sept 2026,J,INT
152,null,null,LIM,13 sept 2026,23:15:00,15 sept 2026,22:10:00,null,1,15 sept 2026,Sep-2026,2026Q3,LA,2481,MIA,LIM,MIALIM,15:55:00,21:40:00,16:55:00,21:40:00,20:55:00,02:40:00,NO,763,OUT,TOUCH,01:00:00,FP,05:45:00,null,SI,NO,02:10:00,2,3,1,null,1,14:55:00,15:55:00,15 sept 2026,15 sept 2026,14:55:00,22:10:00,15 sept 2026,22:10:00,15 sept 2026,22:10:00,15 sept 2026,07:15:00,13:00:00,null,3525,0,0,1,0,3,-80.28,-77.12,Este," ",0,0,0,05:45:00,INT,3.944,00:00:00,00:00:00,15 sept 2026,J,INT
284,null,null,LIM,26 sept 2026,23:15:00,28 sept 2026,22:10:00,null,1,28 sept 2026,Sep-2026,2026Q3,LA,2481,MIA,LIM,MIALIM,15:55:00,21:40:00,16:55:00,21:40:00,20:55:00,02:40:00,NO,763,OUT,TOUCH,01:00:00,FP,05:45:00,null,SI,NO,02:10:00,2,3,1,null,1,14:55:00,15:55:00,28 sept 2026,28 sept 2026,14:55:00,22:10:00,28 sept 2026,22:10:00,28 sept 2026,22:10:00,28 sept 2026,07:15:00,13:00:00,null,3525,0,0,1,0,3,-80.28,-77.12,Este," ",0,0,0,05:45:00,INT,3.944,00:00:00,00:00:00,28 sept 2026,J,INT
273,null,null,LIM,25 sept 2026,23:15:00,27 sept 2026,22:10:00,null,1,27 sept 2026,Sep-2026,2026Q3,LA,2481,MIA,LIM,MIALIM,15:55:00,21:40:00,16:55:00,21:40:00,20:55:00,02:40:00,NO,763,OUT,TOUCH,01:00:00,FP,05:45:00,null,SI,NO,02:10:00,2,3,1,null,1,14:55:00,15:55:00,27 sept 2026,27 sept 2026,14:55:00,22:10:00,27 sept 2026,22:10:00,27 sept 2026,22:10:00,27 sept 2026,07:15:00,13:00:00,null,3525,0,0,1,0,3,-80.28,-77.12,Este," ",0,0,0,05:45:00,INT,3.944,00:00:00,00:00:00,27 sept 2026,J,INT
142,null,null,LIM,12 sept 2026,23:15:00,14 sept 2026,22:10:00,null,1,14 sept 2026,Sep-2026,2026Q3,LA,2481,MIA,LIM,MIALIM,15:55:00,21:40:00,16:55:00,21:40:00,20:55:00,02:40:00,NO,763,OUT,TOUCH,01:00:00,FP,05:45:00,null,SI,NO,02:10:00,2,3,1,null,1,14:55:00,15:55:00,14 sept 2026,14 sept 2026,14:55:00,22:10:00,14 sept 2026,22:10:00,14 sept 2026,22:10:00,14 sept 2026,07:15:00,13:00:00,null,3525,0,0,1,0,3,-80.28,-77.12,Este," ",0,0,0,05:45:00,INT,3.944,00:00:00,00:00:00,14 sept 2026,J,INT
181,null,null,LIM,16 sept 2026,23:15:00,18 sept 2026,22:10:00,null,1,18 sept 2026,Sep-2026,2026Q3,LA,2481,MIA,LIM,MIALIM,15:55:00,21:40:00,16:55:00,21:40:00,20:55:00,02:40:00,NO,763,OUT,TOUCH,01:00:00,FP,05:45:00,null,SI,NO,02:10:00,2,3,1,null,1,14:55:00,15:55:00,18 sept 2026,18 sept 2026,14:55:00,22:10:00,18 sept 2026,22:10:00,18 sept 2026,22:10:00,18 sept 2026,07:15:00,13:00:00,null,3525,0,0,1,0,3,-80.28,-77.12,Este," ",0,0,0,05:45:00,INT,3.944,00:00:00,00:00:00,18 sept 2026,J,INT
223,null,null,LIM,20 sept 2026,23:15:00,22 sept 2026,22:10:00,null,1,22 sept 2026,Sep-2026,2026Q3,LA,2481,MIA,LIM,MIALIM,15:55:00,21:40:00,16:55:00,21:40:00,20:55:00,02:40:00,NO,763,OUT,TOUCH,01:00:00,FP,05:45:00,null,SI,NO,02:10:00,2,3,1,null,1,14:55:00,15:55:00,22 sept 2026,22 sept 2026,14:55:00,22:10:00,22 sept 2026,22:10:00,22 sept 2026,22:10:00,22 sept 2026,07:15:00,13:00:00,null,3525,0,0,1,0,3,-80.28,-77.12,Este," ",0,0,0,05:45:00,INT,3.944,00:00:00,00:00:00,22 sept 2026,J,INT
304,null,null,LIM,28 sept 2026,23:15:00,30 sept 2026,22:10:00,null,1,30 sept 2026,Sep-2026,2026Q3,LA,2481,MIA,LIM,MIALIM,15:55:00,21:40:00,16:55:00,21:40:00,20:55:00,02:40:00,NO,763,OUT,TOUCH,01:00:00,FP,05:45:00,null,SI,NO,02:10:00,2,3,1,null,1,14:55:00,15:55:00,30 sept 2026,30 sept 2026,14:55:00,22:10:00,30 sept 2026,22:10:00,30 sept 2026,22:10:00,30 sept 2026,07:15:00,13:00:00,null,3525,0,0,1,0,3,-80.28,-77.12,Este," ",0,0,0,05:45:00,INT,3.944,00:00:00,00:00:00,30 sept 2026,J,INT
233,null,null,LIM,21 sept 2026,23:15:00,23 sept 2026,22:10:00,null,1,23 sept 2026,Sep-2026,2026Q3,LA,2481,MIA,LIM,MIALIM,15:55:00,21:40:00,16:55:00,21:40:00,20:55:00,02:40:00,NO,763,OUT,TOUCH,01:00:00,FP,05:45:00,null,SI,NO,02:10:00,2,3,1,null,1,14:55:00,15:55:00,23 sept 2026,23 sept 2026,14:55:00,22:10:00,23 sept 2026,22:10:00,23 sept 2026,22:10:00,23 sept 2026,07:15:00,13:00:00,null,3525,0,0,1,0,3,-80.28,-77.12,Este," ",0,0,0,05:45:00,INT,3.944,00:00:00,00:00:00,23 sept 2026,J,INT
242,null,null,LIM,22 sept 2026,23:15:00,24 sept 2026,22:30:00,null,1,24 sept 2026,Sep-2026,2026Q3,LA,2695,MIA,LIM,MIALIM,16:10:00,22:00:00,17:10:00,22:00:00,21:10:00,03:00:00,NO,763,OUT,TOUCH,01:00:00,FP,05:50:00,null,SI,NO,03:00:00,2,3,1,null,1,15:10:00,16:10:00,24 sept 2026,24 sept 2026,15:10:00,22:30:00,24 sept 2026,22:30:00,24 sept 2026,22:30:00,24 sept 2026,07:20:00,13:00:00,null,3349,0,0,1,0,3,-80.28,-77.12,Este," ",0,0,0,05:50:00,INT,3.972,00:00:00,00:00:00,24 sept 2026,J,INT
171,null,null,LIM,15 sept 2026,23:15:00,17 sept 2026,22:30:00,null,1,17 sept 2026,Sep-2026,2026Q3,LA,2695,MIA,LIM,MIALIM,16:10:00,22:00:00,17:10:00,22:00:00,21:10:00,03:00:00,NO,763,OUT,TOUCH,01:00:00,FP,05:50:00,null,SI,NO,03:00:00,2,3,1,null,1,15:10:00,16:10:00,17 sept 2026,17 sept 2026,15:10:00,22:30:00,17 sept 2026,22:30:00,17 sept 2026,22:30:00,17 sept 2026,07:20:00,13:00:00,null,3349,0,0,1,0,3,-80.28,-77.12,Este," ",0,0,0,05:50:00,INT,3.972,00:00:00,00:00:00,17 sept 2026,J,INT
313,null,null,LIM,29 sept 2026,23:15:00,1 oct 2026,22:30:00,null,1,1 oct 2026,Oct-2026,2026Q3,LA,2695,MIA,LIM,MIALIM,16:10:00,22:00:00,17:10:00,22:00:00,21:10:00,03:00:00,NO,763,OUT,TOUCH,01:00:00,FP,05:50:00,null,SI,NO,03:00:00,2,3,1,null,1,15:10:00,16:10:00,1 oct 2026,1 oct 2026,15:10:00,22:30:00,1 oct 2026,22:30:00,1 oct 2026,22:30:00,1 oct 2026,07:20:00,13:00:00,null,3349,0,0,1,0,3,-80.28,-77.12,Este," ",0,0,0,05:50:00,INT,3.972,00:00:00,00:00:00,1 oct 2026,J,INT
29,null,null,LIM,1 sept 2026,23:15:00,3 sept 2026,22:30:00,null,1,3 sept 2026,Sep-2026,2026Q3,LA,2695,MIA,LIM,MIALIM,16:10:00,22:00:00,17:10:00,22:00:00,21:10:00,03:00:00,NO,763,OUT,TOUCH,01:00:00,FP,05:50:00,null,SI,NO,03:00:00,2,3,1,null,1,15:10:00,16:10:00,3 sept 2026,3 sept 2026,15:10:00,22:30:00,3 sept 2026,22:30:00,3 sept 2026,22:30:00,3 sept 2026,07:20:00,13:00:00,null,3349,0,0,1,0,3,-80.28,-77.12,Este," ",0,0,0,05:50:00,INT,3.972,00:00:00,00:00:00,3 sept 2026,J,INT
100,null,null,LIM,8 sept 2026,23:15:00,10 sept 2026,22:30:00,null,1,10 sept 2026,Sep-2026,2026Q3,LA,2695,MIA,LIM,MIALIM,16:10:00,22:00:00,17:10:00,22:00:00,21:10:00,03:00:00,NO,763,OUT,TOUCH,01:00:00,FP,05:50:00,null,SI,NO,03:00:00,2,3,1,null,1,15:10:00,16:10:00,10 sept 2026,10 sept 2026,15:10:00,22:30:00,10 sept 2026,22:30:00,10 sept 2026,22:30:00,10 sept 2026,07:20:00,13:00:00,null,3349,0,0,1,0,3,-80.28,-77.12,Este," ",0,0,0,05:50:00,INT,3.972,00:00:00,00:00:00,10 sept 2026,J,INT
26,null,null,LIM,1 sept 2026,12:30:00,4 sept 2026,07:00:00,null,1,4 sept 2026,Sep-2026,2026Q3,LA,2693,MIA,LIM,MIALIM,00:45:00,06:30:00,01:45:00,06:30:00,05:45:00,11:30:00,NO,763,OUT,TOUCH,01:00:00,FP,05:45:00,null,SI,NO,02:55:00,2,4,1,null,1,23:45:00,00:45:00,4 sept 2026,3 sept 2026,23:45:00,07:00:00,4 sept 2026,07:00:00,4 sept 2026,07:00:00,4 sept 2026,07:15:00,13:00:00,null,3345,0,0,1,0,4,-80.28,-77.12,Este," ",0,0,0,05:45:00,INT,2.958,00:00:00,00:00:00,4 sept 2026,J,INT
310,null,null,LIM,29 sept 2026,12:30:00,2 oct 2026,07:00:00,null,1,2 oct 2026,Oct-2026,2026Q3,LA,2693,MIA,LIM,MIALIM,00:45:00,06:30:00,01:45:00,06:30:00,05:45:00,11:30:00,NO,763,OUT,TOUCH,01:00:00,FP,05:45:00,null,SI,NO,02:55:00,2,4,1,null,1,23:45:00,00:45:00,2 oct 2026,1 oct 2026,23:45:00,07:00:00,2 oct 2026,07:00:00,2 oct 2026,07:00:00,2 oct 2026,07:15:00,13:00:00,null,3345,0,0,1,0,4,-80.28,-77.12,Este," ",0,0,0,05:45:00,INT,2.958,00:00:00,00:00:00,2 oct 2026,J,INT
239,null,null,LIM,22 sept 2026,12:30:00,25 sept 2026,07:00:00,null,1,25 sept 2026,Sep-2026,2026Q3,LA,2693,MIA,LIM,MIALIM,00:45:00,06:30:00,01:45:00,06:30:00,05:45:00,11:30:00,NO,763,OUT,TOUCH,01:00:00,FP,05:45:00,null,SI,NO,02:55:00,2,4,1,null,1,23:45:00,00:45:00,25 sept 2026,24 sept 2026,23:45:00,07:00:00,25 sept 2026,07:00:00,25 sept 2026,07:00:00,25 sept 2026,07:15:00,13:00:00,null,3345,0,0,1,0,4,-80.28,-77.12,Este," ",0,0,0,05:45:00,INT,2.958,00:00:00,00:00:00,25 sept 2026,J,INT
269,null,null,LIM,25 sept 2026,12:30:00,26 sept 2026,22:30:00,null,1,26 sept 2026,Sep-2026,2026Q3,LA,2695,MIA,LIM,MIALIM,16:10:00,22:00:00,17:10:00,22:00:00,21:10:00,03:00:00,NO,763,OUT,TOUCH,01:00:00,FP,05:50:00,null,SI,NO,03:00:00,2,2,1,null,1,15:10:00,16:10:00,26 sept 2026,26 sept 2026,15:10:00,22:30:00,26 sept 2026,22:30:00,26 sept 2026,22:30:00,26 sept 2026,07:20:00,13:00:00,null,3328,0,0,1,0,4,-80.28,-77.12,Este," ",0,0,0,05:50:00,INT,5.958,00:00:00,00:00:00,26 sept 2026,J,INT
127,null,null,LIM,11 sept 2026,12:30:00,12 sept 2026,22:30:00,null,1,12 sept 2026,Sep-2026,2026Q3,LA,2695,MIA,LIM,MIALIM,16:10:00,22:00:00,17:10:00,22:00:00,21:10:00,03:00:00,NO,763,OUT,TOUCH,01:00:00,FP,05:50:00,null,SI,NO,03:00:00,2,2,1,null,1,15:10:00,16:10:00,12 sept 2026,12 sept 2026,15:10:00,22:30:00,12 sept 2026,22:30:00,12 sept 2026,22:30:00,12 sept 2026,07:20:00,13:00:00,null,3328,0,0,1,0,4,-80.28,-77.12,Este," ",0,0,0,05:50:00,INT,5.958,00:00:00,00:00:00,12 sept 2026,J,INT
84,null,null,LIM,7 sept 2026,07:15:00,11 sept 2026,07:00:00,null,1,11 sept 2026,Sep-2026,2026Q3,LA,2693,MIA,LIM,MIALIM,00:45:00,06:30:00,01:45:00,06:30:00,05:45:00,11:30:00,NO,763,OUT,TOUCH,01:00:00,FP,05:45:00,null,SI,NO,02:55:00,2,5,1,null,1,23:45:00,00:45:00,11 sept 2026,10 sept 2026,23:45:00,07:00:00,11 sept 2026,07:00:00,11 sept 2026,07:00:00,11 sept 2026,07:15:00,13:00:00,null,3317,0,0,1,0,4,-80.28,-77.12,Este," ",0,0,0,05:45:00,INT,2.366,00:00:00,00:00:00,11 sept 2026,J,INT
155,null,null,LIM,14 sept 2026,07:15:00,18 sept 2026,07:00:00,null,1,18 sept 2026,Sep-2026,2026Q3,LA,2693,MIA,LIM,MIALIM,00:45:00,06:30:00,01:45:00,06:30:00,05:45:00,11:30:00,NO,763,OUT,TOUCH,01:00:00,FP,05:45:00,null,SI,NO,02:55:00,2,5,1,null,1,23:45:00,00:45:00,18 sept 2026,17 sept 2026,23:45:00,07:00:00,18 sept 2026,07:00:00,18 sept 2026,07:00:00,18 sept 2026,07:15:00,13:00:00,null,3317,0,0,1,0,4,-80.28,-77.12,Este," ",0,0,0,05:45:00,INT,2.366,00:00:00,00:00:00,18 sept 2026,J,INT
17,3,LA2694310826,LIM,31 ago 2026,12:30:00,2 sept 2026,05:30:00,1,null,31 ago 2026,Aug-2026,2026Q3,LA,2694,LIM,MIA,LIMMIA,13:30:00,19:35:00,13:30:00,20:35:00,18:30:00,00:35:00,NO,763,BASE,NO,01:00:00,FP,06:05:00,null,SI,NO,03:00:00,1,1,1,null,1,12:30:00,12:30:00,31 ago 2026,31 ago 2026,12:30:00,21:05:00,31 ago 2026,20:05:00,31 ago 2026,20:05:00,31 ago 2026,07:35:00,13:00:00,26:10:00,3166,0,0,1,0,4,-77.12,-80.28,Oeste," ",0,0,0,06:05:00,INT,3.944,00:00:00,00:00:00,31 ago 2026,J,INT
97,4,null,LIM,8 sept 2026,12:30:00,11 sept 2026,05:30:00,1,null,8 sept 2026,Sep-2026,2026Q3,LA,2694,LIM,MIA,LIMMIA,13:30:00,19:35:00,13:30:00,20:35:00,18:30:00,00:35:00,NO,763,BASE,NO,01:00:00,FP,06:05:00,null,SI,NO,03:00:00,1,1,1,null,1,12:30:00,12:30:00,8 sept 2026,8 sept 2026,12:30:00,21:05:00,8 sept 2026,20:05:00,8 sept 2026,20:05:00,8 sept 2026,07:35:00,13:00:00,50:10:00,3166,0,0,1,0,4,-77.12,-80.28,Oeste," ",0,0,0,06:05:00,INT,2.958,00:00:00,00:00:00,8 sept 2026,J,INT
259,4,null,LIM,24 sept 2026,12:30:00,27 sept 2026,05:30:00,1,null,24 sept 2026,Sep-2026,2026Q3,LA,2694,LIM,MIA,LIMMIA,13:30:00,19:35:00,13:30:00,20:35:00,18:30:00,00:35:00,NO,763,BASE,NO,01:00:00,FP,06:05:00,null,SI,NO,03:00:00,1,1,1,null,1,12:30:00,12:30:00,24 sept 2026,24 sept 2026,12:30:00,21:05:00,24 sept 2026,20:05:00,24 sept 2026,20:05:00,24 sept 2026,07:35:00,13:00:00,50:10:00,3166,0,0,1,0,4,-77.12,-80.28,Oeste," ",0,0,0,06:05:00,INT,2.958,00:00:00,00:00:00,24 sept 2026,J,INT
239,4,null,LIM,22 sept 2026,12:30:00,25 sept 2026,07:00:00,1,null,22 sept 2026,Sep-2026,2026Q3,LA,2694,LIM,MIA,LIMMIA,13:30:00,19:35:00,13:30:00,20:35:00,18:30:00,00:35:00,NO,763,BASE,NO,01:00:00,FP,06:05:00,null,SI,NO,03:00:00,1,1,1,null,1,12:30:00,12:30:00,22 sept 2026,22 sept 2026,12:30:00,21:05:00,22 sept 2026,20:05:00,22 sept 2026,20:05:00,22 sept 2026,07:35:00,13:00:00,51:40:00,3166,0,0,1,0,4,-77.12,-80.28,Oeste," ",0,0,0,06:05:00,INT,2.958,00:00:00,00:00:00,22 sept 2026,J,INT
68,3,null,LIM,5 sept 2026,12:30:00,7 sept 2026,22:30:00,1,null,5 sept 2026,Sep-2026,2026Q3,LA,2694,LIM,MIA,LIMMIA,13:30:00,19:35:00,13:30:00,20:35:00,18:30:00,00:35:00,NO,763,BASE,NO,01:00:00,FP,06:05:00,null,SI,NO,03:00:00,1,1,1,null,1,12:30:00,12:30:00,5 sept 2026,5 sept 2026,12:30:00,21:05:00,5 sept 2026,20:05:00,5 sept 2026,20:05:00,5 sept 2026,07:35:00,13:00:00,43:05:00,3166,0,0,1,0,4,-77.12,-80.28,Oeste," ",0,0,0,06:05:00,INT,3.972,00:00:00,00:00:00,5 sept 2026,J,INT
230,5,null,LIM,21 sept 2026,12:30:00,25 sept 2026,05:30:00,1,null,21 sept 2026,Sep-2026,2026Q3,LA,2694,LIM,MIA,LIMMIA,13:30:00,19:35:00,13:30:00,20:35:00,18:30:00,00:35:00,NO,763,BASE,NO,01:00:00,FP,06:05:00,null,SI,NO,03:00:00,1,1,1,null,1,12:30:00,12:30:00,21 sept 2026,21 sept 2026,12:30:00,21:05:00,21 sept 2026,20:05:00,21 sept 2026,20:05:00,21 sept 2026,07:35:00,13:00:00,74:10:00,3166,0,0,1,0,4,-77.12,-80.28,Oeste," ",0,0,0,06:05:00,INT,2.366,00:00:00,00:00:00,21 sept 2026,J,INT
188,3,null,LIM,17 sept 2026,12:30:00,19 sept 2026,22:30:00,1,null,17 sept 2026,Sep-2026,2026Q3,LA,2694,LIM,MIA,LIMMIA,13:30:00,19:35:00,13:30:00,20:35:00,18:30:00,00:35:00,NO,763,BASE,NO,01:00:00,FP,06:05:00,null,SI,NO,03:00:00,1,1,1,null,1,12:30:00,12:30:00,17 sept 2026,17 sept 2026,12:30:00,21:05:00,17 sept 2026,20:05:00,17 sept 2026,20:05:00,17 sept 2026,07:35:00,13:00:00,43:05:00,3166,0,0,1,0,4,-77.12,-80.28,Oeste," ",0,0,0,06:05:00,INT,3.972,00:00:00,00:00:00,17 sept 2026,J,INT
198,3,null,LIM,18 sept 2026,12:30:00,20 sept 2026,05:30:00,1,null,18 sept 2026,Sep-2026,2026Q3,LA,2694,LIM,MIA,LIMMIA,13:30:00,19:35:00,13:30:00,20:35:00,18:30:00,00:35:00,NO,763,BASE,NO,01:00:00,FP,06:05:00,null,SI,NO,03:00:00,1,1,1,null,1,12:30:00,12:30:00,18 sept 2026,18 sept 2026,12:30:00,21:05:00,18 sept 2026,20:05:00,18 sept 2026,20:05:00,18 sept 2026,07:35:00,13:00:00,26:10:00,3166,0,0,1,0,4,-77.12,-80.28,Oeste," ",0,0,0,06:05:00,INT,3.944,00:00:00,00:00:00,18 sept 2026,J,INT
301,5,null,LIM,28 sept 2026,12:30:00,2 oct 2026,05:30:00,1,null,28 sept 2026,Sep-2026,2026Q3,LA,2694,LIM,MIA,LIMMIA,13:30:00,19:35:00,13:30:00,20:35:00,18:30:00,00:35:00,NO,763,BASE,NO,01:00:00,FP,06:05:00,null,SI,NO,03:00:00,1,1,1,null,1,12:30:00,12:30:00,28 sept 2026,28 sept 2026,12:30:00,21:05:00,28 sept 2026,20:05:00,28 sept 2026,20:05:00,28 sept 2026,07:35:00,13:00:00,74:10:00,3166,0,0,1,0,4,-77.12,-80.28,Oeste," ",0,0,0,06:05:00,INT,2.366,00:00:00,00:00:00,28 sept 2026,J,INT
26,4,null,LIM,1 sept 2026,12:30:00,4 sept 2026,07:00:00,1,null,1 sept 2026,Sep-2026,2026Q3,LA,2694,LIM,MIA,LIMMIA,13:30:00,19:35:00,13:30:00,20:35:00,18:30:00,00:35:00,NO,763,BASE,NO,01:00:00,FP,06:05:00,null,SI,NO,03:00:00,1,1,1,null,1,12:30:00,12:30:00,1 sept 2026,1 sept 2026,12:30:00,21:05:00,1 sept 2026,20:05:00,1 sept 2026,20:05:00,1 sept 2026,07:35:00,13:00:00,51:40:00,3166,0,0,1,0,4,-77.12,-80.28,Oeste," ",0,0,0,06:05:00,INT,2.958,00:00:00,00:00:00,1 sept 2026,J,INT
269,2,null,LIM,25 sept 2026,12:30:00,26 sept 2026,22:30:00,1,null,25 sept 2026,Sep-2026,2026Q3,LA,2694,LIM,MIA,LIMMIA,13:30:00,19:35:00,13:30:00,20:35:00,18:30:00,00:35:00,NO,763,BASE,NO,01:00:00,FP,06:05:00,null,SI,NO,03:00:00,1,1,1,null,1,12:30:00,12:30:00,25 sept 2026,25 sept 2026,12:30:00,21:05:00,25 sept 2026,20:05:00,25 sept 2026,20:05:00,25 sept 2026,07:35:00,13:00:00,19:05:00,3166,0,0,1,0,4,-77.12,-80.28,Oeste," ",0,0,0,06:05:00,INT,5.958,00:00:00,00:00:00,25 sept 2026,J,INT
127,2,null,LIM,11 sept 2026,12:30:00,12 sept 2026,22:30:00,1,null,11 sept 2026,Sep-2026,2026Q3,LA,2694,LIM,MIA,LIMMIA,13:30:00,19:35:00,13:30:00,20:35:00,18:30:00,00:35:00,NO,763,BASE,NO,01:00:00,FP,06:05:00,null,SI,NO,03:00:00,1,1,1,null,1,12:30:00,12:30:00,11 sept 2026,11 sept 2026,12:30:00,21:05:00,11 sept 2026,20:05:00,11 sept 2026,20:05:00,11 sept 2026,07:35:00,13:00:00,19:05:00,3166,0,0,1,0,4,-77.12,-80.28,Oeste," ",0,0,0,06:05:00,INT,5.958,00:00:00,00:00:00,11 sept 2026,J,INT
88,3,null,LIM,7 sept 2026,12:30:00,9 sept 2026,05:30:00,1,null,7 sept 2026,Sep-2026,2026Q3,LA,2694,LIM,MIA,LIMMIA,13:30:00,19:35:00,13:30:00,20:35:00,18:30:00,00:35:00,NO,763,BASE,NO,01:00:00,FP,06:05:00,null,SI,NO,03:00:00,1,1,1,null,1,12:30:00,12:30:00,7 sept 2026,7 sept 2026,12:30:00,21:05:00,7 sept 2026,20:05:00,7 sept 2026,20:05:00,7 sept 2026,07:35:00,13:00:00,26:10:00,3166,0,0,1,0,4,-77.12,-80.28,Oeste," ",0,0,0,06:05:00,INT,3.944,00:00:00,00:00:00,7 sept 2026,J,INT
117,3,null,LIM,10 sept 2026,12:30:00,12 sept 2026,05:30:00,1,null,10 sept 2026,Sep-2026,2026Q3,LA,2694,LIM,MIA,LIMMIA,13:30:00,19:35:00,13:30:00,20:35:00,18:30:00,00:35:00,NO,763,BASE,NO,01:00:00,FP,06:05:00,null,SI,NO,03:00:00,1,1,1,null,1,12:30:00,12:30:00,10 sept 2026,10 sept 2026,12:30:00,21:05:00,10 sept 2026,20:05:00,10 sept 2026,20:05:00,10 sept 2026,07:35:00,13:00:00,26:10:00,3166,0,0,1,0,4,-77.12,-80.28,Oeste," ",0,0,0,06:05:00,INT,3.944,00:00:00,00:00:00,10 sept 2026,J,INT
46,3,null,LIM,3 sept 2026,12:30:00,5 sept 2026,05:30:00,1,null,3 sept 2026,Sep-2026,2026Q3,LA,2694,LIM,MIA,LIMMIA,13:30:00,19:35:00,13:30:00,20:35:00,18:30:00,00:35:00,NO,763,BASE,NO,01:00:00,FP,06:05:00,null,SI,NO,03:00:00,1,1,1,null,1,12:30:00,12:30:00,3 sept 2026,3 sept 2026,12:30:00,21:05:00,3 sept 2026,20:05:00,3 sept 2026,20:05:00,3 sept 2026,07:35:00,13:00:00,26:10:00,3166,0,0,1,0,4,-77.12,-80.28,Oeste," ",0,0,0,06:05:00,INT,3.944,00:00:00,00:00:00,3 sept 2026,J,INT
139,3,null,LIM,12 sept 2026,12:30:00,14 sept 2026,22:30:00,1,null,12 sept 2026,Sep-2026,2026Q3,LA,2694,LIM,MIA,LIMMIA,13:30:00,19:35:00,13:30:00,20:35:00,18:30:00,00:35:00,NO,763,BASE,NO,01:00:00,FP,06:05:00,null,SI,NO,03:00:00,1,1,1,null,1,12:30:00,12:30:00,12 sept 2026,12 sept 2026,12:30:00,21:05:00,12 sept 2026,20:05:00,12 sept 2026,20:05:00,12 sept 2026,07:35:00,13:00:00,43:05:00,3166,0,0,1,0,4,-77.12,-80.28,Oeste," ",0,0,0,06:05:00,INT,3.972,00:00:00,00:00:00,12 sept 2026,J,INT
56,3,null,LIM,4 sept 2026,12:30:00,6 sept 2026,05:30:00,1,null,4 sept 2026,Sep-2026,2026Q3,LA,2694,LIM,MIA,LIMMIA,13:30:00,19:35:00,13:30:00,20:35:00,18:30:00,00:35:00,NO,763,BASE,NO,01:00:00,FP,06:05:00,null,SI,NO,03:00:00,1,1,1,null,1,12:30:00,12:30:00,4 sept 2026,4 sept 2026,12:30:00,21:05:00,4 sept 2026,20:05:00,4 sept 2026,20:05:00,4 sept 2026,07:35:00,13:00:00,26:10:00,3166,0,0,1,0,4,-77.12,-80.28,Oeste," ",0,0,0,06:05:00,INT,3.944,00:00:00,00:00:00,4 sept 2026,J,INT
310,4,null,LIM,29 sept 2026,12:30:00,2 oct 2026,07:00:00,1,null,29 sept 2026,Sep-2026,2026Q3,LA,2694,LIM,MIA,LIMMIA,13:30:00,19:35:00,13:30:00,20:35:00,18:30:00,00:35:00,NO,763,BASE,NO,01:00:00,FP,06:05:00,null,SI,NO,03:00:00,1,1,1,null,1,12:30:00,12:30:00,29 sept 2026,29 sept 2026,12:30:00,21:05:00,29 sept 2026,20:05:00,29 sept 2026,20:05:00,29 sept 2026,07:35:00,13:00:00,51:40:00,3166,0,0,1,0,4,-77.12,-80.28,Oeste," ",0,0,0,06:05:00,INT,2.958,00:00:00,00:00:00,29 sept 2026,J,INT
1,4,LA2694290826,LIM,29 ago 2026,12:30:00,1 sept 2026,05:30:00,1,null,29 ago 2026,Aug-2026,2026Q3,LA,2694,LIM,MIA,LIMMIA,13:30:00,19:35:00,13:30:00,20:35:00,18:30:00,00:35:00,NO,763,BASE,NO,01:00:00,FP,06:05:00,null,SI,NO,03:00:00,1,1,1,null,1,12:30:00,12:30:00,29 ago 2026,29 ago 2026,12:30:00,21:05:00,29 ago 2026,20:05:00,29 ago 2026,20:05:00,29 ago 2026,07:35:00,13:00:00,50:10:00,3166,0,0,1,0,4,-77.12,-80.28,Oeste," ",0,0,0,06:05:00,INT,2.958,00:00:00,00:00:00,29 ago 2026,J,INT
210,4,null,LIM,19 sept 2026,12:30:00,22 sept 2026,05:30:00,1,null,19 sept 2026,Sep-2026,2026Q3,LA,2694,LIM,MIA,LIMMIA,13:30:00,19:35:00,13:30:00,20:35:00,18:30:00,00:35:00,NO,763,BASE,NO,01:00:00,FP,06:05:00,null,SI,NO,03:00:00,1,1,1,null,1,12:30:00,12:30:00,19 sept 2026,19 sept 2026,12:30:00,21:05:00,19 sept 2026,20:05:00,19 sept 2026,20:05:00,19 sept 2026,07:35:00,13:00:00,50:10:00,3166,0,0,1,0,4,-77.12,-80.28,Oeste," ",0,0,0,06:05:00,INT,2.958,00:00:00,00:00:00,19 sept 2026,J,INT
168,4,null,LIM,15 sept 2026,12:30:00,18 sept 2026,05:30:00,1,null,15 sept 2026,Sep-2026,2026Q3,LA,2694,LIM,MIA,LIMMIA,13:30:00,19:35:00,13:30:00,20:35:00,18:30:00,00:35:00,NO,763,BASE,NO,01:00:00,FP,06:05:00,null,SI,NO,03:00:00,1,1,1,null,1,12:30:00,12:30:00,15 sept 2026,15 sept 2026,12:30:00,21:05:00,15 sept 2026,20:05:00,15 sept 2026,20:05:00,15 sept 2026,07:35:00,13:00:00,50:10:00,3166,0,0,1,0,4,-77.12,-80.28,Oeste," ",0,0,0,06:05:00,INT,2.958,00:00:00,00:00:00,15 sept 2026,J,INT
281,3,null,LIM,26 sept 2026,12:30:00,28 sept 2026,22:30:00,1,null,26 sept 2026,Sep-2026,2026Q3,LA,2694,LIM,MIA,LIMMIA,13:30:00,19:35:00,13:30:00,20:35:00,18:30:00,00:35:00,NO,763,BASE,NO,01:00:00,FP,06:05:00,null,SI,NO,03:00:00,1,1,1,null,1,12:30:00,12:30:00,26 sept 2026,26 sept 2026,12:30:00,21:05:00,26 sept 2026,20:05:00,26 sept 2026,20:05:00,26 sept 2026,07:35:00,13:00:00,43:05:00,3166,0,0,1,0,4,-77.12,-80.28,Oeste," ",0,0,0,06:05:00,INT,3.972,00:00:00,00:00:00,26 sept 2026,J,INT
159,3,null,LIM,14 sept 2026,12:30:00,16 sept 2026,05:30:00,1,null,14 sept 2026,Sep-2026,2026Q3,LA,2694,LIM,MIA,LIMMIA,13:30:00,19:35:00,13:30:00,20:35:00,18:30:00,00:35:00,NO,763,BASE,NO,01:00:00,FP,06:05:00,null,SI,NO,03:00:00,1,1,1,null,1,12:30:00,12:30:00,14 sept 2026,14 sept 2026,12:30:00,21:05:00,14 sept 2026,20:05:00,14 sept 2026,20:05:00,14 sept 2026,07:35:00,13:00:00,26:10:00,3166,0,0,1,0,4,-77.12,-80.28,Oeste," ",0,0,0,06:05:00,INT,3.944,00:00:00,00:00:00,14 sept 2026,J,INT
240,null,null,LIM,22 sept 2026,22:00:00,25 sept 2026,07:00:00,null,1,25 sept 2026,Sep-2026,2026Q3,LA,2485,MAD,LIM,MADLIM,18:45:00,06:30:00,01:45:00,06:30:00,23:45:00,11:30:00,NO,789,OUT,TOUCH,01:00:00,FP,11:45:00,null,SI,NO,02:55:00,2,3,1,null,1,17:45:00,00:45:00,25 sept 2026,24 sept 2026,17:45:00,07:00:00,25 sept 2026,07:00:00,25 sept 2026,07:00:00,25 sept 2026,13:15:00,13:00:00,null,3068,0,0,1,0,8,-3.57,-77.12,Oeste," ",0,0,0,11:45:00,INT,5.77,00:00:00,00:00:00,24 sept 2026,J,INT
260,null,null,LIM,24 sept 2026,22:00:00,27 sept 2026,07:00:00,null,1,27 sept 2026,Sep-2026,2026Q3,LA,2485,MAD,LIM,MADLIM,18:45:00,06:30:00,01:45:00,06:30:00,23:45:00,11:30:00,NO,789,OUT,TOUCH,01:00:00,FP,11:45:00,null,SI,NO,02:55:00,2,3,1,null,1,17:45:00,00:45:00,27 sept 2026,26 sept 2026,17:45:00,07:00:00,27 sept 2026,07:00:00,27 sept 2026,07:00:00,27 sept 2026,13:15:00,13:00:00,null,3068,0,0,1,0,8,-3.57,-77.12,Oeste," ",0,0,0,11:45:00,INT,5.77,00:00:00,00:00:00,26 sept 2026,J,INT
311,null,null,LIM,29 sept 2026,22:00:00,2 oct 2026,07:00:00,null,1,2 oct 2026,Oct-2026,2026Q3,LA,2485,MAD,LIM,MADLIM,18:45:00,06:30:00,01:45:00,06:30:00,23:45:00,11:30:00,NO,789,OUT,TOUCH,01:00:00,FP,11:45:00,null,SI,NO,02:55:00,2,3,1,null,1,17:45:00,00:45:00,2 oct 2026,1 oct 2026,17:45:00,07:00:00,2 oct 2026,07:00:00,2 oct 2026,07:00:00,2 oct 2026,13:15:00,13:00:00,null,3068,0,0,1,0,8,-3.57,-77.12,Oeste," ",0,0,0,11:45:00,INT,5.77,00:00:00,00:00:00,1 oct 2026,J,INT
108,null,null,LIM,9 sept 2026,22:00:00,12 sept 2026,07:00:00,null,1,12 sept 2026,Sep-2026,2026Q3,LA,2485,MAD,LIM,MADLIM,18:45:00,06:30:00,01:45:00,06:30:00,23:45:00,11:30:00,NO,789,OUT,TOUCH,01:00:00,FP,11:45:00,null,SI,NO,02:55:00,2,3,1,null,1,17:45:00,00:45:00,12 sept 2026,11 sept 2026,17:45:00,07:00:00,12 sept 2026,07:00:00,12 sept 2026,07:00:00,12 sept 2026,13:15:00,13:00:00,null,3068,0,0,1,0,8,-3.57,-77.12,Oeste," ",0,0,0,11:45:00,INT,5.77,00:00:00,00:00:00,11 sept 2026,J,INT
231,null,null,LIM,21 sept 2026,22:00:00,24 sept 2026,07:00:00,null,1,24 sept 2026,Sep-2026,2026Q3,LA,2485,MAD,LIM,MADLIM,18:45:00,06:30:00,01:45:00,06:30:00,23:45:00,11:30:00,NO,788,OUT,TOUCH,01:00:00,FP,11:45:00,null,SI,NO,02:55:00,2,3,1,null,1,17:45:00,00:45:00,24 sept 2026,23 sept 2026,17:45:00,07:00:00,24 sept 2026,07:00:00,24 sept 2026,07:00:00,24 sept 2026,13:15:00,13:00:00,null,3068,0,0,1,0,8,-3.57,-77.12,Oeste," ",0,0,0,11:45:00,INT,5.77,00:00:00,00:00:00,23 sept 2026,J,INT
200,null,null,LIM,18 sept 2026,22:00:00,21 sept 2026,07:00:00,null,1,21 sept 2026,Sep-2026,2026Q3,LA,2485,MAD,LIM,MADLIM,18:45:00,06:30:00,01:45:00,06:30:00,23:45:00,11:30:00,NO,789,OUT,TOUCH,01:00:00,FP,11:45:00,null,SI,NO,02:55:00,2,3,1,null,1,17:45:00,00:45:00,21 sept 2026,20 sept 2026,17:45:00,07:00:00,21 sept 2026,07:00:00,21 sept 2026,07:00:00,21 sept 2026,13:15:00,13:00:00,null,3068,0,0,1,0,8,-3.57,-77.12,Oeste," ",0,0,0,11:45:00,INT,5.77,00:00:00,00:00:00,20 sept 2026,J,INT
37,null,null,LIM,2 sept 2026,22:00:00,5 sept 2026,07:00:00,null,1,5 sept 2026,Sep-2026,2026Q3,LA,2485,MAD,LIM,MADLIM,18:45:00,06:30:00,01:45:00,06:30:00,23:45:00,11:30:00,NO,789,OUT,TOUCH,01:00:00,FP,11:45:00,null,SI,NO,02:55:00,2,3,1,null,1,17:45:00,00:45:00,5 sept 2026,4 sept 2026,17:45:00,07:00:00,5 sept 2026,07:00:00,5 sept 2026,07:00:00,5 sept 2026,13:15:00,13:00:00,null,3068,0,0,1,0,8,-3.57,-77.12,Oeste," ",0,0,0,11:45:00,INT,5.77,00:00:00,00:00:00,4 sept 2026,J,INT
221,null,null,LIM,20 sept 2026,22:00:00,23 sept 2026,07:00:00,null,1,23 sept 2026,Sep-2026,2026Q3,LA,2485,MAD,LIM,MADLIM,18:45:00,06:30:00,01:45:00,06:30:00,23:45:00,11:30:00,NO,789,OUT,TOUCH,01:00:00,FP,11:45:00,null,SI,NO,02:55:00,2,3,1,null,1,17:45:00,00:45:00,23 sept 2026,22 sept 2026,17:45:00,07:00:00,23 sept 2026,07:00:00,23 sept 2026,07:00:00,23 sept 2026,13:15:00,13:00:00,null,3068,0,0,1,0,8,-3.57,-77.12,Oeste," ",0,0,0,11:45:00,INT,5.77,00:00:00,00:00:00,22 sept 2026,J,INT
211,null,null,LIM,19 sept 2026,22:00:00,22 sept 2026,07:00:00,null,1,22 sept 2026,Sep-2026,2026Q3,LA,2485,MAD,LIM,MADLIM,18:45:00,06:30:00,01:45:00,06:30:00,23:45:00,11:30:00,NO,788,OUT,TOUCH,01:00:00,FP,11:45:00,null,SI,NO,02:55:00,2,3,1,null,1,17:45:00,00:45:00,22 sept 2026,21 sept 2026,17:45:00,07:00:00,22 sept 2026,07:00:00,22 sept 2026,07:00:00,22 sept 2026,13:15:00,13:00:00,null,3068,0,0,1,0,8,-3.57,-77.12,Oeste," ",0,0,0,11:45:00,INT,5.77,00:00:00,00:00:00,21 sept 2026,J,INT
160,null,null,LIM,14 sept 2026,22:00:00,17 sept 2026,07:00:00,null,1,17 sept 2026,Sep-2026,2026Q3,LA,2485,MAD,LIM,MADLIM,18:45:00,06:30:00,01:45:00,06:30:00,23:45:00,11:30:00,NO,788,OUT,TOUCH,01:00:00,FP,11:45:00,null,SI,NO,02:55:00,2,3,1,null,1,17:45:00,00:45:00,17 sept 2026,16 sept 2026,17:45:00,07:00:00,17 sept 2026,07:00:00,17 sept 2026,07:00:00,17 sept 2026,13:15:00,13:00:00,null,3068,0,0,1,0,8,-3.57,-77.12,Oeste," ",0,0,0,11:45:00,INT,5.77,00:00:00,00:00:00,16 sept 2026,J,INT
179,null,null,LIM,16 sept 2026,22:00:00,19 sept 2026,07:00:00,null,1,19 sept 2026,Sep-2026,2026Q3,LA,2485,MAD,LIM,MADLIM,18:45:00,06:30:00,01:45:00,06:30:00,23:45:00,11:30:00,NO,789,OUT,TOUCH,01:00:00,FP,11:45:00,null,SI,NO,02:55:00,2,3,1,null,1,17:45:00,00:45:00,19 sept 2026,18 sept 2026,17:45:00,07:00:00,19 sept 2026,07:00:00,19 sept 2026,07:00:00,19 sept 2026,13:15:00,13:00:00,null,3068,0,0,1,0,8,-3.57,-77.12,Oeste," ",0,0,0,11:45:00,INT,5.77,00:00:00,00:00:00,18 sept 2026,J,INT
271,null,null,LIM,25 sept 2026,22:00:00,28 sept 2026,07:00:00,null,1,28 sept 2026,Sep-2026,2026Q3,LA,2485,MAD,LIM,MADLIM,18:45:00,06:30:00,01:45:00,06:30:00,23:45:00,11:30:00,NO,789,OUT,TOUCH,01:00:00,FP,11:45:00,null,SI,NO,02:55:00,2,3,1,null,1,17:45:00,00:45:00,28 sept 2026,27 sept 2026,17:45:00,07:00:00,28 sept 2026,07:00:00,28 sept 2026,07:00:00,28 sept 2026,13:15:00,13:00:00,null,3068,0,0,1,0,8,-3.57,-77.12,Oeste," ",0,0,0,11:45:00,INT,5.77,00:00:00,00:00:00,27 sept 2026,J,INT
292,null,null,LIM,27 sept 2026,22:00:00,30 sept 2026,07:00:00,null,1,30 sept 2026,Sep-2026,2026Q3,LA,2485,MAD,LIM,MADLIM,18:45:00,06:30:00,01:45:00,06:30:00,23:45:00,11:30:00,NO,789,OUT,TOUCH,01:00:00,FP,11:45:00,null,SI,NO,02:55:00,2,3,1,null,1,17:45:00,00:45:00,30 sept 2026,29 sept 2026,17:45:00,07:00:00,30 sept 2026,07:00:00,30 sept 2026,07:00:00,30 sept 2026,13:15:00,13:00:00,null,3068,0,0,1,0,8,-3.57,-77.12,Oeste," ",0,0,0,11:45:00,INT,5.77,00:00:00,00:00:00,29 sept 2026,J,INT
98,null,null,LIM,8 sept 2026,22:00:00,11 sept 2026,07:00:00,null,1,11 sept 2026,Sep-2026,2026Q3,LA,2485,MAD,LIM,MADLIM,18:45:00,06:30:00,01:45:00,06:30:00,23:45:00,11:30:00,NO,789,OUT,TOUCH,01:00:00,FP,11:45:00,null,SI,NO,02:55:00,2,3,1,null,1,17:45:00,00:45:00,11 sept 2026,10 sept 2026,17:45:00,07:00:00,11 sept 2026,07:00:00,11 sept 2026,07:00:00,11 sept 2026,13:15:00,13:00:00,null,3068,0,0,1,0,8,-3.57,-77.12,Oeste," ",0,0,0,11:45:00,INT,5.77,00:00:00,00:00:00,10 sept 2026,J,INT
27,null,null,LIM,1 sept 2026,22:00:00,4 sept 2026,07:00:00,null,1,4 sept 2026,Sep-2026,2026Q3,LA,2485,MAD,LIM,MADLIM,18:45:00,06:30:00,01:45:00,06:30:00,23:45:00,11:30:00,NO,789,OUT,TOUCH,01:00:00,FP,11:45:00,null,SI,NO,02:55:00,2,3,1,null,1,17:45:00,00:45:00,4 sept 2026,3 sept 2026,17:45:00,07:00:00,4 sept 2026,07:00:00,4 sept 2026,07:00:00,4 sept 2026,13:15:00,13:00:00,null,3068,0,0,1,0,8,-3.57,-77.12,Oeste," ",0,0,0,11:45:00,INT,5.77,00:00:00,00:00:00,3 sept 2026,J,INT
150,null,null,LIM,13 sept 2026,22:00:00,16 sept 2026,07:00:00,null,1,16 sept 2026,Sep-2026,2026Q3,LA,2485,MAD,LIM,MADLIM,18:45:00,06:30:00,01:45:00,06:30:00,23:45:00,11:30:00,NO,789,OUT,TOUCH,01:00:00,FP,11:45:00,null,SI,NO,02:55:00,2,3,1,null,1,17:45:00,00:45:00,16 sept 2026,15 sept 2026,17:45:00,07:00:00,16 sept 2026,07:00:00,16 sept 2026,07:00:00,16 sept 2026,13:15:00,13:00:00,null,3068,0,0,1,0,8,-3.57,-77.12,Oeste," ",0,0,0,11:45:00,INT,5.77,00:00:00,00:00:00,15 sept 2026,J,INT
89,null,null,LIM,7 sept 2026,22:00:00,10 sept 2026,07:00:00,null,1,10 sept 2026,Sep-2026,2026Q3,LA,2485,MAD,LIM,MADLIM,18:45:00,06:30:00,01:45:00,06:30:00,23:45:00,11:30:00,NO,788,OUT,TOUCH,01:00:00,FP,11:45:00,null,SI,NO,02:55:00,2,3,1,null,1,17:45:00,00:45:00,10 sept 2026,9 sept 2026,17:45:00,07:00:00,10 sept 2026,07:00:00,10 sept 2026,07:00:00,10 sept 2026,13:15:00,13:00:00,null,3068,0,0,1,0,8,-3.57,-77.12,Oeste," ",0,0,0,11:45:00,INT,5.77,00:00:00,00:00:00,9 sept 2026,J,INT
69,null,null,LIM,5 sept 2026,22:00:00,8 sept 2026,07:00:00,null,1,8 sept 2026,Sep-2026,2026Q3,LA,2485,MAD,LIM,MADLIM,18:45:00,06:30:00,01:45:00,06:30:00,23:45:00,11:30:00,NO,788,OUT,TOUCH,01:00:00,FP,11:45:00,null,SI,NO,02:55:00,2,3,1,null,1,17:45:00,00:45:00,8 sept 2026,7 sept 2026,17:45:00,07:00:00,8 sept 2026,07:00:00,8 sept 2026,07:00:00,8 sept 2026,13:15:00,13:00:00,null,3068,0,0,1,0,8,-3.57,-77.12,Oeste," ",0,0,0,11:45:00,INT,5.77,00:00:00,00:00:00,7 sept 2026,J,INT
9,null,LA2484300826,LIM,30 ago 2026,22:00:00,2 sept 2026,07:00:00,null,1,2 sept 2026,Sep-2026,2026Q3,LA,2485,MAD,LIM,MADLIM,18:45:00,06:30:00,01:45:00,06:30:00,23:45:00,11:30:00,NO,789,OUT,TOUCH,01:00:00,FP,11:45:00,null,SI,NO,02:55:00,2,3,1,null,1,17:45:00,00:45:00,2 sept 2026,1 sept 2026,17:45:00,07:00:00,2 sept 2026,07:00:00,2 sept 2026,07:00:00,2 sept 2026,13:15:00,13:00:00,null,3068,0,0,1,0,8,-3.57,-77.12,Oeste," ",0,0,0,11:45:00,INT,5.77,00:00:00,00:00:00,1 sept 2026,J,INT
302,null,null,LIM,28 sept 2026,22:00:00,1 oct 2026,07:00:00,null,1,1 oct 2026,Sep-2026,2026Q3,LA,2485,MAD,LIM,MADLIM,18:45:00,06:30:00,01:45:00,06:30:00,23:45:00,11:30:00,NO,788,OUT,TOUCH,01:00:00,FP,11:45:00,null,SI,NO,02:55:00,2,3,1,null,1,17:45:00,00:45:00,1 oct 2026,30 sept 2026,17:45:00,07:00:00,1 oct 2026,07:00:00,1 oct 2026,07:00:00,1 oct 2026,13:15:00,13:00:00,null,3068,0,0,1,0,8,-3.57,-77.12,Oeste," ",0,0,0,11:45:00,INT,5.77,00:00:00,00:00:00,30 sept 2026,J,INT
18,null,LA2484310826,LIM,31 ago 2026,22:00:00,3 sept 2026,07:00:00,null,1,3 sept 2026,Sep-2026,2026Q3,LA,2485,MAD,LIM,MADLIM,18:45:00,06:30:00,01:45:00,06:30:00,23:45:00,11:30:00,NO,788,OUT,TOUCH,01:00:00,FP,11:45:00,null,SI,NO,02:55:00,2,3,1,null,1,17:45:00,00:45:00,3 sept 2026,2 sept 2026,17:45:00,07:00:00,3 sept 2026,07:00:00,3 sept 2026,07:00:00,3 sept 2026,13:15:00,13:00:00,null,3068,0,0,1,0,8,-3.57,-77.12,Oeste," ",0,0,0,11:45:00,INT,5.77,00:00:00,00:00:00,2 sept 2026,J,INT
129,null,null,LIM,11 sept 2026,22:00:00,14 sept 2026,07:00:00,null,1,14 sept 2026,Sep-2026,2026Q3,LA,2485,MAD,LIM,MADLIM,18:45:00,06:30:00,01:45:00,06:30:00,23:45:00,11:30:00,NO,789,OUT,TOUCH,01:00:00,FP,11:45:00,null,SI,NO,02:55:00,2,3,1,null,1,17:45:00,00:45:00,14 sept 2026,13 sept 2026,17:45:00,07:00:00,14 sept 2026,07:00:00,14 sept 2026,07:00:00,14 sept 2026,13:15:00,13:00:00,null,3068,0,0,1,0,8,-3.57,-77.12,Oeste," ",0,0,0,11:45:00,INT,5.77,00:00:00,00:00:00,13 sept 2026,J,INT
169,null,null,LIM,15 sept 2026,22:00:00,18 sept 2026,07:00:00,null,1,18 sept 2026,Sep-2026,2026Q3,LA,2485,MAD,LIM,MADLIM,18:45:00,06:30:00,01:45:00,06:30:00,23:45:00,11:30:00,NO,789,OUT,TOUCH,01:00:00,FP,11:45:00,null,SI,NO,02:55:00,2,3,1,null,1,17:45:00,00:45:00,18 sept 2026,17 sept 2026,17:45:00,07:00:00,18 sept 2026,07:00:00,18 sept 2026,07:00:00,18 sept 2026,13:15:00,13:00:00,null,3068,0,0,1,0,8,-3.57,-77.12,Oeste," ",0,0,0,11:45:00,INT,5.77,00:00:00,00:00:00,17 sept 2026,J,INT
58,null,null,LIM,4 sept 2026,22:00:00,7 sept 2026,07:00:00,null,1,7 sept 2026,Sep-2026,2026Q3,LA,2485,MAD,LIM,MADLIM,18:45:00,06:30:00,01:45:00,06:30:00,23:45:00,11:30:00,NO,789,OUT,TOUCH,01:00:00,FP,11:45:00,null,SI,NO,02:55:00,2,3,1,null,1,17:45:00,00:45:00,7 sept 2026,6 sept 2026,17:45:00,07:00:00,7 sept 2026,07:00:00,7 sept 2026,07:00:00,7 sept 2026,13:15:00,13:00:00,null,3068,0,0,1,0,8,-3.57,-77.12,Oeste," ",0,0,0,11:45:00,INT,5.77,00:00:00,00:00:00,6 sept 2026,J,INT
79,null,null,LIM,6 sept 2026,22:00:00,9 sept 2026,07:00:00,null,1,9 sept 2026,Sep-2026,2026Q3,LA,2485,MAD,LIM,MADLIM,18:45:00,06:30:00,01:45:00,06:30:00,23:45:00,11:30:00,NO,789,OUT,TOUCH,01:00:00,FP,11:45:00,null,SI,NO,02:55:00,2,3,1,null,1,17:45:00,00:45:00,9 sept 2026,8 sept 2026,17:45:00,07:00:00,9 sept 2026,07:00:00,9 sept 2026,07:00:00,9 sept 2026,13:15:00,13:00:00,null,3068,0,0,1,0,8,-3.57,-77.12,Oeste," ",0,0,0,11:45:00,INT,5.77,00:00:00,00:00:00,8 sept 2026,J,INT
250,null,null,LIM,23 sept 2026,22:00:00,26 sept 2026,07:00:00,null,1,26 sept 2026,Sep-2026,2026Q3,LA,2485,MAD,LIM,MADLIM,18:45:00,06:30:00,01:45:00,06:30:00,23:45:00,11:30:00,NO,789,OUT,TOUCH,01:00:00,FP,11:45:00,null,SI,NO,02:55:00,2,3,1,null,1,17:45:00,00:45:00,26 sept 2026,25 sept 2026,17:45:00,07:00:00,26 sept 2026,07:00:00,26 sept 2026,07:00:00,26 sept 2026,13:15:00,13:00:00,null,3068,0,0,1,0,8,-3.57,-77.12,Oeste," ",0,0,0,11:45:00,INT,5.77,00:00:00,00:00:00,25 sept 2026,J,INT
140,null,null,LIM,12 sept 2026,22:00:00,15 sept 2026,07:00:00,null,1,15 sept 2026,Sep-2026,2026Q3,LA,2485,MAD,LIM,MADLIM,18:45:00,06:30:00,01:45:00,06:30:00,23:45:00,11:30:00,NO,788,OUT,TOUCH,01:00:00,FP,11:45:00,null,SI,NO,02:55:00,2,3,1,null,1,17:45:00,00:45:00,15 sept 2026,14 sept 2026,17:45:00,07:00:00,15 sept 2026,07:00:00,15 sept 2026,07:00:00,15 sept 2026,13:15:00,13:00:00,null,3068,0,0,1,0,8,-3.57,-77.12,Oeste," ",0,0,0,11:45:00,INT,5.77,00:00:00,00:00:00,14 sept 2026,J,INT
282,null,null,LIM,26 sept 2026,22:00:00,29 sept 2026,07:00:00,null,1,29 sept 2026,Sep-2026,2026Q3,LA,2485,MAD,LIM,MADLIM,18:45:00,06:30:00,01:45:00,06:30:00,23:45:00,11:30:00,NO,788,OUT,TOUCH,01:00:00,FP,11:45:00,null,SI,NO,02:55:00,2,3,1,null,1,17:45:00,00:45:00,29 sept 2026,28 sept 2026,17:45:00,07:00:00,29 sept 2026,07:00:00,29 sept 2026,07:00:00,29 sept 2026,13:15:00,13:00:00,null,3068,0,0,1,0,8,-3.57,-77.12,Oeste," ",0,0,0,11:45:00,INT,5.77,00:00:00,00:00:00,28 sept 2026,J,INT
2,null,LA2484290826,LIM,29 ago 2026,22:00:00,1 sept 2026,07:00:00,null,1,1 sept 2026,Aug-2026,2026Q3,LA,2485,MAD,LIM,MADLIM,18:45:00,06:30:00,01:45:00,06:30:00,23:45:00,11:30:00,NO,789,OUT,TOUCH,01:00:00,FP,11:45:00,null,SI,NO,02:55:00,2,3,1,null,1,17:45:00,00:45:00,1 sept 2026,31 ago 2026,17:45:00,07:00:00,1 sept 2026,07:00:00,1 sept 2026,07:00:00,1 sept 2026,13:15:00,13:00:00,null,3068,0,0,1,0,8,-3.57,-77.12,Oeste," ",0,0,0,11:45:00,INT,5.77,00:00:00,00:00:00,31 ago 2026,J,INT
47,null,null,LIM,3 sept 2026,22:00:00,6 sept 2026,07:00:00,null,1,6 sept 2026,Sep-2026,2026Q3,LA,2485,MAD,LIM,MADLIM,18:45:00,06:30:00,01:45:00,06:30:00,23:45:00,11:30:00,NO,789,OUT,TOUCH,01:00:00,FP,11:45:00,null,SI,NO,02:55:00,2,3,1,null,1,17:45:00,00:45:00,6 sept 2026,5 sept 2026,17:45:00,07:00:00,6 sept 2026,07:00:00,6 sept 2026,07:00:00,6 sept 2026,13:15:00,13:00:00,null,3068,0,0,1,0,8,-3.57,-77.12,Oeste," ",0,0,0,11:45:00,INT,5.77,00:00:00,00:00:00,5 sept 2026,J,INT
321,null,null,LIM,30 sept 2026,22:00:00,3 oct 2026,07:00:00,null,1,3 oct 2026,Oct-2026,2026Q3,LA,2485,MAD,LIM,MADLIM,18:45:00,06:30:00,01:45:00,06:30:00,23:45:00,11:30:00,NO,789,OUT,TOUCH,01:00:00,FP,11:45:00,null,SI,NO,02:55:00,2,3,1,null,1,17:45:00,00:45:00,3 oct 2026,2 oct 2026,17:45:00,07:00:00,3 oct 2026,07:00:00,3 oct 2026,07:00:00,3 oct 2026,13:15:00,13:00:00,null,3068,0,0,1,0,8,-3.57,-77.12,Oeste," ",0,0,0,11:45:00,INT,5.77,00:00:00,00:00:00,2 oct 2026,J,INT
189,null,null,LIM,17 sept 2026,22:00:00,20 sept 2026,07:00:00,null,1,20 sept 2026,Sep-2026,2026Q3,LA,2485,MAD,LIM,MADLIM,18:45:00,06:30:00,01:45:00,06:30:00,23:45:00,11:30:00,NO,789,OUT,TOUCH,01:00:00,FP,11:45:00,null,SI,NO,02:55:00,2,3,1,null,1,17:45:00,00:45:00,20 sept 2026,19 sept 2026,17:45:00,07:00:00,20 sept 2026,07:00:00,20 sept 2026,07:00:00,20 sept 2026,13:15:00,13:00:00,null,3068,0,0,1,0,8,-3.57,-77.12,Oeste," ",0,0,0,11:45:00,INT,5.77,00:00:00,00:00:00,19 sept 2026,J,INT
118,null,null,LIM,10 sept 2026,22:00:00,13 sept 2026,07:00:00,null,1,13 sept 2026,Sep-2026,2026Q3,LA,2485,MAD,LIM,MADLIM,18:45:00,06:30:00,01:45:00,06:30:00,23:45:00,11:30:00,NO,789,OUT,TOUCH,01:00:00,FP,11:45:00,null,SI,NO,02:55:00,2,3,1,null,1,17:45:00,00:45:00,13 sept 2026,12 sept 2026,17:45:00,07:00:00,13 sept 2026,07:00:00,13 sept 2026,07:00:00,13 sept 2026,13:15:00,13:00:00,null,3068,0,0,1,0,8,-3.57,-77.12,Oeste," ",0,0,0,11:45:00,INT,5.77,00:00:00,00:00:00,12 sept 2026,J,INT
212,null,null,LIM,19 sept 2026,23:05:00,22 sept 2026,07:25:00,null,1,21 sept 2026,Sep-2026,2026Q3,LA,2469,JFK,LIM,JFKLIM,22:59:00,06:55:00,23:59:00,06:55:00,03:59:00,11:55:00,NO,763,OUT,TOUCH,01:00:00,FP,07:56:00,null,SI,NO,02:55:00,2,3,1,null,1,21:59:00,22:59:00,21 sept 2026,21 sept 2026,21:59:00,07:25:00,22 sept 2026,07:25:00,22 sept 2026,07:25:00,22 sept 2026,09:26:00,13:00:00,null,3055,0,0,1,0,6,-73.78,-77.12,Oeste," ",0,0,0,07:56:00,INT,4.004,00:00:00,00:00:00,22 sept 2026,J,INT
272,null,null,LIM,25 sept 2026,23:05:00,28 sept 2026,07:25:00,null,1,27 sept 2026,Sep-2026,2026Q3,LA,2469,JFK,LIM,JFKLIM,22:59:00,06:55:00,23:59:00,06:55:00,03:59:00,11:55:00,NO,763,OUT,TOUCH,01:00:00,FP,07:56:00,null,SI,NO,02:55:00,2,3,1,null,1,21:59:00,22:59:00,27 sept 2026,27 sept 2026,21:59:00,07:25:00,28 sept 2026,07:25:00,28 sept 2026,07:25:00,28 sept 2026,09:26:00,13:00:00,null,3055,0,0,1,0,6,-73.78,-77.12,Oeste," ",0,0,0,07:56:00,INT,4.004,00:00:00,00:00:00,28 sept 2026,J,INT
241,null,null,LIM,22 sept 2026,23:05:00,25 sept 2026,07:25:00,null,1,24 sept 2026,Sep-2026,2026Q3,LA,2469,JFK,LIM,JFKLIM,22:59:00,06:55:00,23:59:00,06:55:00,03:59:00,11:55:00,NO,763,OUT,TOUCH,01:00:00,FP,07:56:00,null,SI,NO,02:55:00,2,3,1,null,1,21:59:00,22:59:00,24 sept 2026,24 sept 2026,21:59:00,07:25:00,25 sept 2026,07:25:00,25 sept 2026,07:25:00,25 sept 2026,09:26:00,13:00:00,null,3055,0,0,1,0,6,-73.78,-77.12,Oeste," ",0,0,0,07:56:00,INT,4.004,00:00:00,00:00:00,25 sept 2026,J,INT
293,null,null,LIM,27 sept 2026,23:05:00,30 sept 2026,07:25:00,null,1,29 sept 2026,Sep-2026,2026Q3,LA,2469,JFK,LIM,JFKLIM,22:59:00,06:55:00,23:59:00,06:55:00,03:59:00,11:55:00,NO,763,OUT,TOUCH,01:00:00,FP,07:56:00,null,SI,NO,02:55:00,2,3,1,null,1,21:59:00,22:59:00,29 sept 2026,29 sept 2026,21:59:00,07:25:00,30 sept 2026,07:25:00,30 sept 2026,07:25:00,30 sept 2026,09:26:00,13:00:00,null,3055,0,0,1,0,6,-73.78,-77.12,Oeste," ",0,0,0,07:56:00,INT,4.004,00:00:00,00:00:00,30 sept 2026,J,INT
80,null,null,LIM,6 sept 2026,23:05:00,9 sept 2026,07:25:00,null,1,8 sept 2026,Sep-2026,2026Q3,LA,2469,JFK,LIM,JFKLIM,22:59:00,06:55:00,23:59:00,06:55:00,03:59:00,11:55:00,NO,763,OUT,TOUCH,01:00:00,FP,07:56:00,null,SI,NO,02:55:00,2,3,1,null,1,21:59:00,22:59:00,8 sept 2026,8 sept 2026,21:59:00,07:25:00,9 sept 2026,07:25:00,9 sept 2026,07:25:00,9 sept 2026,09:26:00,13:00:00,null,3055,0,0,1,0,6,-73.78,-77.12,Oeste," ",0,0,0,07:56:00,INT,4.004,00:00:00,00:00:00,9 sept 2026,J,INT
232,null,null,LIM,21 sept 2026,23:05:00,24 sept 2026,07:25:00,null,1,23 sept 2026,Sep-2026,2026Q3,LA,2469,JFK,LIM,JFKLIM,22:59:00,06:55:00,23:59:00,06:55:00,03:59:00,11:55:00,NO,763,OUT,TOUCH,01:00:00,FP,07:56:00,null,SI,NO,02:55:00,2,3,1,null,1,21:59:00,22:59:00,23 sept 2026,23 sept 2026,21:59:00,07:25:00,24 sept 2026,07:25:00,24 sept 2026,07:25:00,24 sept 2026,09:26:00,13:00:00,null,3055,0,0,1,0,6,-73.78,-77.12,Oeste," ",0,0,0,07:56:00,INT,4.004,00:00:00,00:00:00,24 sept 2026,J,INT
19,null,LA2468310826,LIM,31 ago 2026,23:05:00,3 sept 2026,07:25:00,null,1,2 sept 2026,Sep-2026,2026Q3,LA,2469,JFK,LIM,JFKLIM,22:59:00,06:55:00,23:59:00,06:55:00,03:59:00,11:55:00,NO,763,OUT,TOUCH,01:00:00,FP,07:56:00,null,SI,NO,02:55:00,2,3,1,null,1,21:59:00,22:59:00,2 sept 2026,2 sept 2026,21:59:00,07:25:00,3 sept 2026,07:25:00,3 sept 2026,07:25:00,3 sept 2026,09:26:00,13:00:00,null,3055,0,0,1,0,6,-73.78,-77.12,Oeste," ",0,0,0,07:56:00,INT,4.004,00:00:00,00:00:00,3 sept 2026,J,INT
109,null,null,LIM,9 sept 2026,23:05:00,12 sept 2026,07:25:00,null,1,11 sept 2026,Sep-2026,2026Q3,LA,2469,JFK,LIM,JFKLIM,22:59:00,06:55:00,23:59:00,06:55:00,03:59:00,11:55:00,NO,763,OUT,TOUCH,01:00:00,FP,07:56:00,null,SI,NO,02:55:00,2,3,1,null,1,21:59:00,22:59:00,11 sept 2026,11 sept 2026,21:59:00,07:25:00,12 sept 2026,07:25:00,12 sept 2026,07:25:00,12 sept 2026,09:26:00,13:00:00,null,3055,0,0,1,0,6,-73.78,-77.12,Oeste," ",0,0,0,07:56:00,INT,4.004,00:00:00,00:00:00,12 sept 2026,J,INT
251,null,null,LIM,23 sept 2026,23:05:00,26 sept 2026,07:25:00,null,1,25 sept 2026,Sep-2026,2026Q3,LA,2469,JFK,LIM,JFKLIM,22:59:00,06:55:00,23:59:00,06:55:00,03:59:00,11:55:00,NO,763,OUT,TOUCH,01:00:00,FP,07:56:00,null,SI,NO,02:55:00,2,3,1,null,1,21:59:00,22:59:00,25 sept 2026,25 sept 2026,21:59:00,07:25:00,26 sept 2026,07:25:00,26 sept 2026,07:25:00,26 sept 2026,09:26:00,13:00:00,null,3055,0,0,1,0,6,-73.78,-77.12,Oeste," ",0,0,0,07:56:00,INT,4.004,00:00:00,00:00:00,26 sept 2026,J,INT
90,null,null,LIM,7 sept 2026,23:05:00,10 sept 2026,07:25:00,null,1,9 sept 2026,Sep-2026,2026Q3,LA,2469,JFK,LIM,JFKLIM,22:59:00,06:55:00,23:59:00,06:55:00,03:59:00,11:55:00,NO,763,OUT,TOUCH,01:00:00,FP,07:56:00,null,SI,NO,02:55:00,2,3,1,null,1,21:59:00,22:59:00,9 sept 2026,9 sept 2026,21:59:00,07:25:00,10 sept 2026,07:25:00,10 sept 2026,07:25:00,10 sept 2026,09:26:00,13:00:00,null,3055,0,0,1,0,6,-73.78,-77.12,Oeste," ",0,0,0,07:56:00,INT,4.004,00:00:00,00:00:00,10 sept 2026,J,INT
141,null,null,LIM,12 sept 2026,23:05:00,15 sept 2026,07:25:00,null,1,14 sept 2026,Sep-2026,2026Q3,LA,2469,JFK,LIM,JFKLIM,22:59:00,06:55:00,23:59:00,06:55:00,03:59:00,11:55:00,NO,763,OUT,TOUCH,01:00:00,FP,07:56:00,null,SI,NO,02:55:00,2,3,1,null,1,21:59:00,22:59:00,14 sept 2026,14 sept 2026,21:59:00,07:25:00,15 sept 2026,07:25:00,15 sept 2026,07:25:00,15 sept 2026,09:26:00,13:00:00,null,3055,0,0,1,0,6,-73.78,-77.12,Oeste," ",0,0,0,07:56:00,INT,4.004,00:00:00,00:00:00,15 sept 2026,J,INT
130,null,null,LIM,11 sept 2026,23:05:00,14 sept 2026,07:25:00,null,1,13 sept 2026,Sep-2026,2026Q3,LA,2469,JFK,LIM,JFKLIM,22:59:00,06:55:00,23:59:00,06:55:00,03:59:00,11:55:00,NO,763,OUT,TOUCH,01:00:00,FP,07:56:00,null,SI,NO,02:55:00,2,3,1,null,1,21:59:00,22:59:00,13 sept 2026,13 sept 2026,21:59:00,07:25:00,14 sept 2026,07:25:00,14 sept 2026,07:25:00,14 sept 2026,09:26:00,13:00:00,null,3055,0,0,1,0,6,-73.78,-77.12,Oeste," ",0,0,0,07:56:00,INT,4.004,00:00:00,00:00:00,14 sept 2026,J,INT
3,null,LA2468290826,LIM,29 ago 2026,23:05:00,1 sept 2026,07:25:00,null,1,31 ago 2026,Aug-2026,2026Q3,LA,2469,JFK,LIM,JFKLIM,22:59:00,06:55:00,23:59:00,06:55:00,03:59:00,11:55:00,NO,763,OUT,TOUCH,01:00:00,FP,07:56:00,null,SI,NO,02:55:00,2,3,1,null,1,21:59:00,22:59:00,31 ago 2026,31 ago 2026,21:59:00,07:25:00,1 sept 2026,07:25:00,1 sept 2026,07:25:00,1 sept 2026,09:26:00,13:00:00,null,3055,0,0,1,0,6,-73.78,-77.12,Oeste," ",0,0,0,07:56:00,INT,4.025,00:00:00,00:00:00,1 sept 2026,J,INT
190,null,null,LIM,17 sept 2026,23:05:00,20 sept 2026,07:25:00,null,1,19 sept 2026,Sep-2026,2026Q3,LA,2469,JFK,LIM,JFKLIM,22:59:00,06:55:00,23:59:00,06:55:00,03:59:00,11:55:00,NO,763,OUT,TOUCH,01:00:00,FP,07:56:00,null,SI,NO,02:55:00,2,3,1,null,1,21:59:00,22:59:00,19 sept 2026,19 sept 2026,21:59:00,07:25:00,20 sept 2026,07:25:00,20 sept 2026,07:25:00,20 sept 2026,09:26:00,13:00:00,null,3055,0,0,1,0,6,-73.78,-77.12,Oeste," ",0,0,0,07:56:00,INT,4.004,00:00:00,00:00:00,20 sept 2026,J,INT
283,null,null,LIM,26 sept 2026,23:05:00,29 sept 2026,07:25:00,null,1,28 sept 2026,Sep-2026,2026Q3,LA,2469,JFK,LIM,JFKLIM,22:59:00,06:55:00,23:59:00,06:55:00,03:59:00,11:55:00,NO,763,OUT,TOUCH,01:00:00,FP,07:56:00,null,SI,NO,02:55:00,2,3,1,null,1,21:59:00,22:59:00,28 sept 2026,28 sept 2026,21:59:00,07:25:00,29 sept 2026,07:25:00,29 sept 2026,07:25:00,29 sept 2026,09:26:00,13:00:00,null,3055,0,0,1,0,6,-73.78,-77.12,Oeste," ",0,0,0,07:56:00,INT,4.004,00:00:00,00:00:00,29 sept 2026,J,INT
28,null,null,LIM,1 sept 2026,23:05:00,4 sept 2026,07:25:00,null,1,3 sept 2026,Sep-2026,2026Q3,LA,2469,JFK,LIM,JFKLIM,22:59:00,06:55:00,23:59:00,06:55:00,03:59:00,11:55:00,NO,763,OUT,TOUCH,01:00:00,FP,07:56:00,null,SI,NO,02:55:00,2,3,1,null,1,21:59:00,22:59:00,3 sept 2026,3 sept 2026,21:59:00,07:25:00,4 sept 2026,07:25:00,4 sept 2026,07:25:00,4 sept 2026,09:26:00,13:00:00,null,3055,0,0,1,0,6,-73.78,-77.12,Oeste," ",0,0,0,07:56:00,INT,4.004,00:00:00,00:00:00,4 sept 2026,J,INT
59,null,null,LIM,4 sept 2026,23:05:00,7 sept 2026,07:25:00,null,1,6 sept 2026,Sep-2026,2026Q3,LA,2469,JFK,LIM,JFKLIM,22:59:00,06:55:00,23:59:00,06:55:00,03:59:00,11:55:00,NO,763,OUT,TOUCH,01:00:00,FP,07:56:00,null,SI,NO,02:55:00,2,3,1,null,1,21:59:00,22:59:00,6 sept 2026,6 sept 2026,21:59:00,07:25:00,7 sept 2026,07:25:00,7 sept 2026,07:25:00,7 sept 2026,09:26:00,13:00:00,null,3055,0,0,1,0,6,-73.78,-77.12,Oeste," ",0,0,0,07:56:00,INT,4.004,00:00:00,00:00:00,7 sept 2026,J,INT
99,null,null,LIM,8 sept 2026,23:05:00,11 sept 2026,07:25:00,null,1,10 sept 2026,Sep-2026,2026Q3,LA,2469,JFK,LIM,JFKLIM,22:59:00,06:55:00,23:59:00,06:55:00,03:59:00,11:55:00,NO,763,OUT,TOUCH,01:00:00,FP,07:56:00,null,SI,NO,02:55:00,2,3,1,null,1,21:59:00,22:59:00,10 sept 2026,10 sept 2026,21:59:00,07:25:00,11 sept 2026,07:25:00,11 sept 2026,07:25:00,11 sept 2026,09:26:00,13:00:00,null,3055,0,0,1,0,6,-73.78,-77.12,Oeste," ",0,0,0,07:56:00,INT,4.004,00:00:00,00:00:00,11 sept 2026,J,INT
312,null,null,LIM,29 sept 2026,23:05:00,2 oct 2026,07:25:00,null,1,1 oct 2026,Oct-2026,2026Q3,LA,2469,JFK,LIM,JFKLIM,22:59:00,06:55:00,23:59:00,06:55:00,03:59:00,11:55:00,NO,763,OUT,TOUCH,01:00:00,FP,07:56:00,null,SI,NO,02:55:00,2,3,1,null,1,21:59:00,22:59:00,1 oct 2026,1 oct 2026,21:59:00,07:25:00,2 oct 2026,07:25:00,2 oct 2026,07:25:00,2 oct 2026,09:26:00,13:00:00,null,3055,0,0,1,0,6,-73.78,-77.12,Oeste," ",0,0,0,07:56:00,INT,4.004,00:00:00,00:00:00,2 oct 2026,J,INT
222,null,null,LIM,20 sept 2026,23:05:00,23 sept 2026,07:25:00,null,1,22 sept 2026,Sep-2026,2026Q3,LA,2469,JFK,LIM,JFKLIM,22:59:00,06:55:00,23:59:00,06:55:00,03:59:00,11:55:00,NO,763,OUT,TOUCH,01:00:00,FP,07:56:00,null,SI,NO,02:55:00,2,3,1,null,1,21:59:00,22:59:00,22 sept 2026,22 sept 2026,21:59:00,07:25:00,23 sept 2026,07:25:00,23 sept 2026,07:25:00,23 sept 2026,09:26:00,13:00:00,null,3055,0,0,1,0,6,-73.78,-77.12,Oeste," ",0,0,0,07:56:00,INT,4.004,00:00:00,00:00:00,23 sept 2026,J,INT
38,null,null,LIM,2 sept 2026,23:05:00,5 sept 2026,07:25:00,null,1,4 sept 2026,Sep-2026,2026Q3,LA,2469,JFK,LIM,JFKLIM,22:59:00,06:55:00,23:59:00,06:55:00,03:59:00,11:55:00,NO,763,OUT,TOUCH,01:00:00,FP,07:56:00,null,SI,NO,02:55:00,2,3,1,null,1,21:59:00,22:59:00,4 sept 2026,4 sept 2026,21:59:00,07:25:00,5 sept 2026,07:25:00,5 sept 2026,07:25:00,5 sept 2026,09:26:00,13:00:00,null,3055,0,0,1,0,6,-73.78,-77.12,Oeste," ",0,0,0,07:56:00,INT,4.004,00:00:00,00:00:00,5 sept 2026,J,INT
70,null,null,LIM,5 sept 2026,23:05:00,8 sept 2026,07:25:00,null,1,7 sept 2026,Sep-2026,2026Q3,LA,2469,JFK,LIM,JFKLIM,22:59:00,06:55:00,23:59:00,06:55:00,03:59:00,11:55:00,NO,763,OUT,TOUCH,01:00:00,FP,07:56:00,null,SI,NO,02:55:00,2,3,1,null,1,21:59:00,22:59:00,7 sept 2026,7 sept 2026,21:59:00,07:25:00,8 sept 2026,07:25:00,8 sept 2026,07:25:00,8 sept 2026,09:26:00,13:00:00,null,3055,0,0,1,0,6,-73.78,-77.12,Oeste," ",0,0,0,07:56:00,INT,4.004,00:00:00,00:00:00,8 sept 2026,J,INT
322,null,null,LIM,30 sept 2026,23:05:00,3 oct 2026,07:25:00,null,1,2 oct 2026,Oct-2026,2026Q3,LA,2469,JFK,LIM,JFKLIM,22:59:00,06:55:00,23:59:00,06:55:00,03:59:00,11:55:00,NO,763,OUT,TOUCH,01:00:00,FP,07:56:00,null,SI,NO,02:55:00,2,3,1,null,1,21:59:00,22:59:00,2 oct 2026,2 oct 2026,21:59:00,07:25:00,3 oct 2026,07:25:00,3 oct 2026,07:25:00,3 oct 2026,09:26:00,13:00:00,null,3055,0,0,1,0,6,-73.78,-77.12,Oeste," ",0,0,0,07:56:00,INT,4.004,00:00:00,00:00:00,3 oct 2026,J,INT
303,null,null,LIM,28 sept 2026,23:05:00,1 oct 2026,07:25:00,null,1,30 sept 2026,Sep-2026,2026Q3,LA,2469,JFK,LIM,JFKLIM,22:59:00,06:55:00,23:59:00,06:55:00,03:59:00,11:55:00,NO,763,OUT,TOUCH,01:00:00,FP,07:56:00,null,SI,NO,02:55:00,2,3,1,null,1,21:59:00,22:59:00,30 sept 2026,30 sept 2026,21:59:00,07:25:00,1 oct 2026,07:25:00,1 oct 2026,07:25:00,1 oct 2026,09:26:00,13:00:00,null,3055,0,0,1,0,6,-73.78,-77.12,Oeste," ",0,0,0,07:56:00,INT,4.004,00:00:00,00:00:00,1 oct 2026,J,INT
48,null,null,LIM,3 sept 2026,23:05:00,6 sept 2026,07:25:00,null,1,5 sept 2026,Sep-2026,2026Q3,LA,2469,JFK,LIM,JFKLIM,22:59:00,06:55:00,23:59:00,06:55:00,03:59:00,11:55:00,NO,763,OUT,TOUCH,01:00:00,FP,07:56:00,null,SI,NO,02:55:00,2,3,1,null,1,21:59:00,22:59:00,5 sept 2026,5 sept 2026,21:59:00,07:25:00,6 sept 2026,07:25:00,6 sept 2026,07:25:00,6 sept 2026,09:26:00,13:00:00,null,3055,0,0,1,0,6,-73.78,-77.12,Oeste," ",0,0,0,07:56:00,INT,4.004,00:00:00,00:00:00,6 sept 2026,J,INT
10,null,LA2468300826,LIM,30 ago 2026,23:05:00,2 sept 2026,07:25:00,null,1,1 sept 2026,Sep-2026,2026Q3,LA,2469,JFK,LIM,JFKLIM,22:59:00,06:55:00,23:59:00,06:55:00,03:59:00,11:55:00,NO,763,OUT,TOUCH,01:00:00,FP,07:56:00,null,SI,NO,02:55:00,2,3,1,null,1,21:59:00,22:59:00,1 sept 2026,1 sept 2026,21:59:00,07:25:00,2 sept 2026,07:25:00,2 sept 2026,07:25:00,2 sept 2026,09:26:00,13:00:00,null,3055,0,0,1,0,6,-73.78,-77.12,Oeste," ",0,0,0,07:56:00,INT,4.025,00:00:00,00:00:00,2 sept 2026,J,INT
201,null,null,LIM,18 sept 2026,23:05:00,21 sept 2026,07:25:00,null,1,20 sept 2026,Sep-2026,2026Q3,LA,2469,JFK,LIM,JFKLIM,22:59:00,06:55:00,23:59:00,06:55:00,03:59:00,11:55:00,NO,763,OUT,TOUCH,01:00:00,FP,07:56:00,null,SI,NO,02:55:00,2,3,1,null,1,21:59:00,22:59:00,20 sept 2026,20 sept 2026,21:59:00,07:25:00,21 sept 2026,07:25:00,21 sept 2026,07:25:00,21 sept 2026,09:26:00,13:00:00,null,3055,0,0,1,0,6,-73.78,-77.12,Oeste," ",0,0,0,07:56:00,INT,4.004,00:00:00,00:00:00,21 sept 2026,J,INT
261,null,null,LIM,24 sept 2026,23:05:00,27 sept 2026,07:25:00,null,1,26 sept 2026,Sep-2026,2026Q3,LA,2469,JFK,LIM,JFKLIM,22:59:00,06:55:00,23:59:00,06:55:00,03:59:00,11:55:00,NO,763,OUT,TOUCH,01:00:00,FP,07:56:00,null,SI,NO,02:55:00,2,3,1,null,1,21:59:00,22:59:00,26 sept 2026,26 sept 2026,21:59:00,07:25:00,27 sept 2026,07:25:00,27 sept 2026,07:25:00,27 sept 2026,09:26:00,13:00:00,null,3055,0,0,1,0,6,-73.78,-77.12,Oeste," ",0,0,0,07:56:00,INT,4.004,00:00:00,00:00:00,27 sept 2026,J,INT
170,null,null,LIM,15 sept 2026,23:05:00,18 sept 2026,07:25:00,null,1,17 sept 2026,Sep-2026,2026Q3,LA,2469,JFK,LIM,JFKLIM,22:59:00,06:55:00,23:59:00,06:55:00,03:59:00,11:55:00,NO,763,OUT,TOUCH,01:00:00,FP,07:56:00,null,SI,NO,02:55:00,2,3,1,null,1,21:59:00,22:59:00,17 sept 2026,17 sept 2026,21:59:00,07:25:00,18 sept 2026,07:25:00,18 sept 2026,07:25:00,18 sept 2026,09:26:00,13:00:00,null,3055,0,0,1,0,6,-73.78,-77.12,Oeste," ",0,0,0,07:56:00,INT,4.004,00:00:00,00:00:00,18 sept 2026,J,INT
161,null,null,LIM,14 sept 2026,23:05:00,17 sept 2026,07:25:00,null,1,16 sept 2026,Sep-2026,2026Q3,LA,2469,JFK,LIM,JFKLIM,22:59:00,06:55:00,23:59:00,06:55:00,03:59:00,11:55:00,NO,763,OUT,TOUCH,01:00:00,FP,07:56:00,null,SI,NO,02:55:00,2,3,1,null,1,21:59:00,22:59:00,16 sept 2026,16 sept 2026,21:59:00,07:25:00,17 sept 2026,07:25:00,17 sept 2026,07:25:00,17 sept 2026,09:26:00,13:00:00,null,3055,0,0,1,0,6,-73.78,-77.12,Oeste," ",0,0,0,07:56:00,INT,4.004,00:00:00,00:00:00,17 sept 2026,J,INT
119,null,null,LIM,10 sept 2026,23:05:00,13 sept 2026,07:25:00,null,1,12 sept 2026,Sep-2026,2026Q3,LA,2469,JFK,LIM,JFKLIM,22:59:00,06:55:00,23:59:00,06:55:00,03:59:00,11:55:00,NO,763,OUT,TOUCH,01:00:00,FP,07:56:00,null,SI,NO,02:55:00,2,3,1,null,1,21:59:00,22:59:00,12 sept 2026,12 sept 2026,21:59:00,07:25:00,13 sept 2026,07:25:00,13 sept 2026,07:25:00,13 sept 2026,09:26:00,13:00:00,null,3055,0,0,1,0,6,-73.78,-77.12,Oeste," ",0,0,0,07:56:00,INT,4.004,00:00:00,00:00:00,13 sept 2026,J,INT
151,null,null,LIM,13 sept 2026,23:05:00,16 sept 2026,07:25:00,null,1,15 sept 2026,Sep-2026,2026Q3,LA,2469,JFK,LIM,JFKLIM,22:59:00,06:55:00,23:59:00,06:55:00,03:59:00,11:55:00,NO,763,OUT,TOUCH,01:00:00,FP,07:56:00,null,SI,NO,02:55:00,2,3,1,null,1,21:59:00,22:59:00,15 sept 2026,15 sept 2026,21:59:00,07:25:00,16 sept 2026,07:25:00,16 sept 2026,07:25:00,16 sept 2026,09:26:00,13:00:00,null,3055,0,0,1,0,6,-73.78,-77.12,Oeste," ",0,0,0,07:56:00,INT,4.004,00:00:00,00:00:00,16 sept 2026,J,INT
180,null,null,LIM,16 sept 2026,23:05:00,19 sept 2026,07:25:00,null,1,18 sept 2026,Sep-2026,2026Q3,LA,2469,JFK,LIM,JFKLIM,22:59:00,06:55:00,23:59:00,06:55:00,03:59:00,11:55:00,NO,763,OUT,TOUCH,01:00:00,FP,07:56:00,null,SI,NO,02:55:00,2,3,1,null,1,21:59:00,22:59:00,18 sept 2026,18 sept 2026,21:59:00,07:25:00,19 sept 2026,07:25:00,19 sept 2026,07:25:00,19 sept 2026,09:26:00,13:00:00,null,3055,0,0,1,0,6,-73.78,-77.12,Oeste," ",0,0,0,07:56:00,INT,4.004,00:00:00,00:00:00,19 sept 2026,J,INT
226,null,null,LIM,21 sept 2026,07:15:00,23 sept 2026,05:30:00,null,1,23 sept 2026,Sep-2026,2026Q3,LA,2699,MIA,LIM,MIALIM,23:15:00,05:00:00,00:15:00,05:00:00,04:15:00,10:00:00,NO,763,OUT,TOUCH,01:00:00,FP,05:45:00,null,SI,NO,02:55:00,2,2,1,null,1,22:15:00,23:15:00,22 sept 2026,22 sept 2026,22:15:00,05:30:00,23 sept 2026,05:30:00,23 sept 2026,05:30:00,23 sept 2026,07:15:00,13:00:00,null,3024,0,0,1,0,4,-80.28,-77.12,Este," ",0,0,0,05:45:00,INT,3.944,00:00:00,00:00:00,23 sept 2026,J,INT
255,null,null,LIM,24 sept 2026,07:15:00,26 sept 2026,05:30:00,null,1,26 sept 2026,Sep-2026,2026Q3,LA,2699,MIA,LIM,MIALIM,23:15:00,05:00:00,00:15:00,05:00:00,04:15:00,10:00:00,NO,763,OUT,TOUCH,01:00:00,FP,05:45:00,null,SI,NO,02:55:00,2,2,1,null,1,22:15:00,23:15:00,25 sept 2026,25 sept 2026,22:15:00,05:30:00,26 sept 2026,05:30:00,26 sept 2026,05:30:00,26 sept 2026,07:15:00,13:00:00,null,3024,0,0,1,0,4,-80.28,-77.12,Este," ",0,0,0,05:45:00,INT,3.944,00:00:00,00:00:00,26 sept 2026,J,INT
184,null,null,LIM,17 sept 2026,07:15:00,19 sept 2026,05:30:00,null,1,19 sept 2026,Sep-2026,2026Q3,LA,2699,MIA,LIM,MIALIM,23:15:00,05:00:00,00:15:00,05:00:00,04:15:00,10:00:00,NO,763,OUT,TOUCH,01:00:00,FP,05:45:00,null,SI,NO,02:55:00,2,2,1,null,1,22:15:00,23:15:00,18 sept 2026,18 sept 2026,22:15:00,05:30:00,19 sept 2026,05:30:00,19 sept 2026,05:30:00,19 sept 2026,07:15:00,13:00:00,null,3024,0,0,1,0,4,-80.28,-77.12,Este," ",0,0,0,05:45:00,INT,3.944,00:00:00,00:00:00,19 sept 2026,J,INT
297,null,null,LIM,28 sept 2026,07:15:00,30 sept 2026,05:30:00,null,1,30 sept 2026,Sep-2026,2026Q3,LA,2699,MIA,LIM,MIALIM,23:15:00,05:00:00,00:15:00,05:00:00,04:15:00,10:00:00,NO,763,OUT,TOUCH,01:00:00,FP,05:45:00,null,SI,NO,02:55:00,2,2,1,null,1,22:15:00,23:15:00,29 sept 2026,29 sept 2026,22:15:00,05:30:00,30 sept 2026,05:30:00,30 sept 2026,05:30:00,30 sept 2026,07:15:00,13:00:00,null,3024,0,0,1,0,4,-80.28,-77.12,Este," ",0,0,0,05:45:00,INT,3.944,00:00:00,00:00:00,30 sept 2026,J,INT
157,null,null,LIM,14 sept 2026,11:00:00,16 sept 2026,08:40:00,null,1,15 sept 2026,Sep-2026,2026Q3,LA,2477,LAX,LIM,LAXLIM,23:30:00,08:10:00,21:30:00,08:10:00,04:30:00,13:10:00,NO,763,OUT,TOUCH,01:00:00,FP,08:40:00,null,SI,NO,02:55:00,2,2,1,null,1,22:30:00,20:30:00,15 sept 2026,15 sept 2026,22:30:00,08:40:00,16 sept 2026,08:40:00,16 sept 2026,08:40:00,16 sept 2026,10:10:00,13:00:00,null,2974,0,0,1,0,6,-118.4,-77.12,Este," ",0,0,0,08:40:00,INT,5.888,00:00:00,00:00:00,16 sept 2026,J,INT
75,null,null,LIM,6 sept 2026,11:00:00,8 sept 2026,08:40:00,null,1,7 sept 2026,Sep-2026,2026Q3,LA,2477,LAX,LIM,LAXLIM,23:30:00,08:10:00,21:30:00,08:10:00,04:30:00,13:10:00,NO,763,OUT,TOUCH,01:00:00,FP,08:40:00,null,SI,NO,02:55:00,2,2,1,null,1,22:30:00,20:30:00,7 sept 2026,7 sept 2026,22:30:00,08:40:00,8 sept 2026,08:40:00,8 sept 2026,08:40:00,8 sept 2026,10:10:00,13:00:00,null,2974,0,0,1,0,6,-118.4,-77.12,Este," ",0,0,0,08:40:00,INT,5.888,00:00:00,00:00:00,8 sept 2026,J,INT
299,null,null,LIM,28 sept 2026,11:00:00,30 sept 2026,08:40:00,null,1,29 sept 2026,Sep-2026,2026Q3,LA,2477,LAX,LIM,LAXLIM,23:30:00,08:10:00,21:30:00,08:10:00,04:30:00,13:10:00,NO,763,OUT,TOUCH,01:00:00,FP,08:40:00,null,SI,NO,02:55:00,2,2,1,null,1,22:30:00,20:30:00,29 sept 2026,29 sept 2026,22:30:00,08:40:00,30 sept 2026,08:40:00,30 sept 2026,08:40:00,30 sept 2026,10:10:00,13:00:00,null,2974,0,0,1,0,6,-118.4,-77.12,Este," ",0,0,0,08:40:00,INT,5.888,00:00:00,00:00:00,30 sept 2026,J,INT
166,null,null,LIM,15 sept 2026,11:00:00,17 sept 2026,08:40:00,null,1,16 sept 2026,Sep-2026,2026Q3,LA,2477,LAX,LIM,LAXLIM,23:30:00,08:10:00,21:30:00,08:10:00,04:30:00,13:10:00,NO,763,OUT,TOUCH,01:00:00,FP,08:40:00,null,SI,NO,02:55:00,2,2,1,null,1,22:30:00,20:30:00,16 sept 2026,16 sept 2026,22:30:00,08:40:00,17 sept 2026,08:40:00,17 sept 2026,08:40:00,17 sept 2026,10:10:00,13:00:00,null,2974,0,0,1,0,6,-118.4,-77.12,Este," ",0,0,0,08:40:00,INT,5.888,00:00:00,00:00:00,17 sept 2026,J,INT
308,null,null,LIM,29 sept 2026,11:00:00,1 oct 2026,08:40:00,null,1,30 sept 2026,Sep-2026,2026Q3,LA,2477,LAX,LIM,LAXLIM,23:30:00,08:10:00,21:30:00,08:10:00,04:30:00,13:10:00,NO,763,OUT,TOUCH,01:00:00,FP,08:40:00,null,SI,NO,02:55:00,2,2,1,null,1,22:30:00,20:30:00,30 sept 2026,30 sept 2026,22:30:00,08:40:00,1 oct 2026,08:40:00,1 oct 2026,08:40:00,1 oct 2026,10:10:00,13:00:00,null,2974,0,0,1,0,6,-118.4,-77.12,Este," ",0,0,0,08:40:00,INT,5.888,00:00:00,00:00:00,1 oct 2026,J,INT
278,null,null,LIM,26 sept 2026,11:00:00,28 sept 2026,08:40:00,null,1,27 sept 2026,Sep-2026,2026Q3,LA,2477,LAX,LIM,LAXLIM,23:30:00,08:10:00,21:30:00,08:10:00,04:30:00,13:10:00,NO,763,OUT,TOUCH,01:00:00,FP,08:40:00,null,SI,NO,02:55:00,2,2,1,null,1,22:30:00,20:30:00,27 sept 2026,27 sept 2026,22:30:00,08:40:00,28 sept 2026,08:40:00,28 sept 2026,08:40:00,28 sept 2026,10:10:00,13:00:00,null,2974,0,0,1,0,6,-118.4,-77.12,Este," ",0,0,0,08:40:00,INT,5.888,00:00:00,00:00:00,28 sept 2026,J,INT
288,null,null,LIM,27 sept 2026,11:00:00,29 sept 2026,08:40:00,null,1,28 sept 2026,Sep-2026,2026Q3,LA,2477,LAX,LIM,LAXLIM,23:30:00,08:10:00,21:30:00,08:10:00,04:30:00,13:10:00,NO,763,OUT,TOUCH,01:00:00,FP,08:40:00,null,SI,NO,02:55:00,2,2,1,null,1,22:30:00,20:30:00,28 sept 2026,28 sept 2026,22:30:00,08:40:00,29 sept 2026,08:40:00,29 sept 2026,08:40:00,29 sept 2026,10:10:00,13:00:00,null,2974,0,0,1,0,6,-118.4,-77.12,Este," ",0,0,0,08:40:00,INT,5.888,00:00:00,00:00:00,29 sept 2026,J,INT
86,null,null,LIM,7 sept 2026,11:00:00,9 sept 2026,08:40:00,null,1,8 sept 2026,Sep-2026,2026Q3,LA,2477,LAX,LIM,LAXLIM,23:30:00,08:10:00,21:30:00,08:10:00,04:30:00,13:10:00,NO,763,OUT,TOUCH,01:00:00,FP,08:40:00,null,SI,NO,02:55:00,2,2,1,null,1,22:30:00,20:30:00,8 sept 2026,8 sept 2026,22:30:00,08:40:00,9 sept 2026,08:40:00,9 sept 2026,08:40:00,9 sept 2026,10:10:00,13:00:00,null,2974,0,0,1,0,6,-118.4,-77.12,Este," ",0,0,0,08:40:00,INT,5.888,00:00:00,00:00:00,9 sept 2026,J,INT
136,null,null,LIM,12 sept 2026,11:00:00,14 sept 2026,08:40:00,null,1,13 sept 2026,Sep-2026,2026Q3,LA,2477,LAX,LIM,LAXLIM,23:30:00,08:10:00,21:30:00,08:10:00,04:30:00,13:10:00,NO,763,OUT,TOUCH,01:00:00,FP,08:40:00,null,SI,NO,02:55:00,2,2,1,null,1,22:30:00,20:30:00,13 sept 2026,13 sept 2026,22:30:00,08:40:00,14 sept 2026,08:40:00,14 sept 2026,08:40:00,14 sept 2026,10:10:00,13:00:00,null,2974,0,0,1,0,6,-118.4,-77.12,Este," ",0,0,0,08:40:00,INT,5.888,00:00:00,00:00:00,14 sept 2026,J,INT
95,null,null,LIM,8 sept 2026,11:00:00,10 sept 2026,08:40:00,null,1,9 sept 2026,Sep-2026,2026Q3,LA,2477,LAX,LIM,LAXLIM,23:30:00,08:10:00,21:30:00,08:10:00,04:30:00,13:10:00,NO,763,OUT,TOUCH,01:00:00,FP,08:40:00,null,SI,NO,02:55:00,2,2,1,null,1,22:30:00,20:30:00,9 sept 2026,9 sept 2026,22:30:00,08:40:00,10 sept 2026,08:40:00,10 sept 2026,08:40:00,10 sept 2026,10:10:00,13:00:00,null,2974,0,0,1,0,6,-118.4,-77.12,Este," ",0,0,0,08:40:00,INT,5.888,00:00:00,00:00:00,10 sept 2026,J,INT
237,null,null,LIM,22 sept 2026,11:00:00,24 sept 2026,08:40:00,null,1,23 sept 2026,Sep-2026,2026Q3,LA,2477,LAX,LIM,LAXLIM,23:30:00,08:10:00,21:30:00,08:10:00,04:30:00,13:10:00,NO,763,OUT,TOUCH,01:00:00,FP,08:40:00,null,SI,NO,02:55:00,2,2,1,null,1,22:30:00,20:30:00,23 sept 2026,23 sept 2026,22:30:00,08:40:00,24 sept 2026,08:40:00,24 sept 2026,08:40:00,24 sept 2026,10:10:00,13:00:00,null,2974,0,0,1,0,6,-118.4,-77.12,Este," ",0,0,0,08:40:00,INT,5.888,00:00:00,00:00:00,24 sept 2026,J,INT
228,null,null,LIM,21 sept 2026,11:00:00,23 sept 2026,08:40:00,null,1,22 sept 2026,Sep-2026,2026Q3,LA,2477,LAX,LIM,LAXLIM,23:30:00,08:10:00,21:30:00,08:10:00,04:30:00,13:10:00,NO,763,OUT,TOUCH,01:00:00,FP,08:40:00,null,SI,NO,02:55:00,2,2,1,null,1,22:30:00,20:30:00,22 sept 2026,22 sept 2026,22:30:00,08:40:00,23 sept 2026,08:40:00,23 sept 2026,08:40:00,23 sept 2026,10:10:00,13:00:00,null,2974,0,0,1,0,6,-118.4,-77.12,Este," ",0,0,0,08:40:00,INT,5.888,00:00:00,00:00:00,23 sept 2026,J,INT
217,null,null,LIM,20 sept 2026,11:00:00,22 sept 2026,08:40:00,null,1,21 sept 2026,Sep-2026,2026Q3,LA,2477,LAX,LIM,LAXLIM,23:30:00,08:10:00,21:30:00,08:10:00,04:30:00,13:10:00,NO,763,OUT,TOUCH,01:00:00,FP,08:40:00,null,SI,NO,02:55:00,2,2,1,null,1,22:30:00,20:30:00,21 sept 2026,21 sept 2026,22:30:00,08:40:00,22 sept 2026,08:40:00,22 sept 2026,08:40:00,22 sept 2026,10:10:00,13:00:00,null,2974,0,0,1,0,6,-118.4,-77.12,Este," ",0,0,0,08:40:00,INT,5.888,00:00:00,00:00:00,22 sept 2026,J,INT
24,null,null,LIM,1 sept 2026,11:00:00,3 sept 2026,08:40:00,null,1,2 sept 2026,Sep-2026,2026Q3,LA,2477,LAX,LIM,LAXLIM,23:30:00,08:10:00,21:30:00,08:10:00,04:30:00,13:10:00,NO,763,OUT,TOUCH,01:00:00,FP,08:40:00,null,SI,NO,02:55:00,2,2,1,null,1,22:30:00,20:30:00,2 sept 2026,2 sept 2026,22:30:00,08:40:00,3 sept 2026,08:40:00,3 sept 2026,08:40:00,3 sept 2026,10:10:00,13:00:00,null,2974,0,0,1,0,6,-118.4,-77.12,Este," ",0,0,0,08:40:00,INT,5.888,00:00:00,00:00:00,3 sept 2026,J,INT
65,null,null,LIM,5 sept 2026,11:00:00,7 sept 2026,08:40:00,null,1,6 sept 2026,Sep-2026,2026Q3,LA,2477,LAX,LIM,LAXLIM,23:30:00,08:10:00,21:30:00,08:10:00,04:30:00,13:10:00,NO,763,OUT,TOUCH,01:00:00,FP,08:40:00,null,SI,NO,02:55:00,2,2,1,null,1,22:30:00,20:30:00,6 sept 2026,6 sept 2026,22:30:00,08:40:00,7 sept 2026,08:40:00,7 sept 2026,08:40:00,7 sept 2026,10:10:00,13:00:00,null,2974,0,0,1,0,6,-118.4,-77.12,Este," ",0,0,0,08:40:00,INT,5.888,00:00:00,00:00:00,7 sept 2026,J,INT
146,null,null,LIM,13 sept 2026,11:00:00,15 sept 2026,08:40:00,null,1,14 sept 2026,Sep-2026,2026Q3,LA,2477,LAX,LIM,LAXLIM,23:30:00,08:10:00,21:30:00,08:10:00,04:30:00,13:10:00,NO,763,OUT,TOUCH,01:00:00,FP,08:40:00,null,SI,NO,02:55:00,2,2,1,null,1,22:30:00,20:30:00,14 sept 2026,14 sept 2026,22:30:00,08:40:00,15 sept 2026,08:40:00,15 sept 2026,08:40:00,15 sept 2026,10:10:00,13:00:00,null,2974,0,0,1,0,6,-118.4,-77.12,Este," ",0,0,0,08:40:00,INT,5.888,00:00:00,00:00:00,15 sept 2026,J,INT
15,null,LA2476310826,LIM,31 ago 2026,11:00:00,2 sept 2026,08:40:00,null,1,1 sept 2026,Sep-2026,2026Q3,LA,2477,LAX,LIM,LAXLIM,23:30:00,08:10:00,21:30:00,08:10:00,04:30:00,13:10:00,NO,763,OUT,TOUCH,01:00:00,FP,08:40:00,null,SI,NO,02:55:00,2,2,1,null,1,22:30:00,20:30:00,1 sept 2026,1 sept 2026,22:30:00,08:40:00,2 sept 2026,08:40:00,2 sept 2026,08:40:00,2 sept 2026,10:10:00,13:00:00,null,2974,0,0,1,0,6,-118.4,-77.12,Este," ",0,0,0,08:40:00,INT,5.888,00:00:00,00:00:00,2 sept 2026,J,INT
207,null,null,LIM,19 sept 2026,11:00:00,21 sept 2026,08:40:00,null,1,20 sept 2026,Sep-2026,2026Q3,LA,2477,LAX,LIM,LAXLIM,23:30:00,08:10:00,21:30:00,08:10:00,04:30:00,13:10:00,NO,763,OUT,TOUCH,01:00:00,FP,08:40:00,null,SI,NO,02:55:00,2,2,1,null,1,22:30:00,20:30:00,20 sept 2026,20 sept 2026,22:30:00,08:40:00,21 sept 2026,08:40:00,21 sept 2026,08:40:00,21 sept 2026,10:10:00,13:00:00,null,2974,0,0,1,0,6,-118.4,-77.12,Este," ",0,0,0,08:40:00,INT,5.888,00:00:00,00:00:00,21 sept 2026,J,INT
5,null,LA2476300826,LIM,30 ago 2026,11:00:00,1 sept 2026,08:35:00,null,1,31 ago 2026,Aug-2026,2026Q3,LA,2477,LAX,LIM,LAXLIM,23:30:00,08:05:00,21:30:00,08:05:00,04:30:00,13:05:00,NO,763,OUT,TOUCH,01:00:00,FP,08:35:00,null,SI,NO,02:55:00,2,2,1,null,1,22:30:00,20:30:00,31 ago 2026,31 ago 2026,22:30:00,08:35:00,1 sept 2026,08:35:00,1 sept 2026,08:35:00,1 sept 2026,10:05:00,13:00:00,null,2973,0,0,1,0,6,-118.4,-77.12,Este," ",0,0,0,08:35:00,INT,5.861,00:00:00,00:00:00,1 sept 2026,J,INT
123,null,null,LIM,11 sept 2026,08:35:00,11 sept 2026,20:10:00,null,1,11 sept 2026,Sep-2026,2026Q3,LA,2696,SCL,LIM,SCLLIM,15:50:00,19:40:00,17:50:00,19:40:00,20:50:00,00:40:00,NO,789,OUT,TOUCH,01:00:00,FP,03:50:00,null,SI,NO,02:10:00,1,1,0,null,null,08:35:00,08:35:00,11 sept 2026,11 sept 2026,08:35:00,20:10:00,11 sept 2026,20:10:00,11 sept 2026,20:10:00,11 sept 2026,11:35:00,13:00:00,null,2972,0,0,1,0,6,-70.8,-77.12,Oeste," ",0,0,0,07:15:00,INT,7.25,00:00:00,00:00:00,11 sept 2026,J,REG
114,null,null,LIM,10 sept 2026,08:35:00,10 sept 2026,20:10:00,null,1,10 sept 2026,Sep-2026,2026Q3,LA,2696,SCL,LIM,SCLLIM,15:50:00,19:40:00,17:50:00,19:40:00,20:50:00,00:40:00,NO,789,OUT,TOUCH,01:00:00,FP,03:50:00,null,SI,NO,02:10:00,1,1,0,null,null,08:35:00,08:35:00,10 sept 2026,10 sept 2026,08:35:00,20:10:00,10 sept 2026,20:10:00,10 sept 2026,20:10:00,10 sept 2026,11:35:00,13:00:00,null,2972,0,0,1,0,6,-70.8,-77.12,Oeste," ",0,0,0,07:15:00,INT,7.25,00:00:00,00:00:00,10 sept 2026,J,REG
307,null,null,LIM,29 sept 2026,08:35:00,29 sept 2026,20:10:00,null,1,29 sept 2026,Sep-2026,2026Q3,LA,2696,SCL,LIM,SCLLIM,15:50:00,19:40:00,17:50:00,19:40:00,20:50:00,00:40:00,NO,788,OUT,TOUCH,01:00:00,FP,03:50:00,null,SI,NO,02:10:00,1,1,0,null,null,08:35:00,08:35:00,29 sept 2026,29 sept 2026,08:35:00,20:10:00,29 sept 2026,20:10:00,29 sept 2026,20:10:00,29 sept 2026,11:35:00,13:00:00,null,2972,0,0,1,0,6,-70.8,-77.12,Oeste," ",0,0,0,07:15:00,INT,7.25,00:00:00,00:00:00,29 sept 2026,J,REG
287,null,null,LIM,27 sept 2026,08:35:00,27 sept 2026,20:10:00,null,1,27 sept 2026,Sep-2026,2026Q3,LA,2696,SCL,LIM,SCLLIM,15:50:00,19:40:00,17:50:00,19:40:00,20:50:00,00:40:00,NO,788,OUT,TOUCH,01:00:00,FP,03:50:00,null,SI,NO,02:10:00,1,1,0,null,null,08:35:00,08:35:00,27 sept 2026,27 sept 2026,08:35:00,20:10:00,27 sept 2026,20:10:00,27 sept 2026,20:10:00,27 sept 2026,11:35:00,13:00:00,null,2972,0,0,1,0,6,-70.8,-77.12,Oeste," ",0,0,0,07:15:00,INT,7.25,00:00:00,00:00:00,27 sept 2026,J,REG
85,null,null,LIM,7 sept 2026,08:35:00,7 sept 2026,20:10:00,null,1,7 sept 2026,Sep-2026,2026Q3,LA,2696,SCL,LIM,SCLLIM,15:50:00,19:40:00,17:50:00,19:40:00,20:50:00,00:40:00,NO,789,OUT,TOUCH,01:00:00,FP,03:50:00,null,SI,NO,02:10:00,1,1,0,null,null,08:35:00,08:35:00,7 sept 2026,7 sept 2026,08:35:00,20:10:00,7 sept 2026,20:10:00,7 sept 2026,20:10:00,7 sept 2026,11:35:00,13:00:00,null,2972,0,0,1,0,6,-70.8,-77.12,Oeste," ",0,0,0,07:15:00,INT,7.25,00:00:00,00:00:00,7 sept 2026,J,REG
74,null,null,LIM,6 sept 2026,08:35:00,6 sept 2026,20:10:00,null,1,6 sept 2026,Sep-2026,2026Q3,LA,2696,SCL,LIM,SCLLIM,15:50:00,19:40:00,17:50:00,19:40:00,20:50:00,00:40:00,NO,788,OUT,TOUCH,01:00:00,FP,03:50:00,null,SI,NO,02:10:00,1,1,0,null,null,08:35:00,08:35:00,6 sept 2026,6 sept 2026,08:35:00,20:10:00,6 sept 2026,20:10:00,6 sept 2026,20:10:00,6 sept 2026,11:35:00,13:00:00,null,2972,0,0,1,0,6,-70.8,-77.12,Oeste," ",0,0,0,07:15:00,INT,7.25,00:00:00,00:00:00,6 sept 2026,J,REG
103,null,null,LIM,9 sept 2026,08:35:00,9 sept 2026,20:10:00,null,1,9 sept 2026,Sep-2026,2026Q3,LA,2696,SCL,LIM,SCLLIM,15:50:00,19:40:00,17:50:00,19:40:00,20:50:00,00:40:00,NO,789,OUT,TOUCH,01:00:00,FP,03:50:00,null,SI,NO,02:10:00,1,1,0,null,null,08:35:00,08:35:00,9 sept 2026,9 sept 2026,08:35:00,20:10:00,9 sept 2026,20:10:00,9 sept 2026,20:10:00,9 sept 2026,11:35:00,13:00:00,null,2972,0,0,1,0,6,-70.8,-77.12,Oeste," ",0,0,0,07:15:00,INT,7.25,00:00:00,00:00:00,9 sept 2026,J,REG
227,null,null,LIM,21 sept 2026,08:35:00,21 sept 2026,20:10:00,null,1,21 sept 2026,Sep-2026,2026Q3,LA,2696,SCL,LIM,SCLLIM,15:50:00,19:40:00,17:50:00,19:40:00,20:50:00,00:40:00,NO,789,OUT,TOUCH,01:00:00,FP,03:50:00,null,SI,NO,02:10:00,1,1,0,null,null,08:35:00,08:35:00,21 sept 2026,21 sept 2026,08:35:00,20:10:00,21 sept 2026,20:10:00,21 sept 2026,20:10:00,21 sept 2026,11:35:00,13:00:00,null,2972,0,0,1,0,6,-70.8,-77.12,Oeste," ",0,0,0,07:15:00,INT,7.25,00:00:00,00:00:00,21 sept 2026,J,REG
236,null,null,LIM,22 sept 2026,08:35:00,22 sept 2026,20:10:00,null,1,22 sept 2026,Sep-2026,2026Q3,LA,2696,SCL,LIM,SCLLIM,15:50:00,19:40:00,17:50:00,19:40:00,20:50:00,00:40:00,NO,788,OUT,TOUCH,01:00:00,FP,03:50:00,null,SI,NO,02:10:00,1,1,0,null,null,08:35:00,08:35:00,22 sept 2026,22 sept 2026,08:35:00,20:10:00,22 sept 2026,20:10:00,22 sept 2026,20:10:00,22 sept 2026,11:35:00,13:00:00,null,2972,0,0,1,0,6,-70.8,-77.12,Oeste," ",0,0,0,07:15:00,INT,7.25,00:00:00,00:00:00,22 sept 2026,J,REG
216,null,null,LIM,20 sept 2026,08:35:00,20 sept 2026,20:10:00,null,1,20 sept 2026,Sep-2026,2026Q3,LA,2696,SCL,LIM,SCLLIM,15:50:00,19:40:00,17:50:00,19:40:00,20:50:00,00:40:00,NO,788,OUT,TOUCH,01:00:00,FP,03:50:00,null,SI,NO,02:10:00,1,1,0,null,null,08:35:00,08:35:00,20 sept 2026,20 sept 2026,08:35:00,20:10:00,20 sept 2026,20:10:00,20 sept 2026,20:10:00,20 sept 2026,11:35:00,13:00:00,null,2972,0,0,1,0,6,-70.8,-77.12,Oeste," ",0,0,0,07:15:00,INT,7.25,00:00:00,00:00:00,20 sept 2026,J,REG
156,null,null,LIM,14 sept 2026,08:35:00,14 sept 2026,20:10:00,null,1,14 sept 2026,Sep-2026,2026Q3,LA,2696,SCL,LIM,SCLLIM,15:50:00,19:40:00,17:50:00,19:40:00,20:50:00,00:40:00,NO,789,OUT,TOUCH,01:00:00,FP,03:50:00,null,SI,NO,02:10:00,1,1,0,null,null,08:35:00,08:35:00,14 sept 2026,14 sept 2026,08:35:00,20:10:00,14 sept 2026,20:10:00,14 sept 2026,20:10:00,14 sept 2026,11:35:00,13:00:00,null,2972,0,0,1,0,6,-70.8,-77.12,Oeste," ",0,0,0,07:15:00,INT,7.25,00:00:00,00:00:00,14 sept 2026,J,REG
135,null,null,LIM,12 sept 2026,08:35:00,12 sept 2026,20:10:00,null,1,12 sept 2026,Sep-2026,2026Q3,LA,2696,SCL,LIM,SCLLIM,15:50:00,19:40:00,17:50:00,19:40:00,20:50:00,00:40:00,NO,789,OUT,TOUCH,01:00:00,FP,03:50:00,null,SI,NO,02:10:00,1,1,0,null,null,08:35:00,08:35:00,12 sept 2026,12 sept 2026,08:35:00,20:10:00,12 sept 2026,20:10:00,12 sept 2026,20:10:00,12 sept 2026,11:35:00,13:00:00,null,2972,0,0,1,0,6,-70.8,-77.12,Oeste," ",0,0,0,07:15:00,INT,7.25,00:00:00,00:00:00,12 sept 2026,J,REG
194,null,null,LIM,18 sept 2026,08:35:00,18 sept 2026,20:10:00,null,1,18 sept 2026,Sep-2026,2026Q3,LA,2696,SCL,LIM,SCLLIM,15:50:00,19:40:00,17:50:00,19:40:00,20:50:00,00:40:00,NO,789,OUT,TOUCH,01:00:00,FP,03:50:00,null,SI,NO,02:10:00,1,1,0,null,null,08:35:00,08:35:00,18 sept 2026,18 sept 2026,08:35:00,20:10:00,18 sept 2026,20:10:00,18 sept 2026,20:10:00,18 sept 2026,11:35:00,13:00:00,null,2972,0,0,1,0,6,-70.8,-77.12,Oeste," ",0,0,0,07:15:00,INT,7.25,00:00:00,00:00:00,18 sept 2026,J,REG
245,null,null,LIM,23 sept 2026,08:35:00,23 sept 2026,20:10:00,null,1,23 sept 2026,Sep-2026,2026Q3,LA,2696,SCL,LIM,SCLLIM,15:50:00,19:40:00,17:50:00,19:40:00,20:50:00,00:40:00,NO,789,OUT,TOUCH,01:00:00,FP,03:50:00,null,SI,NO,02:10:00,1,1,0,null,null,08:35:00,08:35:00,23 sept 2026,23 sept 2026,08:35:00,20:10:00,23 sept 2026,20:10:00,23 sept 2026,20:10:00,23 sept 2026,11:35:00,13:00:00,null,2972,0,0,1,0,6,-70.8,-77.12,Oeste," ",0,0,0,07:15:00,INT,7.25,00:00:00,00:00:00,23 sept 2026,J,REG
165,null,null,LIM,15 sept 2026,08:35:00,15 sept 2026,20:10:00,null,1,15 sept 2026,Sep-2026,2026Q3,LA,2696,SCL,LIM,SCLLIM,15:50:00,19:40:00,17:50:00,19:40:00,20:50:00,00:40:00,NO,788,OUT,TOUCH,01:00:00,FP,03:50:00,null,SI,NO,02:10:00,1,1,0,null,null,08:35:00,08:35:00,15 sept 2026,15 sept 2026,08:35:00,20:10:00,15 sept 2026,20:10:00,15 sept 2026,20:10:00,15 sept 2026,11:35:00,13:00:00,null,2972,0,0,1,0,6,-70.8,-77.12,Oeste," ",0,0,0,07:15:00,INT,7.25,00:00:00,00:00:00,15 sept 2026,J,REG
185,null,null,LIM,17 sept 2026,08:35:00,17 sept 2026,20:10:00,null,1,17 sept 2026,Sep-2026,2026Q3,LA,2696,SCL,LIM,SCLLIM,15:50:00,19:40:00,17:50:00,19:40:00,20:50:00,00:40:00,NO,789,OUT,TOUCH,01:00:00,FP,03:50:00,null,SI,NO,02:10:00,1,1,0,null,null,08:35:00,08:35:00,17 sept 2026,17 sept 2026,08:35:00,20:10:00,17 sept 2026,20:10:00,17 sept 2026,20:10:00,17 sept 2026,11:35:00,13:00:00,null,2972,0,0,1,0,6,-70.8,-77.12,Oeste," ",0,0,0,07:15:00,INT,7.25,00:00:00,00:00:00,17 sept 2026,J,REG
277,null,null,LIM,26 sept 2026,08:35:00,26 sept 2026,20:10:00,null,1,26 sept 2026,Sep-2026,2026Q3,LA,2696,SCL,LIM,SCLLIM,15:50:00,19:40:00,17:50:00,19:40:00,20:50:00,00:40:00,NO,789,OUT,TOUCH,01:00:00,FP,03:50:00,null,SI,NO,02:10:00,1,1,0,null,null,08:35:00,08:35:00,26 sept 2026,26 sept 2026,08:35:00,20:10:00,26 sept 2026,20:10:00,26 sept 2026,20:10:00,26 sept 2026,11:35:00,13:00:00,null,2972,0,0,1,0,6,-70.8,-77.12,Oeste," ",0,0,0,07:15:00,INT,7.25,00:00:00,00:00:00,26 sept 2026,J,REG
206,null,null,LIM,19 sept 2026,08:35:00,19 sept 2026,20:10:00,null,1,19 sept 2026,Sep-2026,2026Q3,LA,2696,SCL,LIM,SCLLIM,15:50:00,19:40:00,17:50:00,19:40:00,20:50:00,00:40:00,NO,789,OUT,TOUCH,01:00:00,FP,03:50:00,null,SI,NO,02:10:00,1,1,0,null,null,08:35:00,08:35:00,19 sept 2026,19 sept 2026,08:35:00,20:10:00,19 sept 2026,20:10:00,19 sept 2026,20:10:00,19 sept 2026,11:35:00,13:00:00,null,2972,0,0,1,0,6,-70.8,-77.12,Oeste," ",0,0,0,07:15:00,INT,7.25,00:00:00,00:00:00,19 sept 2026,J,REG
256,null,null,LIM,24 sept 2026,08:35:00,24 sept 2026,20:10:00,null,1,24 sept 2026,Sep-2026,2026Q3,LA,2696,SCL,LIM,SCLLIM,15:50:00,19:40:00,17:50:00,19:40:00,20:50:00,00:40:00,NO,789,OUT,TOUCH,01:00:00,FP,03:50:00,null,SI,NO,02:10:00,1,1,0,null,null,08:35:00,08:35:00,24 sept 2026,24 sept 2026,08:35:00,20:10:00,24 sept 2026,20:10:00,24 sept 2026,20:10:00,24 sept 2026,11:35:00,13:00:00,null,2972,0,0,1,0,6,-70.8,-77.12,Oeste," ",0,0,0,07:15:00,INT,7.25,00:00:00,00:00:00,24 sept 2026,J,REG
94,null,null,LIM,8 sept 2026,08:35:00,8 sept 2026,20:10:00,null,1,8 sept 2026,Sep-2026,2026Q3,LA,2696,SCL,LIM,SCLLIM,15:50:00,19:40:00,17:50:00,19:40:00,20:50:00,00:40:00,NO,788,OUT,TOUCH,01:00:00,FP,03:50:00,null,SI,NO,02:10:00,1,1,0,null,null,08:35:00,08:35:00,8 sept 2026,8 sept 2026,08:35:00,20:10:00,8 sept 2026,20:10:00,8 sept 2026,20:10:00,8 sept 2026,11:35:00,13:00:00,null,2972,0,0,1,0,6,-70.8,-77.12,Oeste," ",0,0,0,07:15:00,INT,7.25,00:00:00,00:00:00,8 sept 2026,J,REG
316,null,null,LIM,30 sept 2026,08:35:00,30 sept 2026,20:10:00,null,1,30 sept 2026,Sep-2026,2026Q3,LA,2696,SCL,LIM,SCLLIM,15:50:00,19:40:00,17:50:00,19:40:00,20:50:00,00:40:00,NO,789,OUT,TOUCH,01:00:00,FP,03:50:00,null,SI,NO,02:10:00,1,1,0,null,null,08:35:00,08:35:00,30 sept 2026,30 sept 2026,08:35:00,20:10:00,30 sept 2026,20:10:00,30 sept 2026,20:10:00,30 sept 2026,11:35:00,13:00:00,null,2972,0,0,1,0,6,-70.8,-77.12,Oeste," ",0,0,0,07:15:00,INT,7.25,00:00:00,00:00:00,30 sept 2026,J,REG
265,null,null,LIM,25 sept 2026,08:35:00,25 sept 2026,20:10:00,null,1,25 sept 2026,Sep-2026,2026Q3,LA,2696,SCL,LIM,SCLLIM,15:50:00,19:40:00,17:50:00,19:40:00,20:50:00,00:40:00,NO,789,OUT,TOUCH,01:00:00,FP,03:50:00,null,SI,NO,02:10:00,1,1,0,null,null,08:35:00,08:35:00,25 sept 2026,25 sept 2026,08:35:00,20:10:00,25 sept 2026,20:10:00,25 sept 2026,20:10:00,25 sept 2026,11:35:00,13:00:00,null,2972,0,0,1,0,6,-70.8,-77.12,Oeste," ",0,0,0,07:15:00,INT,7.25,00:00:00,00:00:00,25 sept 2026,J,REG
174,null,null,LIM,16 sept 2026,08:35:00,16 sept 2026,20:10:00,null,1,16 sept 2026,Sep-2026,2026Q3,LA,2696,SCL,LIM,SCLLIM,15:50:00,19:40:00,17:50:00,19:40:00,20:50:00,00:40:00,NO,789,OUT,TOUCH,01:00:00,FP,03:50:00,null,SI,NO,02:10:00,1,1,0,null,null,08:35:00,08:35:00,16 sept 2026,16 sept 2026,08:35:00,20:10:00,16 sept 2026,20:10:00,16 sept 2026,20:10:00,16 sept 2026,11:35:00,13:00:00,null,2972,0,0,1,0,6,-70.8,-77.12,Oeste," ",0,0,0,07:15:00,INT,7.25,00:00:00,00:00:00,16 sept 2026,J,REG
298,null,null,LIM,28 sept 2026,08:35:00,28 sept 2026,20:10:00,null,1,28 sept 2026,Sep-2026,2026Q3,LA,2696,SCL,LIM,SCLLIM,15:50:00,19:40:00,17:50:00,19:40:00,20:50:00,00:40:00,NO,789,OUT,TOUCH,01:00:00,FP,03:50:00,null,SI,NO,02:10:00,1,1,0,null,null,08:35:00,08:35:00,28 sept 2026,28 sept 2026,08:35:00,20:10:00,28 sept 2026,20:10:00,28 sept 2026,20:10:00,28 sept 2026,11:35:00,13:00:00,null,2972,0,0,1,0,6,-70.8,-77.12,Oeste," ",0,0,0,07:15:00,INT,7.25,00:00:00,00:00:00,28 sept 2026,J,REG
145,null,null,LIM,13 sept 2026,08:35:00,13 sept 2026,20:10:00,null,1,13 sept 2026,Sep-2026,2026Q3,LA,2696,SCL,LIM,SCLLIM,15:50:00,19:40:00,17:50:00,19:40:00,20:50:00,00:40:00,NO,788,OUT,TOUCH,01:00:00,FP,03:50:00,null,SI,NO,02:10:00,1,1,0,null,null,08:35:00,08:35:00,13 sept 2026,13 sept 2026,08:35:00,20:10:00,13 sept 2026,20:10:00,13 sept 2026,20:10:00,13 sept 2026,11:35:00,13:00:00,null,2972,0,0,1,0,6,-70.8,-77.12,Oeste," ",0,0,0,07:15:00,INT,7.25,00:00:00,00:00:00,13 sept 2026,J,REG
17,null,LA2694310826,LIM,31 ago 2026,12:30:00,2 sept 2026,05:30:00,null,1,2 sept 2026,Sep-2026,2026Q3,LA,2699,MIA,LIM,MIALIM,23:15:00,05:00:00,00:15:00,05:00:00,04:15:00,10:00:00,NO,763,OUT,TOUCH,01:00:00,FP,05:45:00,null,SI,NO,02:55:00,2,2,1,null,1,22:15:00,23:15:00,1 sept 2026,1 sept 2026,22:15:00,05:30:00,2 sept 2026,05:30:00,2 sept 2026,05:30:00,2 sept 2026,07:15:00,13:00:00,null,2970,0,0,1,0,4,-80.28,-77.12,Este," ",0,0,0,05:45:00,INT,3.944,00:00:00,00:00:00,2 sept 2026,J,INT
88,null,null,LIM,7 sept 2026,12:30:00,9 sept 2026,05:30:00,null,1,9 sept 2026,Sep-2026,2026Q3,LA,2699,MIA,LIM,MIALIM,23:15:00,05:00:00,00:15:00,05:00:00,04:15:00,10:00:00,NO,763,OUT,TOUCH,01:00:00,FP,05:45:00,null,SI,NO,02:55:00,2,2,1,null,1,22:15:00,23:15:00,8 sept 2026,8 sept 2026,22:15:00,05:30:00,9 sept 2026,05:30:00,9 sept 2026,05:30:00,9 sept 2026,07:15:00,13:00:00,null,2970,0,0,1,0,4,-80.28,-77.12,Este," ",0,0,0,05:45:00,INT,3.944,00:00:00,00:00:00,9 sept 2026,J,INT
198,null,null,LIM,18 sept 2026,12:30:00,20 sept 2026,05:30:00,null,1,20 sept 2026,Sep-2026,2026Q3,LA,2699,MIA,LIM,MIALIM,23:15:00,05:00:00,00:15:00,05:00:00,04:15:00,10:00:00,NO,763,OUT,TOUCH,01:00:00,FP,05:45:00,null,SI,NO,02:55:00,2,2,1,null,1,22:15:00,23:15:00,19 sept 2026,19 sept 2026,22:15:00,05:30:00,20 sept 2026,05:30:00,20 sept 2026,05:30:00,20 sept 2026,07:15:00,13:00:00,null,2970,0,0,1,0,4,-80.28,-77.12,Este," ",0,0,0,05:45:00,INT,3.944,00:00:00,00:00:00,20 sept 2026,J,INT
117,null,null,LIM,10 sept 2026,12:30:00,12 sept 2026,05:30:00,null,1,12 sept 2026,Sep-2026,2026Q3,LA,2699,MIA,LIM,MIALIM,23:15:00,05:00:00,00:15:00,05:00:00,04:15:00,10:00:00,NO,763,OUT,TOUCH,01:00:00,FP,05:45:00,null,SI,NO,02:55:00,2,2,1,null,1,22:15:00,23:15:00,11 sept 2026,11 sept 2026,22:15:00,05:30:00,12 sept 2026,05:30:00,12 sept 2026,05:30:00,12 sept 2026,07:15:00,13:00:00,null,2970,0,0,1,0,4,-80.28,-77.12,Este," ",0,0,0,05:45:00,INT,3.944,00:00:00,00:00:00,12 sept 2026,J,INT
159,null,null,LIM,14 sept 2026,12:30:00,16 sept 2026,05:30:00,null,1,16 sept 2026,Sep-2026,2026Q3,LA,2699,MIA,LIM,MIALIM,23:15:00,05:00:00,00:15:00,05:00:00,04:15:00,10:00:00,NO,763,OUT,TOUCH,01:00:00,FP,05:45:00,null,SI,NO,02:55:00,2,2,1,null,1,22:15:00,23:15:00,15 sept 2026,15 sept 2026,22:15:00,05:30:00,16 sept 2026,05:30:00,16 sept 2026,05:30:00,16 sept 2026,07:15:00,13:00:00,null,2970,0,0,1,0,4,-80.28,-77.12,Este," ",0,0,0,05:45:00,INT,3.944,00:00:00,00:00:00,16 sept 2026,J,INT
56,null,null,LIM,4 sept 2026,12:30:00,6 sept 2026,05:30:00,null,1,6 sept 2026,Sep-2026,2026Q3,LA,2699,MIA,LIM,MIALIM,23:15:00,05:00:00,00:15:00,05:00:00,04:15:00,10:00:00,NO,763,OUT,TOUCH,01:00:00,FP,05:45:00,null,SI,NO,02:55:00,2,2,1,null,1,22:15:00,23:15:00,5 sept 2026,5 sept 2026,22:15:00,05:30:00,6 sept 2026,05:30:00,6 sept 2026,05:30:00,6 sept 2026,07:15:00,13:00:00,null,2970,0,0,1,0,4,-80.28,-77.12,Este," ",0,0,0,05:45:00,INT,3.944,00:00:00,00:00:00,6 sept 2026,J,INT
46,null,null,LIM,3 sept 2026,12:30:00,5 sept 2026,05:30:00,null,1,5 sept 2026,Sep-2026,2026Q3,LA,2699,MIA,LIM,MIALIM,23:15:00,05:00:00,00:15:00,05:00:00,04:15:00,10:00:00,NO,763,OUT,TOUCH,01:00:00,FP,05:45:00,null,SI,NO,02:55:00,2,2,1,null,1,22:15:00,23:15:00,4 sept 2026,4 sept 2026,22:15:00,05:30:00,5 sept 2026,05:30:00,5 sept 2026,05:30:00,5 sept 2026,07:15:00,13:00:00,null,2970,0,0,1,0,4,-80.28,-77.12,Este," ",0,0,0,05:45:00,INT,3.944,00:00:00,00:00:00,5 sept 2026,J,INT
43,null,null,LIM,3 sept 2026,08:35:00,3 sept 2026,20:10:00,null,1,3 sept 2026,Sep-2026,2026Q3,LA,2696,SCL,LIM,SCLLIM,15:50:00,19:40:00,16:50:00,19:40:00,20:50:00,00:40:00,NO,789,OUT,TOUCH,01:00:00,FP,03:50:00,null,SI,NO,02:10:00,1,1,0,null,null,08:35:00,08:35:00,3 sept 2026,3 sept 2026,08:35:00,20:10:00,3 sept 2026,20:10:00,3 sept 2026,20:10:00,3 sept 2026,11:35:00,13:00:00,null,2962,0,0,1,0,6,-70.8,-77.12,Oeste," ",0,0,0,07:20:00,INT,7.333,00:00:00,00:00:00,3 sept 2026,J,REG
32,null,null,LIM,2 sept 2026,08:35:00,2 sept 2026,20:10:00,null,1,2 sept 2026,Sep-2026,2026Q3,LA,2696,SCL,LIM,SCLLIM,15:50:00,19:40:00,16:50:00,19:40:00,20:50:00,00:40:00,NO,789,OUT,TOUCH,01:00:00,FP,03:50:00,null,SI,NO,02:10:00,1,1,0,null,null,08:35:00,08:35:00,2 sept 2026,2 sept 2026,08:35:00,20:10:00,2 sept 2026,20:10:00,2 sept 2026,20:10:00,2 sept 2026,11:35:00,13:00:00,null,2962,0,0,1,0,6,-70.8,-77.12,Oeste," ",0,0,0,07:20:00,INT,7.333,00:00:00,00:00:00,2 sept 2026,J,REG
64,null,null,LIM,5 sept 2026,08:35:00,5 sept 2026,20:10:00,null,1,5 sept 2026,Sep-2026,2026Q3,LA,2696,SCL,LIM,SCLLIM,15:50:00,19:40:00,16:50:00,19:40:00,20:50:00,00:40:00,NO,789,OUT,TOUCH,01:00:00,FP,03:50:00,null,SI,NO,02:10:00,1,1,0,null,null,08:35:00,08:35:00,5 sept 2026,5 sept 2026,08:35:00,20:10:00,5 sept 2026,20:10:00,5 sept 2026,20:10:00,5 sept 2026,11:35:00,13:00:00,null,2962,0,0,1,0,6,-70.8,-77.12,Oeste," ",0,0,0,07:20:00,INT,7.333,00:00:00,00:00:00,5 sept 2026,J,REG
52,null,null,LIM,4 sept 2026,08:35:00,4 sept 2026,20:10:00,null,1,4 sept 2026,Sep-2026,2026Q3,LA,2696,SCL,LIM,SCLLIM,15:50:00,19:40:00,16:50:00,19:40:00,20:50:00,00:40:00,NO,789,OUT,TOUCH,01:00:00,FP,03:50:00,null,SI,NO,02:10:00,1,1,0,null,null,08:35:00,08:35:00,4 sept 2026,4 sept 2026,08:35:00,20:10:00,4 sept 2026,20:10:00,4 sept 2026,20:10:00,4 sept 2026,11:35:00,13:00:00,null,2962,0,0,1,0,6,-70.8,-77.12,Oeste," ",0,0,0,07:20:00,INT,7.333,00:00:00,00:00:00,4 sept 2026,J,REG
23,null,null,LIM,1 sept 2026,08:35:00,1 sept 2026,20:10:00,null,1,1 sept 2026,Sep-2026,2026Q3,LA,2696,SCL,LIM,SCLLIM,15:50:00,19:40:00,16:50:00,19:40:00,20:50:00,00:40:00,NO,788,OUT,TOUCH,01:00:00,FP,03:50:00,null,SI,NO,02:10:00,1,1,0,null,null,08:35:00,08:35:00,1 sept 2026,1 sept 2026,08:35:00,20:10:00,1 sept 2026,20:10:00,1 sept 2026,20:10:00,1 sept 2026,11:35:00,13:00:00,null,2962,0,0,1,0,6,-70.8,-77.12,Oeste," ",0,0,0,07:20:00,INT,7.333,00:00:00,00:00:00,1 sept 2026,J,REG
238,3,null,LIM,22 sept 2026,11:05:00,24 sept 2026,05:30:00,1,null,22 sept 2026,Sep-2026,2026Q3,LA,2482,LIM,ATL,LIMATL,12:05:00,19:35:00,12:05:00,20:35:00,17:05:00,00:35:00,NO,763,BASE,NO,01:00:00,FP,07:30:00,null,SI,NO,03:00:00,1,1,1,null,1,11:05:00,11:05:00,22 sept 2026,22 sept 2026,11:05:00,21:05:00,22 sept 2026,20:05:00,22 sept 2026,20:05:00,22 sept 2026,09:00:00,13:00:00,25:10:00,2946,0,0,1,0,4,-77.12,-84.43,Oeste," ",0,0,0,07:30:00,INT,4.75,00:00:00,00:00:00,22 sept 2026,J,INT
7,3,LA2482300826,LIM,30 ago 2026,11:05:00,1 sept 2026,05:30:00,1,null,30 ago 2026,Aug-2026,2026Q3,LA,2482,LIM,ATL,LIMATL,12:05:00,19:35:00,12:05:00,20:35:00,17:05:00,00:35:00,NO,763,BASE,NO,01:00:00,FP,07:30:00,null,SI,NO,03:00:00,1,1,1,null,1,11:05:00,11:05:00,30 ago 2026,30 ago 2026,11:05:00,21:05:00,30 ago 2026,20:05:00,30 ago 2026,20:05:00,30 ago 2026,09:00:00,13:00:00,25:10:00,2946,0,0,1,0,4,-77.12,-84.43,Oeste," ",0,0,0,07:30:00,INT,4.75,00:00:00,00:00:00,30 ago 2026,J,INT
67,3,null,LIM,5 sept 2026,11:05:00,7 sept 2026,05:30:00,1,null,5 sept 2026,Sep-2026,2026Q3,LA,2482,LIM,ATL,LIMATL,12:05:00,19:35:00,12:05:00,20:35:00,17:05:00,00:35:00,NO,763,BASE,NO,01:00:00,FP,07:30:00,null,SI,NO,03:00:00,1,1,1,null,1,11:05:00,11:05:00,5 sept 2026,5 sept 2026,11:05:00,21:05:00,5 sept 2026,20:05:00,5 sept 2026,20:05:00,5 sept 2026,09:00:00,13:00:00,25:10:00,2946,0,0,1,0,4,-77.12,-84.43,Oeste," ",0,0,0,07:30:00,INT,4.75,00:00:00,00:00:00,5 sept 2026,J,INT
148,3,null,LIM,13 sept 2026,11:05:00,15 sept 2026,05:30:00,1,null,13 sept 2026,Sep-2026,2026Q3,LA,2482,LIM,ATL,LIMATL,12:05:00,19:35:00,12:05:00,20:35:00,17:05:00,00:35:00,NO,763,BASE,NO,01:00:00,FP,07:30:00,null,SI,NO,03:00:00,1,1,1,null,1,11:05:00,11:05:00,13 sept 2026,13 sept 2026,11:05:00,21:05:00,13 sept 2026,20:05:00,13 sept 2026,20:05:00,13 sept 2026,09:00:00,13:00:00,25:10:00,2946,0,0,1,0,4,-77.12,-84.43,Oeste," ",0,0,0,07:30:00,INT,4.75,00:00:00,00:00:00,13 sept 2026,J,INT
167,3,null,LIM,15 sept 2026,11:05:00,17 sept 2026,05:30:00,1,null,15 sept 2026,Sep-2026,2026Q3,LA,2482,LIM,ATL,LIMATL,12:05:00,19:35:00,12:05:00,20:35:00,17:05:00,00:35:00,NO,763,BASE,NO,01:00:00,FP,07:30:00,null,SI,NO,03:00:00,1,1,1,null,1,11:05:00,11:05:00,15 sept 2026,15 sept 2026,11:05:00,21:05:00,15 sept 2026,20:05:00,15 sept 2026,20:05:00,15 sept 2026,09:00:00,13:00:00,25:10:00,2946,0,0,1,0,4,-77.12,-84.43,Oeste," ",0,0,0,07:30:00,INT,4.75,00:00:00,00:00:00,15 sept 2026,J,INT
87,3,null,LIM,7 sept 2026,11:05:00,9 sept 2026,05:30:00,1,null,7 sept 2026,Sep-2026,2026Q3,LA,2482,LIM,ATL,LIMATL,12:05:00,19:35:00,12:05:00,20:35:00,17:05:00,00:35:00,NO,763,BASE,NO,01:00:00,FP,07:30:00,null,SI,NO,03:00:00,1,1,1,null,1,11:05:00,11:05:00,7 sept 2026,7 sept 2026,11:05:00,21:05:00,7 sept 2026,20:05:00,7 sept 2026,20:05:00,7 sept 2026,09:00:00,13:00:00,25:10:00,2946,0,0,1,0,4,-77.12,-84.43,Oeste," ",0,0,0,07:30:00,INT,4.75,00:00:00,00:00:00,7 sept 2026,J,INT
25,3,null,LIM,1 sept 2026,11:05:00,3 sept 2026,05:30:00,1,null,1 sept 2026,Sep-2026,2026Q3,LA,2482,LIM,ATL,LIMATL,12:05:00,19:35:00,12:05:00,20:35:00,17:05:00,00:35:00,NO,763,BASE,NO,01:00:00,FP,07:30:00,null,SI,NO,03:00:00,1,1,1,null,1,11:05:00,11:05:00,1 sept 2026,1 sept 2026,11:05:00,21:05:00,1 sept 2026,20:05:00,1 sept 2026,20:05:00,1 sept 2026,09:00:00,13:00:00,25:10:00,2946,0,0,1,0,4,-77.12,-84.43,Oeste," ",0,0,0,07:30:00,INT,4.75,00:00:00,00:00:00,1 sept 2026,J,INT
248,3,null,LIM,23 sept 2026,11:05:00,25 sept 2026,05:30:00,1,null,23 sept 2026,Sep-2026,2026Q3,LA,2482,LIM,ATL,LIMATL,12:05:00,19:35:00,12:05:00,20:35:00,17:05:00,00:35:00,NO,763,BASE,NO,01:00:00,FP,07:30:00,null,SI,NO,03:00:00,1,1,1,null,1,11:05:00,11:05:00,23 sept 2026,23 sept 2026,11:05:00,21:05:00,23 sept 2026,20:05:00,23 sept 2026,20:05:00,23 sept 2026,09:00:00,13:00:00,25:10:00,2946,0,0,1,0,4,-77.12,-84.43,Oeste," ",0,0,0,07:30:00,INT,4.75,00:00:00,00:00:00,23 sept 2026,J,INT
309,3,null,LIM,29 sept 2026,11:05:00,1 oct 2026,05:30:00,1,null,29 sept 2026,Sep-2026,2026Q3,LA,2482,LIM,ATL,LIMATL,12:05:00,19:35:00,12:05:00,20:35:00,17:05:00,00:35:00,NO,763,BASE,NO,01:00:00,FP,07:30:00,null,SI,NO,03:00:00,1,1,1,null,1,11:05:00,11:05:00,29 sept 2026,29 sept 2026,11:05:00,21:05:00,29 sept 2026,20:05:00,29 sept 2026,20:05:00,29 sept 2026,09:00:00,13:00:00,25:10:00,2946,0,0,1,0,4,-77.12,-84.43,Oeste," ",0,0,0,07:30:00,INT,4.75,00:00:00,00:00:00,29 sept 2026,J,INT
158,3,null,LIM,14 sept 2026,11:05:00,16 sept 2026,05:30:00,1,null,14 sept 2026,Sep-2026,2026Q3,LA,2482,LIM,ATL,LIMATL,12:05:00,19:35:00,12:05:00,20:35:00,17:05:00,00:35:00,NO,763,BASE,NO,01:00:00,FP,07:30:00,null,SI,NO,03:00:00,1,1,1,null,1,11:05:00,11:05:00,14 sept 2026,14 sept 2026,11:05:00,21:05:00,14 sept 2026,20:05:00,14 sept 2026,20:05:00,14 sept 2026,09:00:00,13:00:00,25:10:00,2946,0,0,1,0,4,-77.12,-84.43,Oeste," ",0,0,0,07:30:00,INT,4.75,00:00:00,00:00:00,14 sept 2026,J,INT
35,3,null,LIM,2 sept 2026,11:05:00,4 sept 2026,05:30:00,1,null,2 sept 2026,Sep-2026,2026Q3,LA,2482,LIM,ATL,LIMATL,12:05:00,19:35:00,12:05:00,20:35:00,17:05:00,00:35:00,NO,763,BASE,NO,01:00:00,FP,07:30:00,null,SI,NO,03:00:00,1,1,1,null,1,11:05:00,11:05:00,2 sept 2026,2 sept 2026,11:05:00,21:05:00,2 sept 2026,20:05:00,2 sept 2026,20:05:00,2 sept 2026,09:00:00,13:00:00,25:10:00,2946,0,0,1,0,4,-77.12,-84.43,Oeste," ",0,0,0,07:30:00,INT,4.75,00:00:00,00:00:00,2 sept 2026,J,INT
106,3,null,LIM,9 sept 2026,11:05:00,11 sept 2026,05:30:00,1,null,9 sept 2026,Sep-2026,2026Q3,LA,2482,LIM,ATL,LIMATL,12:05:00,19:35:00,12:05:00,20:35:00,17:05:00,00:35:00,NO,763,BASE,NO,01:00:00,FP,07:30:00,null,SI,NO,03:00:00,1,1,1,null,1,11:05:00,11:05:00,9 sept 2026,9 sept 2026,11:05:00,21:05:00,9 sept 2026,20:05:00,9 sept 2026,20:05:00,9 sept 2026,09:00:00,13:00:00,25:10:00,2946,0,0,1,0,4,-77.12,-84.43,Oeste," ",0,0,0,07:30:00,INT,4.75,00:00:00,00:00:00,9 sept 2026,J,INT
209,3,null,LIM,19 sept 2026,11:05:00,21 sept 2026,05:30:00,1,null,19 sept 2026,Sep-2026,2026Q3,LA,2482,LIM,ATL,LIMATL,12:05:00,19:35:00,12:05:00,20:35:00,17:05:00,00:35:00,NO,763,BASE,NO,01:00:00,FP,07:30:00,null,SI,NO,03:00:00,1,1,1,null,1,11:05:00,11:05:00,19 sept 2026,19 sept 2026,11:05:00,21:05:00,19 sept 2026,20:05:00,19 sept 2026,20:05:00,19 sept 2026,09:00:00,13:00:00,25:10:00,2946,0,0,1,0,4,-77.12,-84.43,Oeste," ",0,0,0,07:30:00,INT,4.75,00:00:00,00:00:00,19 sept 2026,J,INT
116,3,null,LIM,10 sept 2026,11:05:00,12 sept 2026,05:30:00,1,null,10 sept 2026,Sep-2026,2026Q3,LA,2482,LIM,ATL,LIMATL,12:05:00,19:35:00,12:05:00,20:35:00,17:05:00,00:35:00,NO,763,BASE,NO,01:00:00,FP,07:30:00,null,SI,NO,03:00:00,1,1,1,null,1,11:05:00,11:05:00,10 sept 2026,10 sept 2026,11:05:00,21:05:00,10 sept 2026,20:05:00,10 sept 2026,20:05:00,10 sept 2026,09:00:00,13:00:00,25:10:00,2946,0,0,1,0,4,-77.12,-84.43,Oeste," ",0,0,0,07:30:00,INT,4.75,00:00:00,00:00:00,10 sept 2026,J,INT
268,3,null,LIM,25 sept 2026,11:05:00,27 sept 2026,05:30:00,1,null,25 sept 2026,Sep-2026,2026Q3,LA,2482,LIM,ATL,LIMATL,12:05:00,19:35:00,12:05:00,20:35:00,17:05:00,00:35:00,NO,763,BASE,NO,01:00:00,FP,07:30:00,null,SI,NO,03:00:00,1,1,1,null,1,11:05:00,11:05:00,25 sept 2026,25 sept 2026,11:05:00,21:05:00,25 sept 2026,20:05:00,25 sept 2026,20:05:00,25 sept 2026,09:00:00,13:00:00,25:10:00,2946,0,0,1,0,4,-77.12,-84.43,Oeste," ",0,0,0,07:30:00,INT,4.75,00:00:00,00:00:00,25 sept 2026,J,INT
187,3,null,LIM,17 sept 2026,11:05:00,19 sept 2026,05:30:00,1,null,17 sept 2026,Sep-2026,2026Q3,LA,2482,LIM,ATL,LIMATL,12:05:00,19:35:00,12:05:00,20:35:00,17:05:00,00:35:00,NO,763,BASE,NO,01:00:00,FP,07:30:00,null,SI,NO,03:00:00,1,1,1,null,1,11:05:00,11:05:00,17 sept 2026,17 sept 2026,11:05:00,21:05:00,17 sept 2026,20:05:00,17 sept 2026,20:05:00,17 sept 2026,09:00:00,13:00:00,25:10:00,2946,0,0,1,0,4,-77.12,-84.43,Oeste," ",0,0,0,07:30:00,INT,4.75,00:00:00,00:00:00,17 sept 2026,J,INT
16,3,LA2482310826,LIM,31 ago 2026,11:05:00,2 sept 2026,05:30:00,1,null,31 ago 2026,Aug-2026,2026Q3,LA,2482,LIM,ATL,LIMATL,12:05:00,19:35:00,12:05:00,20:35:00,17:05:00,00:35:00,NO,763,BASE,NO,01:00:00,FP,07:30:00,null,SI,NO,03:00:00,1,1,1,null,1,11:05:00,11:05:00,31 ago 2026,31 ago 2026,11:05:00,21:05:00,31 ago 2026,20:05:00,31 ago 2026,20:05:00,31 ago 2026,09:00:00,13:00:00,25:10:00,2946,0,0,1,0,4,-77.12,-84.43,Oeste," ",0,0,0,07:30:00,INT,4.75,00:00:00,00:00:00,31 ago 2026,J,INT
45,3,null,LIM,3 sept 2026,11:05:00,5 sept 2026,05:30:00,1,null,3 sept 2026,Sep-2026,2026Q3,LA,2482,LIM,ATL,LIMATL,12:05:00,19:35:00,12:05:00,20:35:00,17:05:00,00:35:00,NO,763,BASE,NO,01:00:00,FP,07:30:00,null,SI,NO,03:00:00,1,1,1,null,1,11:05:00,11:05:00,3 sept 2026,3 sept 2026,11:05:00,21:05:00,3 sept 2026,20:05:00,3 sept 2026,20:05:00,3 sept 2026,09:00:00,13:00:00,25:10:00,2946,0,0,1,0,4,-77.12,-84.43,Oeste," ",0,0,0,07:30:00,INT,4.75,00:00:00,00:00:00,3 sept 2026,J,INT
319,3,null,LIM,30 sept 2026,11:05:00,2 oct 2026,05:30:00,1,null,30 sept 2026,Sep-2026,2026Q3,LA,2482,LIM,ATL,LIMATL,12:05:00,19:35:00,12:05:00,20:35:00,17:05:00,00:35:00,NO,763,BASE,NO,01:00:00,FP,07:30:00,null,SI,NO,03:00:00,1,1,1,null,1,11:05:00,11:05:00,30 sept 2026,30 sept 2026,11:05:00,21:05:00,30 sept 2026,20:05:00,30 sept 2026,20:05:00,30 sept 2026,09:00:00,13:00:00,25:10:00,2946,0,0,1,0,4,-77.12,-84.43,Oeste," ",0,0,0,07:30:00,INT,4.75,00:00:00,00:00:00,30 sept 2026,J,INT
290,3,null,LIM,27 sept 2026,11:05:00,29 sept 2026,05:30:00,1,null,27 sept 2026,Sep-2026,2026Q3,LA,2482,LIM,ATL,LIMATL,12:05:00,19:35:00,12:05:00,20:35:00,17:05:00,00:35:00,NO,763,BASE,NO,01:00:00,FP,07:30:00,null,SI,NO,03:00:00,1,1,1,null,1,11:05:00,11:05:00,27 sept 2026,27 sept 2026,11:05:00,21:05:00,27 sept 2026,20:05:00,27 sept 2026,20:05:00,27 sept 2026,09:00:00,13:00:00,25:10:00,2946,0,0,1,0,4,-77.12,-84.43,Oeste," ",0,0,0,07:30:00,INT,4.75,00:00:00,00:00:00,27 sept 2026,J,INT
258,3,null,LIM,24 sept 2026,11:05:00,26 sept 2026,05:30:00,1,null,24 sept 2026,Sep-2026,2026Q3,LA,2482,LIM,ATL,LIMATL,12:05:00,19:35:00,12:05:00,20:35:00,17:05:00,00:35:00,NO,763,BASE,NO,01:00:00,FP,07:30:00,null,SI,NO,03:00:00,1,1,1,null,1,11:05:00,11:05:00,24 sept 2026,24 sept 2026,11:05:00,21:05:00,24 sept 2026,20:05:00,24 sept 2026,20:05:00,24 sept 2026,09:00:00,13:00:00,25:10:00,2946,0,0,1,0,4,-77.12,-84.43,Oeste," ",0,0,0,07:30:00,INT,4.75,00:00:00,00:00:00,24 sept 2026,J,INT
219,3,null,LIM,20 sept 2026,11:05:00,22 sept 2026,05:30:00,1,null,20 sept 2026,Sep-2026,2026Q3,LA,2482,LIM,ATL,LIMATL,12:05:00,19:35:00,12:05:00,20:35:00,17:05:00,00:35:00,NO,763,BASE,NO,01:00:00,FP,07:30:00,null,SI,NO,03:00:00,1,1,1,null,1,11:05:00,11:05:00,20 sept 2026,20 sept 2026,11:05:00,21:05:00,20 sept 2026,20:05:00,20 sept 2026,20:05:00,20 sept 2026,09:00:00,13:00:00,25:10:00,2946,0,0,1,0,4,-77.12,-84.43,Oeste," ",0,0,0,07:30:00,INT,4.75,00:00:00,00:00:00,20 sept 2026,J,INT
280,3,null,LIM,26 sept 2026,11:05:00,28 sept 2026,05:30:00,1,null,26 sept 2026,Sep-2026,2026Q3,LA,2482,LIM,ATL,LIMATL,12:05:00,19:35:00,12:05:00,20:35:00,17:05:00,00:35:00,NO,763,BASE,NO,01:00:00,FP,07:30:00,null,SI,NO,03:00:00,1,1,1,null,1,11:05:00,11:05:00,26 sept 2026,26 sept 2026,11:05:00,21:05:00,26 sept 2026,20:05:00,26 sept 2026,20:05:00,26 sept 2026,09:00:00,13:00:00,25:10:00,2946,0,0,1,0,4,-77.12,-84.43,Oeste," ",0,0,0,07:30:00,INT,4.75,00:00:00,00:00:00,26 sept 2026,J,INT
177,3,null,LIM,16 sept 2026,11:05:00,18 sept 2026,05:30:00,1,null,16 sept 2026,Sep-2026,2026Q3,LA,2482,LIM,ATL,LIMATL,12:05:00,19:35:00,12:05:00,20:35:00,17:05:00,00:35:00,NO,763,BASE,NO,01:00:00,FP,07:30:00,null,SI,NO,03:00:00,1,1,1,null,1,11:05:00,11:05:00,16 sept 2026,16 sept 2026,11:05:00,21:05:00,16 sept 2026,20:05:00,16 sept 2026,20:05:00,16 sept 2026,09:00:00,13:00:00,25:10:00,2946,0,0,1,0,4,-77.12,-84.43,Oeste," ",0,0,0,07:30:00,INT,4.75,00:00:00,00:00:00,16 sept 2026,J,INT
197,3,null,LIM,18 sept 2026,11:05:00,20 sept 2026,05:30:00,1,null,18 sept 2026,Sep-2026,2026Q3,LA,2482,LIM,ATL,LIMATL,12:05:00,19:35:00,12:05:00,20:35:00,17:05:00,00:35:00,NO,763,BASE,NO,01:00:00,FP,07:30:00,null,SI,NO,03:00:00,1,1,1,null,1,11:05:00,11:05:00,18 sept 2026,18 sept 2026,11:05:00,21:05:00,18 sept 2026,20:05:00,18 sept 2026,20:05:00,18 sept 2026,09:00:00,13:00:00,25:10:00,2946,0,0,1,0,4,-77.12,-84.43,Oeste," ",0,0,0,07:30:00,INT,4.75,00:00:00,00:00:00,18 sept 2026,J,INT
96,3,null,LIM,8 sept 2026,11:05:00,10 sept 2026,05:30:00,1,null,8 sept 2026,Sep-2026,2026Q3,LA,2482,LIM,ATL,LIMATL,12:05:00,19:35:00,12:05:00,20:35:00,17:05:00,00:35:00,NO,763,BASE,NO,01:00:00,FP,07:30:00,null,SI,NO,03:00:00,1,1,1,null,1,11:05:00,11:05:00,8 sept 2026,8 sept 2026,11:05:00,21:05:00,8 sept 2026,20:05:00,8 sept 2026,20:05:00,8 sept 2026,09:00:00,13:00:00,25:10:00,2946,0,0,1,0,4,-77.12,-84.43,Oeste," ",0,0,0,07:30:00,INT,4.75,00:00:00,00:00:00,8 sept 2026,J,INT
126,3,null,LIM,11 sept 2026,11:05:00,13 sept 2026,05:30:00,1,null,11 sept 2026,Sep-2026,2026Q3,LA,2482,LIM,ATL,LIMATL,12:05:00,19:35:00,12:05:00,20:35:00,17:05:00,00:35:00,NO,763,BASE,NO,01:00:00,FP,07:30:00,null,SI,NO,03:00:00,1,1,1,null,1,11:05:00,11:05:00,11 sept 2026,11 sept 2026,11:05:00,21:05:00,11 sept 2026,20:05:00,11 sept 2026,20:05:00,11 sept 2026,09:00:00,13:00:00,25:10:00,2946,0,0,1,0,4,-77.12,-84.43,Oeste," ",0,0,0,07:30:00,INT,4.75,00:00:00,00:00:00,11 sept 2026,J,INT
300,3,null,LIM,28 sept 2026,11:05:00,30 sept 2026,05:30:00,1,null,28 sept 2026,Sep-2026,2026Q3,LA,2482,LIM,ATL,LIMATL,12:05:00,19:35:00,12:05:00,20:35:00,17:05:00,00:35:00,NO,763,BASE,NO,01:00:00,FP,07:30:00,null,SI,NO,03:00:00,1,1,1,null,1,11:05:00,11:05:00,28 sept 2026,28 sept 2026,11:05:00,21:05:00,28 sept 2026,20:05:00,28 sept 2026,20:05:00,28 sept 2026,09:00:00,13:00:00,25:10:00,2946,0,0,1,0,4,-77.12,-84.43,Oeste," ",0,0,0,07:30:00,INT,4.75,00:00:00,00:00:00,28 sept 2026,J,INT
229,3,null,LIM,21 sept 2026,11:05:00,23 sept 2026,05:30:00,1,null,21 sept 2026,Sep-2026,2026Q3,LA,2482,LIM,ATL,LIMATL,12:05:00,19:35:00,12:05:00,20:35:00,17:05:00,00:35:00,NO,763,BASE,NO,01:00:00,FP,07:30:00,null,SI,NO,03:00:00,1,1,1,null,1,11:05:00,11:05:00,21 sept 2026,21 sept 2026,11:05:00,21:05:00,21 sept 2026,20:05:00,21 sept 2026,20:05:00,21 sept 2026,09:00:00,13:00:00,25:10:00,2946,0,0,1,0,4,-77.12,-84.43,Oeste," ",0,0,0,07:30:00,INT,4.75,00:00:00,00:00:00,21 sept 2026,J,INT
77,3,null,LIM,6 sept 2026,11:05:00,8 sept 2026,05:30:00,1,null,6 sept 2026,Sep-2026,2026Q3,LA,2482,LIM,ATL,LIMATL,12:05:00,19:35:00,12:05:00,20:35:00,17:05:00,00:35:00,NO,763,BASE,NO,01:00:00,FP,07:30:00,null,SI,NO,03:00:00,1,1,1,null,1,11:05:00,11:05:00,6 sept 2026,6 sept 2026,11:05:00,21:05:00,6 sept 2026,20:05:00,6 sept 2026,20:05:00,6 sept 2026,09:00:00,13:00:00,25:10:00,2946,0,0,1,0,4,-77.12,-84.43,Oeste," ",0,0,0,07:30:00,INT,4.75,00:00:00,00:00:00,6 sept 2026,J,INT
138,3,null,LIM,12 sept 2026,11:05:00,14 sept 2026,05:30:00,1,null,12 sept 2026,Sep-2026,2026Q3,LA,2482,LIM,ATL,LIMATL,12:05:00,19:35:00,12:05:00,20:35:00,17:05:00,00:35:00,NO,763,BASE,NO,01:00:00,FP,07:30:00,null,SI,NO,03:00:00,1,1,1,null,1,11:05:00,11:05:00,12 sept 2026,12 sept 2026,11:05:00,21:05:00,12 sept 2026,20:05:00,12 sept 2026,20:05:00,12 sept 2026,09:00:00,13:00:00,25:10:00,2946,0,0,1,0,4,-77.12,-84.43,Oeste," ",0,0,0,07:30:00,INT,4.75,00:00:00,00:00:00,12 sept 2026,J,INT
55,3,null,LIM,4 sept 2026,11:05:00,6 sept 2026,05:30:00,1,null,4 sept 2026,Sep-2026,2026Q3,LA,2482,LIM,ATL,LIMATL,12:05:00,19:35:00,12:05:00,20:35:00,17:05:00,00:35:00,NO,763,BASE,NO,01:00:00,FP,07:30:00,null,SI,NO,03:00:00,1,1,1,null,1,11:05:00,11:05:00,4 sept 2026,4 sept 2026,11:05:00,21:05:00,4 sept 2026,20:05:00,4 sept 2026,20:05:00,4 sept 2026,09:00:00,13:00:00,25:10:00,2946,0,0,1,0,4,-77.12,-84.43,Oeste," ",0,0,0,07:30:00,INT,4.75,00:00:00,00:00:00,4 sept 2026,J,INT
276,null,null,LIM,26 sept 2026,07:15:00,29 sept 2026,05:30:00,null,1,29 sept 2026,Sep-2026,2026Q3,LA,2699,MIA,LIM,MIALIM,23:15:00,05:00:00,00:15:00,05:00:00,04:15:00,10:00:00,NO,763,OUT,TOUCH,01:00:00,FP,05:45:00,null,SI,NO,02:55:00,2,3,1,null,1,22:15:00,23:15:00,28 sept 2026,28 sept 2026,22:15:00,05:30:00,29 sept 2026,05:30:00,29 sept 2026,05:30:00,29 sept 2026,07:15:00,13:00:00,null,2888,0,0,1,0,4,-80.28,-77.12,Este," ",0,0,0,05:45:00,INT,2.958,00:00:00,00:00:00,29 sept 2026,J,INT
63,null,null,LIM,5 sept 2026,07:15:00,8 sept 2026,05:30:00,null,1,8 sept 2026,Sep-2026,2026Q3,LA,2699,MIA,LIM,MIALIM,23:15:00,05:00:00,00:15:00,05:00:00,04:15:00,10:00:00,NO,763,OUT,TOUCH,01:00:00,FP,05:45:00,null,SI,NO,02:55:00,2,3,1,null,1,22:15:00,23:15:00,7 sept 2026,7 sept 2026,22:15:00,05:30:00,8 sept 2026,05:30:00,8 sept 2026,05:30:00,8 sept 2026,07:15:00,13:00:00,null,2888,0,0,1,0,4,-80.28,-77.12,Este," ",0,0,0,05:45:00,INT,2.958,00:00:00,00:00:00,8 sept 2026,J,INT
134,null,null,LIM,12 sept 2026,07:15:00,15 sept 2026,05:30:00,null,1,15 sept 2026,Sep-2026,2026Q3,LA,2699,MIA,LIM,MIALIM,23:15:00,05:00:00,00:15:00,05:00:00,04:15:00,10:00:00,NO,763,OUT,TOUCH,01:00:00,FP,05:45:00,null,SI,NO,02:55:00,2,3,1,null,1,22:15:00,23:15:00,14 sept 2026,14 sept 2026,22:15:00,05:30:00,15 sept 2026,05:30:00,15 sept 2026,05:30:00,15 sept 2026,07:15:00,13:00:00,null,2888,0,0,1,0,4,-80.28,-77.12,Este," ",0,0,0,05:45:00,INT,2.958,00:00:00,00:00:00,15 sept 2026,J,INT
113,null,null,LIM,10 sept 2026,07:15:00,13 sept 2026,05:30:00,null,1,13 sept 2026,Sep-2026,2026Q3,LA,2699,MIA,LIM,MIALIM,23:15:00,05:00:00,00:15:00,05:00:00,04:15:00,10:00:00,NO,763,OUT,TOUCH,01:00:00,FP,05:45:00,null,SI,NO,02:55:00,2,3,1,null,1,22:15:00,23:15:00,12 sept 2026,12 sept 2026,22:15:00,05:30:00,13 sept 2026,05:30:00,13 sept 2026,05:30:00,13 sept 2026,07:15:00,13:00:00,null,2888,0,0,1,0,4,-80.28,-77.12,Este," ",0,0,0,05:45:00,INT,2.958,00:00:00,00:00:00,13 sept 2026,J,INT
210,null,null,LIM,19 sept 2026,12:30:00,22 sept 2026,05:30:00,null,1,22 sept 2026,Sep-2026,2026Q3,LA,2699,MIA,LIM,MIALIM,23:15:00,05:00:00,00:15:00,05:00:00,04:15:00,10:00:00,NO,763,OUT,TOUCH,01:00:00,FP,05:45:00,null,SI,NO,02:55:00,2,3,1,null,1,22:15:00,23:15:00,21 sept 2026,21 sept 2026,22:15:00,05:30:00,22 sept 2026,05:30:00,22 sept 2026,05:30:00,22 sept 2026,07:15:00,13:00:00,null,2886,0,0,1,0,4,-80.28,-77.12,Este," ",0,0,0,05:45:00,INT,2.958,00:00:00,00:00:00,22 sept 2026,J,INT
97,null,null,LIM,8 sept 2026,12:30:00,11 sept 2026,05:30:00,null,1,11 sept 2026,Sep-2026,2026Q3,LA,2699,MIA,LIM,MIALIM,23:15:00,05:00:00,00:15:00,05:00:00,04:15:00,10:00:00,NO,763,OUT,TOUCH,01:00:00,FP,05:45:00,null,SI,NO,02:55:00,2,3,1,null,1,22:15:00,23:15:00,10 sept 2026,10 sept 2026,22:15:00,05:30:00,11 sept 2026,05:30:00,11 sept 2026,05:30:00,11 sept 2026,07:15:00,13:00:00,null,2886,0,0,1,0,4,-80.28,-77.12,Este," ",0,0,0,05:45:00,INT,2.958,00:00:00,00:00:00,11 sept 2026,J,INT
1,null,LA2694290826,LIM,29 ago 2026,12:30:00,1 sept 2026,05:30:00,null,1,1 sept 2026,Aug-2026,2026Q3,LA,2699,MIA,LIM,MIALIM,23:15:00,05:00:00,00:15:00,05:00:00,04:15:00,10:00:00,NO,763,OUT,TOUCH,01:00:00,FP,05:45:00,null,SI,NO,02:55:00,2,3,1,null,1,22:15:00,23:15:00,31 ago 2026,31 ago 2026,22:15:00,05:30:00,1 sept 2026,05:30:00,1 sept 2026,05:30:00,1 sept 2026,07:15:00,13:00:00,null,2886,0,0,1,0,4,-80.28,-77.12,Este," ",0,0,0,05:45:00,INT,2.958,00:00:00,00:00:00,1 sept 2026,J,INT
168,null,null,LIM,15 sept 2026,12:30:00,18 sept 2026,05:30:00,null,1,18 sept 2026,Sep-2026,2026Q3,LA,2699,MIA,LIM,MIALIM,23:15:00,05:00:00,00:15:00,05:00:00,04:15:00,10:00:00,NO,763,OUT,TOUCH,01:00:00,FP,05:45:00,null,SI,NO,02:55:00,2,3,1,null,1,22:15:00,23:15:00,17 sept 2026,17 sept 2026,22:15:00,05:30:00,18 sept 2026,05:30:00,18 sept 2026,05:30:00,18 sept 2026,07:15:00,13:00:00,null,2886,0,0,1,0,4,-80.28,-77.12,Este," ",0,0,0,05:45:00,INT,2.958,00:00:00,00:00:00,18 sept 2026,J,INT
259,null,null,LIM,24 sept 2026,12:30:00,27 sept 2026,05:30:00,null,1,27 sept 2026,Sep-2026,2026Q3,LA,2699,MIA,LIM,MIALIM,23:15:00,05:00:00,00:15:00,05:00:00,04:15:00,10:00:00,NO,763,OUT,TOUCH,01:00:00,FP,05:45:00,null,SI,NO,02:55:00,2,3,1,null,1,22:15:00,23:15:00,26 sept 2026,26 sept 2026,22:15:00,05:30:00,27 sept 2026,05:30:00,27 sept 2026,05:30:00,27 sept 2026,07:15:00,13:00:00,null,2886,0,0,1,0,4,-80.28,-77.12,Este," ",0,0,0,05:45:00,INT,2.958,00:00:00,00:00:00,27 sept 2026,J,INT
45,null,null,LIM,3 sept 2026,11:05:00,5 sept 2026,05:30:00,null,1,4 sept 2026,Sep-2026,2026Q3,LA,2483,ATL,LIM,ATLLIM,22:15:00,05:00:00,23:15:00,05:00:00,03:15:00,10:00:00,NO,763,OUT,TOUCH,01:00:00,FP,06:45:00,null,SI,NO,02:55:00,2,2,1,null,1,21:15:00,22:15:00,4 sept 2026,4 sept 2026,21:15:00,05:30:00,5 sept 2026,05:30:00,5 sept 2026,05:30:00,5 sept 2026,08:15:00,13:00:00,null,2844,0,0,1,0,4,-84.43,-77.12,Este," ",0,0,0,06:45:00,INT,4.75,00:00:00,00:00:00,5 sept 2026,J,INT
300,null,null,LIM,28 sept 2026,11:05:00,30 sept 2026,05:30:00,null,1,29 sept 2026,Sep-2026,2026Q3,LA,2483,ATL,LIM,ATLLIM,22:15:00,05:00:00,23:15:00,05:00:00,03:15:00,10:00:00,NO,763,OUT,TOUCH,01:00:00,FP,06:45:00,null,SI,NO,02:55:00,2,2,1,null,1,21:15:00,22:15:00,29 sept 2026,29 sept 2026,21:15:00,05:30:00,30 sept 2026,05:30:00,30 sept 2026,05:30:00,30 sept 2026,08:15:00,13:00:00,null,2844,0,0,1,0,4,-84.43,-77.12,Este," ",0,0,0,06:45:00,INT,4.75,00:00:00,00:00:00,30 sept 2026,J,INT
258,null,null,LIM,24 sept 2026,11:05:00,26 sept 2026,05:30:00,null,1,25 sept 2026,Sep-2026,2026Q3,LA,2483,ATL,LIM,ATLLIM,22:15:00,05:00:00,23:15:00,05:00:00,03:15:00,10:00:00,NO,763,OUT,TOUCH,01:00:00,FP,06:45:00,null,SI,NO,02:55:00,2,2,1,null,1,21:15:00,22:15:00,25 sept 2026,25 sept 2026,21:15:00,05:30:00,26 sept 2026,05:30:00,26 sept 2026,05:30:00,26 sept 2026,08:15:00,13:00:00,null,2844,0,0,1,0,4,-84.43,-77.12,Este," ",0,0,0,06:45:00,INT,4.75,00:00:00,00:00:00,26 sept 2026,J,INT
209,null,null,LIM,19 sept 2026,11:05:00,21 sept 2026,05:30:00,null,1,20 sept 2026,Sep-2026,2026Q3,LA,2483,ATL,LIM,ATLLIM,22:15:00,05:00:00,23:15:00,05:00:00,03:15:00,10:00:00,NO,763,OUT,TOUCH,01:00:00,FP,06:45:00,null,SI,NO,02:55:00,2,2,1,null,1,21:15:00,22:15:00,20 sept 2026,20 sept 2026,21:15:00,05:30:00,21 sept 2026,05:30:00,21 sept 2026,05:30:00,21 sept 2026,08:15:00,13:00:00,null,2844,0,0,1,0,4,-84.43,-77.12,Este," ",0,0,0,06:45:00,INT,4.75,00:00:00,00:00:00,21 sept 2026,J,INT
229,null,null,LIM,21 sept 2026,11:05:00,23 sept 2026,05:30:00,null,1,22 sept 2026,Sep-2026,2026Q3,LA,2483,ATL,LIM,ATLLIM,22:15:00,05:00:00,23:15:00,05:00:00,03:15:00,10:00:00,NO,763,OUT,TOUCH,01:00:00,FP,06:45:00,null,SI,NO,02:55:00,2,2,1,null,1,21:15:00,22:15:00,22 sept 2026,22 sept 2026,21:15:00,05:30:00,23 sept 2026,05:30:00,23 sept 2026,05:30:00,23 sept 2026,08:15:00,13:00:00,null,2844,0,0,1,0,4,-84.43,-77.12,Este," ",0,0,0,06:45:00,INT,4.75,00:00:00,00:00:00,23 sept 2026,J,INT
96,null,null,LIM,8 sept 2026,11:05:00,10 sept 2026,05:30:00,null,1,9 sept 2026,Sep-2026,2026Q3,LA,2483,ATL,LIM,ATLLIM,22:15:00,05:00:00,23:15:00,05:00:00,03:15:00,10:00:00,NO,763,OUT,TOUCH,01:00:00,FP,06:45:00,null,SI,NO,02:55:00,2,2,1,null,1,21:15:00,22:15:00,9 sept 2026,9 sept 2026,21:15:00,05:30:00,10 sept 2026,05:30:00,10 sept 2026,05:30:00,10 sept 2026,08:15:00,13:00:00,null,2844,0,0,1,0,4,-84.43,-77.12,Este," ",0,0,0,06:45:00,INT,4.75,00:00:00,00:00:00,10 sept 2026,J,INT
197,null,null,LIM,18 sept 2026,11:05:00,20 sept 2026,05:30:00,null,1,19 sept 2026,Sep-2026,2026Q3,LA,2483,ATL,LIM,ATLLIM,22:15:00,05:00:00,23:15:00,05:00:00,03:15:00,10:00:00,NO,763,OUT,TOUCH,01:00:00,FP,06:45:00,null,SI,NO,02:55:00,2,2,1,null,1,21:15:00,22:15:00,19 sept 2026,19 sept 2026,21:15:00,05:30:00,20 sept 2026,05:30:00,20 sept 2026,05:30:00,20 sept 2026,08:15:00,13:00:00,null,2844,0,0,1,0,4,-84.43,-77.12,Este," ",0,0,0,06:45:00,INT,4.75,00:00:00,00:00:00,20 sept 2026,J,INT
126,null,null,LIM,11 sept 2026,11:05:00,13 sept 2026,05:30:00,null,1,12 sept 2026,Sep-2026,2026Q3,LA,2483,ATL,LIM,ATLLIM,22:15:00,05:00:00,23:15:00,05:00:00,03:15:00,10:00:00,NO,763,OUT,TOUCH,01:00:00,FP,06:45:00,null,SI,NO,02:55:00,2,2,1,null,1,21:15:00,22:15:00,12 sept 2026,12 sept 2026,21:15:00,05:30:00,13 sept 2026,05:30:00,13 sept 2026,05:30:00,13 sept 2026,08:15:00,13:00:00,null,2844,0,0,1,0,4,-84.43,-77.12,Este," ",0,0,0,06:45:00,INT,4.75,00:00:00,00:00:00,13 sept 2026,J,INT
309,null,null,LIM,29 sept 2026,11:05:00,1 oct 2026,05:30:00,null,1,30 sept 2026,Sep-2026,2026Q3,LA,2483,ATL,LIM,ATLLIM,22:15:00,05:00:00,23:15:00,05:00:00,03:15:00,10:00:00,NO,763,OUT,TOUCH,01:00:00,FP,06:45:00,null,SI,NO,02:55:00,2,2,1,null,1,21:15:00,22:15:00,30 sept 2026,30 sept 2026,21:15:00,05:30:00,1 oct 2026,05:30:00,1 oct 2026,05:30:00,1 oct 2026,08:15:00,13:00:00,null,2844,0,0,1,0,4,-84.43,-77.12,Este," ",0,0,0,06:45:00,INT,4.75,00:00:00,00:00:00,1 oct 2026,J,INT
319,null,null,LIM,30 sept 2026,11:05:00,2 oct 2026,05:30:00,null,1,1 oct 2026,Oct-2026,2026Q3,LA,2483,ATL,LIM,ATLLIM,22:15:00,05:00:00,23:15:00,05:00:00,03:15:00,10:00:00,NO,763,OUT,TOUCH,01:00:00,FP,06:45:00,null,SI,NO,02:55:00,2,2,1,null,1,21:15:00,22:15:00,1 oct 2026,1 oct 2026,21:15:00,05:30:00,2 oct 2026,05:30:00,2 oct 2026,05:30:00,2 oct 2026,08:15:00,13:00:00,null,2844,0,0,1,0,4,-84.43,-77.12,Este," ",0,0,0,06:45:00,INT,4.75,00:00:00,00:00:00,2 oct 2026,J,INT
167,null,null,LIM,15 sept 2026,11:05:00,17 sept 2026,05:30:00,null,1,16 sept 2026,Sep-2026,2026Q3,LA,2483,ATL,LIM,ATLLIM,22:15:00,05:00:00,23:15:00,05:00:00,03:15:00,10:00:00,NO,763,OUT,TOUCH,01:00:00,FP,06:45:00,null,SI,NO,02:55:00,2,2,1,null,1,21:15:00,22:15:00,16 sept 2026,16 sept 2026,21:15:00,05:30:00,17 sept 2026,05:30:00,17 sept 2026,05:30:00,17 sept 2026,08:15:00,13:00:00,null,2844,0,0,1,0,4,-84.43,-77.12,Este," ",0,0,0,06:45:00,INT,4.75,00:00:00,00:00:00,17 sept 2026,J,INT
268,null,null,LIM,25 sept 2026,11:05:00,27 sept 2026,05:30:00,null,1,26 sept 2026,Sep-2026,2026Q3,LA,2483,ATL,LIM,ATLLIM,22:15:00,05:00:00,23:15:00,05:00:00,03:15:00,10:00:00,NO,763,OUT,TOUCH,01:00:00,FP,06:45:00,null,SI,NO,02:55:00,2,2,1,null,1,21:15:00,22:15:00,26 sept 2026,26 sept 2026,21:15:00,05:30:00,27 sept 2026,05:30:00,27 sept 2026,05:30:00,27 sept 2026,08:15:00,13:00:00,null,2844,0,0,1,0,4,-84.43,-77.12,Este," ",0,0,0,06:45:00,INT,4.75,00:00:00,00:00:00,27 sept 2026,J,INT
55,null,null,LIM,4 sept 2026,11:05:00,6 sept 2026,05:30:00,null,1,5 sept 2026,Sep-2026,2026Q3,LA,2483,ATL,LIM,ATLLIM,22:15:00,05:00:00,23:15:00,05:00:00,03:15:00,10:00:00,NO,763,OUT,TOUCH,01:00:00,FP,06:45:00,null,SI,NO,02:55:00,2,2,1,null,1,21:15:00,22:15:00,5 sept 2026,5 sept 2026,21:15:00,05:30:00,6 sept 2026,05:30:00,6 sept 2026,05:30:00,6 sept 2026,08:15:00,13:00:00,null,2844,0,0,1,0,4,-84.43,-77.12,Este," ",0,0,0,06:45:00,INT,4.75,00:00:00,00:00:00,6 sept 2026,J,INT
35,null,null,LIM,2 sept 2026,11:05:00,4 sept 2026,05:30:00,null,1,3 sept 2026,Sep-2026,2026Q3,LA,2483,ATL,LIM,ATLLIM,22:15:00,05:00:00,23:15:00,05:00:00,03:15:00,10:00:00,NO,763,OUT,TOUCH,01:00:00,FP,06:45:00,null,SI,NO,02:55:00,2,2,1,null,1,21:15:00,22:15:00,3 sept 2026,3 sept 2026,21:15:00,05:30:00,4 sept 2026,05:30:00,4 sept 2026,05:30:00,4 sept 2026,08:15:00,13:00:00,null,2844,0,0,1,0,4,-84.43,-77.12,Este," ",0,0,0,06:45:00,INT,4.75,00:00:00,00:00:00,4 sept 2026,J,INT
67,null,null,LIM,5 sept 2026,11:05:00,7 sept 2026,05:30:00,null,1,6 sept 2026,Sep-2026,2026Q3,LA,2483,ATL,LIM,ATLLIM,22:15:00,05:00:00,23:15:00,05:00:00,03:15:00,10:00:00,NO,763,OUT,TOUCH,01:00:00,FP,06:45:00,null,SI,NO,02:55:00,2,2,1,null,1,21:15:00,22:15:00,6 sept 2026,6 sept 2026,21:15:00,05:30:00,7 sept 2026,05:30:00,7 sept 2026,05:30:00,7 sept 2026,08:15:00,13:00:00,null,2844,0,0,1,0,4,-84.43,-77.12,Este," ",0,0,0,06:45:00,INT,4.75,00:00:00,00:00:00,7 sept 2026,J,INT
280,null,null,LIM,26 sept 2026,11:05:00,28 sept 2026,05:30:00,null,1,27 sept 2026,Sep-2026,2026Q3,LA,2483,ATL,LIM,ATLLIM,22:15:00,05:00:00,23:15:00,05:00:00,03:15:00,10:00:00,NO,763,OUT,TOUCH,01:00:00,FP,06:45:00,null,SI,NO,02:55:00,2,2,1,null,1,21:15:00,22:15:00,27 sept 2026,27 sept 2026,21:15:00,05:30:00,28 sept 2026,05:30:00,28 sept 2026,05:30:00,28 sept 2026,08:15:00,13:00:00,null,2844,0,0,1,0,4,-84.43,-77.12,Este," ",0,0,0,06:45:00,INT,4.75,00:00:00,00:00:00,28 sept 2026,J,INT
238,null,null,LIM,22 sept 2026,11:05:00,24 sept 2026,05:30:00,null,1,23 sept 2026,Sep-2026,2026Q3,LA,2483,ATL,LIM,ATLLIM,22:15:00,05:00:00,23:15:00,05:00:00,03:15:00,10:00:00,NO,763,OUT,TOUCH,01:00:00,FP,06:45:00,null,SI,NO,02:55:00,2,2,1,null,1,21:15:00,22:15:00,23 sept 2026,23 sept 2026,21:15:00,05:30:00,24 sept 2026,05:30:00,24 sept 2026,05:30:00,24 sept 2026,08:15:00,13:00:00,null,2844,0,0,1,0,4,-84.43,-77.12,Este," ",0,0,0,06:45:00,INT,4.75,00:00:00,00:00:00,24 sept 2026,J,INT
248,null,null,LIM,23 sept 2026,11:05:00,25 sept 2026,05:30:00,null,1,24 sept 2026,Sep-2026,2026Q3,LA,2483,ATL,LIM,ATLLIM,22:15:00,05:00:00,23:15:00,05:00:00,03:15:00,10:00:00,NO,763,OUT,TOUCH,01:00:00,FP,06:45:00,null,SI,NO,02:55:00,2,2,1,null,1,21:15:00,22:15:00,24 sept 2026,24 sept 2026,21:15:00,05:30:00,25 sept 2026,05:30:00,25 sept 2026,05:30:00,25 sept 2026,08:15:00,13:00:00,null,2844,0,0,1,0,4,-84.43,-77.12,Este," ",0,0,0,06:45:00,INT,4.75,00:00:00,00:00:00,25 sept 2026,J,INT
16,null,LA2482310826,LIM,31 ago 2026,11:05:00,2 sept 2026,05:30:00,null,1,1 sept 2026,Sep-2026,2026Q3,LA,2483,ATL,LIM,ATLLIM,22:15:00,05:00:00,23:15:00,05:00:00,03:15:00,10:00:00,NO,763,OUT,TOUCH,01:00:00,FP,06:45:00,null,SI,NO,02:55:00,2,2,1,null,1,21:15:00,22:15:00,1 sept 2026,1 sept 2026,21:15:00,05:30:00,2 sept 2026,05:30:00,2 sept 2026,05:30:00,2 sept 2026,08:15:00,13:00:00,null,2844,0,0,1,0,4,-84.43,-77.12,Este," ",0,0,0,06:45:00,INT,4.75,00:00:00,00:00:00,2 sept 2026,J,INT
177,null,null,LIM,16 sept 2026,11:05:00,18 sept 2026,05:30:00,null,1,17 sept 2026,Sep-2026,2026Q3,LA,2483,ATL,LIM,ATLLIM,22:15:00,05:00:00,23:15:00,05:00:00,03:15:00,10:00:00,NO,763,OUT,TOUCH,01:00:00,FP,06:45:00,null,SI,NO,02:55:00,2,2,1,null,1,21:15:00,22:15:00,17 sept 2026,17 sept 2026,21:15:00,05:30:00,18 sept 2026,05:30:00,18 sept 2026,05:30:00,18 sept 2026,08:15:00,13:00:00,null,2844,0,0,1,0,4,-84.43,-77.12,Este," ",0,0,0,06:45:00,INT,4.75,00:00:00,00:00:00,18 sept 2026,J,INT
158,null,null,LIM,14 sept 2026,11:05:00,16 sept 2026,05:30:00,null,1,15 sept 2026,Sep-2026,2026Q3,LA,2483,ATL,LIM,ATLLIM,22:15:00,05:00:00,23:15:00,05:00:00,03:15:00,10:00:00,NO,763,OUT,TOUCH,01:00:00,FP,06:45:00,null,SI,NO,02:55:00,2,2,1,null,1,21:15:00,22:15:00,15 sept 2026,15 sept 2026,21:15:00,05:30:00,16 sept 2026,05:30:00,16 sept 2026,05:30:00,16 sept 2026,08:15:00,13:00:00,null,2844,0,0,1,0,4,-84.43,-77.12,Este," ",0,0,0,06:45:00,INT,4.75,00:00:00,00:00:00,16 sept 2026,J,INT
138,null,null,LIM,12 sept 2026,11:05:00,14 sept 2026,05:30:00,null,1,13 sept 2026,Sep-2026,2026Q3,LA,2483,ATL,LIM,ATLLIM,22:15:00,05:00:00,23:15:00,05:00:00,03:15:00,10:00:00,NO,763,OUT,TOUCH,01:00:00,FP,06:45:00,null,SI,NO,02:55:00,2,2,1,null,1,21:15:00,22:15:00,13 sept 2026,13 sept 2026,21:15:00,05:30:00,14 sept 2026,05:30:00,14 sept 2026,05:30:00,14 sept 2026,08:15:00,13:00:00,null,2844,0,0,1,0,4,-84.43,-77.12,Este," ",0,0,0,06:45:00,INT,4.75,00:00:00,00:00:00,14 sept 2026,J,INT
77,null,null,LIM,6 sept 2026,11:05:00,8 sept 2026,05:30:00,null,1,7 sept 2026,Sep-2026,2026Q3,LA,2483,ATL,LIM,ATLLIM,22:15:00,05:00:00,23:15:00,05:00:00,03:15:00,10:00:00,NO,763,OUT,TOUCH,01:00:00,FP,06:45:00,null,SI,NO,02:55:00,2,2,1,null,1,21:15:00,22:15:00,7 sept 2026,7 sept 2026,21:15:00,05:30:00,8 sept 2026,05:30:00,8 sept 2026,05:30:00,8 sept 2026,08:15:00,13:00:00,null,2844,0,0,1,0,4,-84.43,-77.12,Este," ",0,0,0,06:45:00,INT,4.75,00:00:00,00:00:00,8 sept 2026,J,INT
148,null,null,LIM,13 sept 2026,11:05:00,15 sept 2026,05:30:00,null,1,14 sept 2026,Sep-2026,2026Q3,LA,2483,ATL,LIM,ATLLIM,22:15:00,05:00:00,23:15:00,05:00:00,03:15:00,10:00:00,NO,763,OUT,TOUCH,01:00:00,FP,06:45:00,null,SI,NO,02:55:00,2,2,1,null,1,21:15:00,22:15:00,14 sept 2026,14 sept 2026,21:15:00,05:30:00,15 sept 2026,05:30:00,15 sept 2026,05:30:00,15 sept 2026,08:15:00,13:00:00,null,2844,0,0,1,0,4,-84.43,-77.12,Este," ",0,0,0,06:45:00,INT,4.75,00:00:00,00:00:00,15 sept 2026,J,INT
87,null,null,LIM,7 sept 2026,11:05:00,9 sept 2026,05:30:00,null,1,8 sept 2026,Sep-2026,2026Q3,LA,2483,ATL,LIM,ATLLIM,22:15:00,05:00:00,23:15:00,05:00:00,03:15:00,10:00:00,NO,763,OUT,TOUCH,01:00:00,FP,06:45:00,null,SI,NO,02:55:00,2,2,1,null,1,21:15:00,22:15:00,8 sept 2026,8 sept 2026,21:15:00,05:30:00,9 sept 2026,05:30:00,9 sept 2026,05:30:00,9 sept 2026,08:15:00,13:00:00,null,2844,0,0,1,0,4,-84.43,-77.12,Este," ",0,0,0,06:45:00,INT,4.75,00:00:00,00:00:00,9 sept 2026,J,INT
7,null,LA2482300826,LIM,30 ago 2026,11:05:00,1 sept 2026,05:30:00,null,1,31 ago 2026,Aug-2026,2026Q3,LA,2483,ATL,LIM,ATLLIM,22:15:00,05:00:00,23:15:00,05:00:00,03:15:00,10:00:00,NO,763,OUT,TOUCH,01:00:00,FP,06:45:00,null,SI,NO,02:55:00,2,2,1,null,1,21:15:00,22:15:00,31 ago 2026,31 ago 2026,21:15:00,05:30:00,1 sept 2026,05:30:00,1 sept 2026,05:30:00,1 sept 2026,08:15:00,13:00:00,null,2844,0,0,1,0,4,-84.43,-77.12,Este," ",0,0,0,06:45:00,INT,4.75,00:00:00,00:00:00,1 sept 2026,J,INT
116,null,null,LIM,10 sept 2026,11:05:00,12 sept 2026,05:30:00,null,1,11 sept 2026,Sep-2026,2026Q3,LA,2483,ATL,LIM,ATLLIM,22:15:00,05:00:00,23:15:00,05:00:00,03:15:00,10:00:00,NO,763,OUT,TOUCH,01:00:00,FP,06:45:00,null,SI,NO,02:55:00,2,2,1,null,1,21:15:00,22:15:00,11 sept 2026,11 sept 2026,21:15:00,05:30:00,12 sept 2026,05:30:00,12 sept 2026,05:30:00,12 sept 2026,08:15:00,13:00:00,null,2844,0,0,1,0,4,-84.43,-77.12,Este," ",0,0,0,06:45:00,INT,4.75,00:00:00,00:00:00,12 sept 2026,J,INT
25,null,null,LIM,1 sept 2026,11:05:00,3 sept 2026,05:30:00,null,1,2 sept 2026,Sep-2026,2026Q3,LA,2483,ATL,LIM,ATLLIM,22:15:00,05:00:00,23:15:00,05:00:00,03:15:00,10:00:00,NO,763,OUT,TOUCH,01:00:00,FP,06:45:00,null,SI,NO,02:55:00,2,2,1,null,1,21:15:00,22:15:00,2 sept 2026,2 sept 2026,21:15:00,05:30:00,3 sept 2026,05:30:00,3 sept 2026,05:30:00,3 sept 2026,08:15:00,13:00:00,null,2844,0,0,1,0,4,-84.43,-77.12,Este," ",0,0,0,06:45:00,INT,4.75,00:00:00,00:00:00,3 sept 2026,J,INT
290,null,null,LIM,27 sept 2026,11:05:00,29 sept 2026,05:30:00,null,1,28 sept 2026,Sep-2026,2026Q3,LA,2483,ATL,LIM,ATLLIM,22:15:00,05:00:00,23:15:00,05:00:00,03:15:00,10:00:00,NO,763,OUT,TOUCH,01:00:00,FP,06:45:00,null,SI,NO,02:55:00,2,2,1,null,1,21:15:00,22:15:00,28 sept 2026,28 sept 2026,21:15:00,05:30:00,29 sept 2026,05:30:00,29 sept 2026,05:30:00,29 sept 2026,08:15:00,13:00:00,null,2844,0,0,1,0,4,-84.43,-77.12,Este," ",0,0,0,06:45:00,INT,4.75,00:00:00,00:00:00,29 sept 2026,J,INT
187,null,null,LIM,17 sept 2026,11:05:00,19 sept 2026,05:30:00,null,1,18 sept 2026,Sep-2026,2026Q3,LA,2483,ATL,LIM,ATLLIM,22:15:00,05:00:00,23:15:00,05:00:00,03:15:00,10:00:00,NO,763,OUT,TOUCH,01:00:00,FP,06:45:00,null,SI,NO,02:55:00,2,2,1,null,1,21:15:00,22:15:00,18 sept 2026,18 sept 2026,21:15:00,05:30:00,19 sept 2026,05:30:00,19 sept 2026,05:30:00,19 sept 2026,08:15:00,13:00:00,null,2844,0,0,1,0,4,-84.43,-77.12,Este," ",0,0,0,06:45:00,INT,4.75,00:00:00,00:00:00,19 sept 2026,J,INT
106,null,null,LIM,9 sept 2026,11:05:00,11 sept 2026,05:30:00,null,1,10 sept 2026,Sep-2026,2026Q3,LA,2483,ATL,LIM,ATLLIM,22:15:00,05:00:00,23:15:00,05:00:00,03:15:00,10:00:00,NO,763,OUT,TOUCH,01:00:00,FP,06:45:00,null,SI,NO,02:55:00,2,2,1,null,1,21:15:00,22:15:00,10 sept 2026,10 sept 2026,21:15:00,05:30:00,11 sept 2026,05:30:00,11 sept 2026,05:30:00,11 sept 2026,08:15:00,13:00:00,null,2844,0,0,1,0,4,-84.43,-77.12,Este," ",0,0,0,06:45:00,INT,4.75,00:00:00,00:00:00,11 sept 2026,J,INT
219,null,null,LIM,20 sept 2026,11:05:00,22 sept 2026,05:30:00,null,1,21 sept 2026,Sep-2026,2026Q3,LA,2483,ATL,LIM,ATLLIM,22:15:00,05:00:00,23:15:00,05:00:00,03:15:00,10:00:00,NO,763,OUT,TOUCH,01:00:00,FP,06:45:00,null,SI,NO,02:55:00,2,2,1,null,1,21:15:00,22:15:00,21 sept 2026,21 sept 2026,21:15:00,05:30:00,22 sept 2026,05:30:00,22 sept 2026,05:30:00,22 sept 2026,08:15:00,13:00:00,null,2844,0,0,1,0,4,-84.43,-77.12,Este," ",0,0,0,06:45:00,INT,4.75,00:00:00,00:00:00,22 sept 2026,J,INT
14,null,LA2698310826,LIM,31 ago 2026,07:15:00,4 sept 2026,05:30:00,null,1,4 sept 2026,Sep-2026,2026Q3,LA,2699,MIA,LIM,MIALIM,23:15:00,05:00:00,00:15:00,05:00:00,04:15:00,10:00:00,NO,763,OUT,TOUCH,01:00:00,FP,05:45:00,null,SI,NO,02:55:00,2,4,1,null,1,22:15:00,23:15:00,3 sept 2026,3 sept 2026,22:15:00,05:30:00,4 sept 2026,05:30:00,4 sept 2026,05:30:00,4 sept 2026,07:15:00,13:00:00,null,2798,0,0,1,0,4,-80.28,-77.12,Este," ",0,0,0,05:45:00,INT,2.366,00:00:00,00:00:00,4 sept 2026,J,INT
301,null,null,LIM,28 sept 2026,12:30:00,2 oct 2026,05:30:00,null,1,2 oct 2026,Oct-2026,2026Q3,LA,2699,MIA,LIM,MIALIM,23:15:00,05:00:00,00:15:00,05:00:00,04:15:00,10:00:00,NO,763,OUT,TOUCH,01:00:00,FP,05:45:00,null,SI,NO,02:55:00,2,4,1,null,1,22:15:00,23:15:00,1 oct 2026,1 oct 2026,22:15:00,05:30:00,2 oct 2026,05:30:00,2 oct 2026,05:30:00,2 oct 2026,07:15:00,13:00:00,null,2796,0,0,1,0,4,-80.28,-77.12,Este," ",0,0,0,05:45:00,INT,2.366,00:00:00,00:00:00,2 oct 2026,J,INT
230,null,null,LIM,21 sept 2026,12:30:00,25 sept 2026,05:30:00,null,1,25 sept 2026,Sep-2026,2026Q3,LA,2699,MIA,LIM,MIALIM,23:15:00,05:00:00,00:15:00,05:00:00,04:15:00,10:00:00,NO,763,OUT,TOUCH,01:00:00,FP,05:45:00,null,SI,NO,02:55:00,2,4,1,null,1,22:15:00,23:15:00,24 sept 2026,24 sept 2026,22:15:00,05:30:00,25 sept 2026,05:30:00,25 sept 2026,05:30:00,25 sept 2026,07:15:00,13:00:00,null,2796,0,0,1,0,4,-80.28,-77.12,Este," ",0,0,0,05:45:00,INT,2.366,00:00:00,00:00:00,25 sept 2026,J,INT
58,4,null,LIM,4 sept 2026,22:00:00,7 sept 2026,07:00:00,1,null,4 sept 2026,Sep-2026,2026Q3,LA,2484,LIM,MAD,LIMMAD,23:00:00,10:20:00,23:00:00,17:20:00,04:00:00,15:20:00,NO,789,BASE,NO,01:00:00,FP,11:20:00,null,SI,NO,03:00:00,1,1,1,null,1,22:00:00,22:00:00,4 sept 2026,4 sept 2026,22:00:00,17:50:00,5 sept 2026,10:50:00,5 sept 2026,10:50:00,5 sept 2026,12:50:00,13:00:00,30:55:00,2691,0,0,1,0,8,-77.12,-3.57,Este," ",0,0,0,11:20:00,INT,5.77,00:00:00,00:00:00,5 sept 2026,J,INT
282,4,null,LIM,26 sept 2026,22:00:00,29 sept 2026,07:00:00,1,null,26 sept 2026,Sep-2026,2026Q3,LA,2484,LIM,MAD,LIMMAD,23:00:00,10:20:00,23:00:00,17:20:00,04:00:00,15:20:00,NO,789,BASE,NO,01:00:00,FP,11:20:00,null,SI,SI,03:00:00,1,1,1,null,1,22:00:00,22:00:00,26 sept 2026,26 sept 2026,22:00:00,17:50:00,27 sept 2026,10:50:00,27 sept 2026,10:50:00,27 sept 2026,12:50:00,13:00:00,30:55:00,2691,0,0,1,0,8,-77.12,-3.57,Este," ",0,0,0,11:20:00,INT,5.77,00:00:00,00:00:00,27 sept 2026,J,INT
211,4,null,LIM,19 sept 2026,22:00:00,22 sept 2026,07:00:00,1,null,19 sept 2026,Sep-2026,2026Q3,LA,2484,LIM,MAD,LIMMAD,23:00:00,10:20:00,23:00:00,17:20:00,04:00:00,15:20:00,NO,789,BASE,NO,01:00:00,FP,11:20:00,null,SI,SI,03:00:00,1,1,1,null,1,22:00:00,22:00:00,19 sept 2026,19 sept 2026,22:00:00,17:50:00,20 sept 2026,10:50:00,20 sept 2026,10:50:00,20 sept 2026,12:50:00,13:00:00,30:55:00,2691,0,0,1,0,8,-77.12,-3.57,Este," ",0,0,0,11:20:00,INT,5.77,00:00:00,00:00:00,20 sept 2026,J,INT
2,4,LA2484290826,LIM,29 ago 2026,22:00:00,1 sept 2026,07:00:00,1,null,29 ago 2026,Aug-2026,2026Q3,LA,2484,LIM,MAD,LIMMAD,23:00:00,10:20:00,23:00:00,17:20:00,04:00:00,15:20:00,NO,788,BASE,NO,01:00:00,FP,11:20:00,null,SI,SI,03:00:00,1,1,1,null,1,22:00:00,22:00:00,29 ago 2026,29 ago 2026,22:00:00,17:50:00,30 ago 2026,10:50:00,30 ago 2026,10:50:00,30 ago 2026,12:50:00,13:00:00,30:55:00,2691,0,0,1,0,8,-77.12,-3.57,Este," ",0,0,0,11:20:00,INT,5.77,00:00:00,00:00:00,30 ago 2026,J,INT
200,4,null,LIM,18 sept 2026,22:00:00,21 sept 2026,07:00:00,1,null,18 sept 2026,Sep-2026,2026Q3,LA,2484,LIM,MAD,LIMMAD,23:00:00,10:20:00,23:00:00,17:20:00,04:00:00,15:20:00,NO,789,BASE,NO,01:00:00,FP,11:20:00,null,SI,NO,03:00:00,1,1,1,null,1,22:00:00,22:00:00,18 sept 2026,18 sept 2026,22:00:00,17:50:00,19 sept 2026,10:50:00,19 sept 2026,10:50:00,19 sept 2026,12:50:00,13:00:00,30:55:00,2691,0,0,1,0,8,-77.12,-3.57,Este," ",0,0,0,11:20:00,INT,5.77,00:00:00,00:00:00,19 sept 2026,J,INT
140,4,null,LIM,12 sept 2026,22:00:00,15 sept 2026,07:00:00,1,null,12 sept 2026,Sep-2026,2026Q3,LA,2484,LIM,MAD,LIMMAD,23:00:00,10:20:00,23:00:00,17:20:00,04:00:00,15:20:00,NO,789,BASE,NO,01:00:00,FP,11:20:00,null,SI,SI,03:00:00,1,1,1,null,1,22:00:00,22:00:00,12 sept 2026,12 sept 2026,22:00:00,17:50:00,13 sept 2026,10:50:00,13 sept 2026,10:50:00,13 sept 2026,12:50:00,13:00:00,30:55:00,2691,0,0,1,0,8,-77.12,-3.57,Este," ",0,0,0,11:20:00,INT,5.77,00:00:00,00:00:00,13 sept 2026,J,INT
221,4,null,LIM,20 sept 2026,22:00:00,23 sept 2026,07:00:00,1,null,20 sept 2026,Sep-2026,2026Q3,LA,2484,LIM,MAD,LIMMAD,23:00:00,10:20:00,23:00:00,17:20:00,04:00:00,15:20:00,NO,788,BASE,NO,01:00:00,FP,11:20:00,null,SI,SI,03:00:00,1,1,1,null,1,22:00:00,22:00:00,20 sept 2026,20 sept 2026,22:00:00,17:50:00,21 sept 2026,10:50:00,21 sept 2026,10:50:00,21 sept 2026,12:50:00,13:00:00,30:55:00,2691,0,0,1,0,8,-77.12,-3.57,Este," ",0,0,0,11:20:00,INT,5.77,00:00:00,00:00:00,21 sept 2026,J,INT
169,4,null,LIM,15 sept 2026,22:00:00,18 sept 2026,07:00:00,1,null,15 sept 2026,Sep-2026,2026Q3,LA,2484,LIM,MAD,LIMMAD,23:00:00,10:20:00,23:00:00,17:20:00,04:00:00,15:20:00,NO,788,BASE,NO,01:00:00,FP,11:20:00,null,SI,SI,03:00:00,1,1,1,null,1,22:00:00,22:00:00,15 sept 2026,15 sept 2026,22:00:00,17:50:00,16 sept 2026,10:50:00,16 sept 2026,10:50:00,16 sept 2026,12:50:00,13:00:00,30:55:00,2691,0,0,1,0,8,-77.12,-3.57,Este," ",0,0,0,11:20:00,INT,5.77,00:00:00,00:00:00,16 sept 2026,J,INT
47,4,null,LIM,3 sept 2026,22:00:00,6 sept 2026,07:00:00,1,null,3 sept 2026,Sep-2026,2026Q3,LA,2484,LIM,MAD,LIMMAD,23:00:00,10:20:00,23:00:00,17:20:00,04:00:00,15:20:00,NO,789,BASE,NO,01:00:00,FP,11:20:00,null,SI,NO,03:00:00,1,1,1,null,1,22:00:00,22:00:00,3 sept 2026,3 sept 2026,22:00:00,17:50:00,4 sept 2026,10:50:00,4 sept 2026,10:50:00,4 sept 2026,12:50:00,13:00:00,30:55:00,2691,0,0,1,0,8,-77.12,-3.57,Este," ",0,0,0,11:20:00,INT,5.77,00:00:00,00:00:00,4 sept 2026,J,INT
98,4,null,LIM,8 sept 2026,22:00:00,11 sept 2026,07:00:00,1,null,8 sept 2026,Sep-2026,2026Q3,LA,2484,LIM,MAD,LIMMAD,23:00:00,10:20:00,23:00:00,17:20:00,04:00:00,15:20:00,NO,788,BASE,NO,01:00:00,FP,11:20:00,null,SI,SI,03:00:00,1,1,1,null,1,22:00:00,22:00:00,8 sept 2026,8 sept 2026,22:00:00,17:50:00,9 sept 2026,10:50:00,9 sept 2026,10:50:00,9 sept 2026,12:50:00,13:00:00,30:55:00,2691,0,0,1,0,8,-77.12,-3.57,Este," ",0,0,0,11:20:00,INT,5.77,00:00:00,00:00:00,9 sept 2026,J,INT
240,4,null,LIM,22 sept 2026,22:00:00,25 sept 2026,07:00:00,1,null,22 sept 2026,Sep-2026,2026Q3,LA,2484,LIM,MAD,LIMMAD,23:00:00,10:20:00,23:00:00,17:20:00,04:00:00,15:20:00,NO,788,BASE,NO,01:00:00,FP,11:20:00,null,SI,SI,03:00:00,1,1,1,null,1,22:00:00,22:00:00,22 sept 2026,22 sept 2026,22:00:00,17:50:00,23 sept 2026,10:50:00,23 sept 2026,10:50:00,23 sept 2026,12:50:00,13:00:00,30:55:00,2691,0,0,1,0,8,-77.12,-3.57,Este," ",0,0,0,11:20:00,INT,5.77,00:00:00,00:00:00,23 sept 2026,J,INT
292,4,null,LIM,27 sept 2026,22:00:00,30 sept 2026,07:00:00,1,null,27 sept 2026,Sep-2026,2026Q3,LA,2484,LIM,MAD,LIMMAD,23:00:00,10:20:00,23:00:00,17:20:00,04:00:00,15:20:00,NO,788,BASE,NO,01:00:00,FP,11:20:00,null,SI,SI,03:00:00,1,1,1,null,1,22:00:00,22:00:00,27 sept 2026,27 sept 2026,22:00:00,17:50:00,28 sept 2026,10:50:00,28 sept 2026,10:50:00,28 sept 2026,12:50:00,13:00:00,30:55:00,2691,0,0,1,0,8,-77.12,-3.57,Este," ",0,0,0,11:20:00,INT,5.77,00:00:00,00:00:00,28 sept 2026,J,INT
271,4,null,LIM,25 sept 2026,22:00:00,28 sept 2026,07:00:00,1,null,25 sept 2026,Sep-2026,2026Q3,LA,2484,LIM,MAD,LIMMAD,23:00:00,10:20:00,23:00:00,17:20:00,04:00:00,15:20:00,NO,789,BASE,NO,01:00:00,FP,11:20:00,null,SI,NO,03:00:00,1,1,1,null,1,22:00:00,22:00:00,25 sept 2026,25 sept 2026,22:00:00,17:50:00,26 sept 2026,10:50:00,26 sept 2026,10:50:00,26 sept 2026,12:50:00,13:00:00,30:55:00,2691,0,0,1,0,8,-77.12,-3.57,Este," ",0,0,0,11:20:00,INT,5.77,00:00:00,00:00:00,26 sept 2026,J,INT
311,4,null,LIM,29 sept 2026,22:00:00,2 oct 2026,07:00:00,1,null,29 sept 2026,Sep-2026,2026Q3,LA,2484,LIM,MAD,LIMMAD,23:00:00,10:20:00,23:00:00,17:20:00,04:00:00,15:20:00,NO,788,BASE,NO,01:00:00,FP,11:20:00,null,SI,SI,03:00:00,1,1,1,null,1,22:00:00,22:00:00,29 sept 2026,29 sept 2026,22:00:00,17:50:00,30 sept 2026,10:50:00,30 sept 2026,10:50:00,30 sept 2026,12:50:00,13:00:00,30:55:00,2691,0,0,1,0,8,-77.12,-3.57,Este," ",0,0,0,11:20:00,INT,5.77,00:00:00,00:00:00,30 sept 2026,J,INT
9,4,LA2484300826,LIM,30 ago 2026,22:00:00,2 sept 2026,07:00:00,1,null,30 ago 2026,Aug-2026,2026Q3,LA,2484,LIM,MAD,LIMMAD,23:00:00,10:20:00,23:00:00,17:20:00,04:00:00,15:20:00,NO,789,BASE,NO,01:00:00,FP,11:20:00,null,SI,NO,03:00:00,1,1,1,null,1,22:00:00,22:00:00,30 ago 2026,30 ago 2026,22:00:00,17:50:00,31 ago 2026,10:50:00,31 ago 2026,10:50:00,31 ago 2026,12:50:00,13:00:00,30:55:00,2691,0,0,1,0,8,-77.12,-3.57,Este," ",0,0,0,11:20:00,INT,5.77,00:00:00,00:00:00,31 ago 2026,J,INT
108,4,null,LIM,9 sept 2026,22:00:00,12 sept 2026,07:00:00,1,null,9 sept 2026,Sep-2026,2026Q3,LA,2484,LIM,MAD,LIMMAD,23:00:00,10:20:00,23:00:00,17:20:00,04:00:00,15:20:00,NO,789,BASE,NO,01:00:00,FP,11:20:00,null,SI,NO,03:00:00,1,1,1,null,1,22:00:00,22:00:00,9 sept 2026,9 sept 2026,22:00:00,17:50:00,10 sept 2026,10:50:00,10 sept 2026,10:50:00,10 sept 2026,12:50:00,13:00:00,30:55:00,2691,0,0,1,0,8,-77.12,-3.57,Este," ",0,0,0,11:20:00,INT,5.77,00:00:00,00:00:00,10 sept 2026,J,INT
69,4,null,LIM,5 sept 2026,22:00:00,8 sept 2026,07:00:00,1,null,5 sept 2026,Sep-2026,2026Q3,LA,2484,LIM,MAD,LIMMAD,23:00:00,10:20:00,23:00:00,17:20:00,04:00:00,15:20:00,NO,789,BASE,NO,01:00:00,FP,11:20:00,null,SI,SI,03:00:00,1,1,1,null,1,22:00:00,22:00:00,5 sept 2026,5 sept 2026,22:00:00,17:50:00,6 sept 2026,10:50:00,6 sept 2026,10:50:00,6 sept 2026,12:50:00,13:00:00,30:55:00,2691,0,0,1,0,8,-77.12,-3.57,Este," ",0,0,0,11:20:00,INT,5.77,00:00:00,00:00:00,6 sept 2026,J,INT
118,4,null,LIM,10 sept 2026,22:00:00,13 sept 2026,07:00:00,1,null,10 sept 2026,Sep-2026,2026Q3,LA,2484,LIM,MAD,LIMMAD,23:00:00,10:20:00,23:00:00,17:20:00,04:00:00,15:20:00,NO,789,BASE,NO,01:00:00,FP,11:20:00,null,SI,NO,03:00:00,1,1,1,null,1,22:00:00,22:00:00,10 sept 2026,10 sept 2026,22:00:00,17:50:00,11 sept 2026,10:50:00,11 sept 2026,10:50:00,11 sept 2026,12:50:00,13:00:00,30:55:00,2691,0,0,1,0,8,-77.12,-3.57,Este," ",0,0,0,11:20:00,INT,5.77,00:00:00,00:00:00,11 sept 2026,J,INT
321,4,null,LIM,30 sept 2026,22:00:00,3 oct 2026,07:00:00,1,null,30 sept 2026,Sep-2026,2026Q3,LA,2484,LIM,MAD,LIMMAD,23:00:00,10:20:00,23:00:00,17:20:00,04:00:00,15:20:00,NO,789,BASE,NO,01:00:00,FP,11:20:00,null,SI,NO,03:00:00,1,1,1,null,1,22:00:00,22:00:00,30 sept 2026,30 sept 2026,22:00:00,17:50:00,1 oct 2026,10:50:00,1 oct 2026,10:50:00,1 oct 2026,12:50:00,13:00:00,30:55:00,2691,0,0,1,0,8,-77.12,-3.57,Este," ",0,0,0,11:20:00,INT,5.77,00:00:00,00:00:00,1 oct 2026,J,INT
189,4,null,LIM,17 sept 2026,22:00:00,20 sept 2026,07:00:00,1,null,17 sept 2026,Sep-2026,2026Q3,LA,2484,LIM,MAD,LIMMAD,23:00:00,10:20:00,23:00:00,17:20:00,04:00:00,15:20:00,NO,789,BASE,NO,01:00:00,FP,11:20:00,null,SI,NO,03:00:00,1,1,1,null,1,22:00:00,22:00:00,17 sept 2026,17 sept 2026,22:00:00,17:50:00,18 sept 2026,10:50:00,18 sept 2026,10:50:00,18 sept 2026,12:50:00,13:00:00,30:55:00,2691,0,0,1,0,8,-77.12,-3.57,Este," ",0,0,0,11:20:00,INT,5.77,00:00:00,00:00:00,18 sept 2026,J,INT
79,4,null,LIM,6 sept 2026,22:00:00,9 sept 2026,07:00:00,1,null,6 sept 2026,Sep-2026,2026Q3,LA,2484,LIM,MAD,LIMMAD,23:00:00,10:20:00,23:00:00,17:20:00,04:00:00,15:20:00,NO,788,BASE,NO,01:00:00,FP,11:20:00,null,SI,SI,03:00:00,1,1,1,null,1,22:00:00,22:00:00,6 sept 2026,6 sept 2026,22:00:00,17:50:00,7 sept 2026,10:50:00,7 sept 2026,10:50:00,7 sept 2026,12:50:00,13:00:00,30:55:00,2691,0,0,1,0,8,-77.12,-3.57,Este," ",0,0,0,11:20:00,INT,5.77,00:00:00,00:00:00,7 sept 2026,J,INT
89,4,null,LIM,7 sept 2026,22:00:00,10 sept 2026,07:00:00,1,null,7 sept 2026,Sep-2026,2026Q3,LA,2484,LIM,MAD,LIMMAD,23:00:00,10:20:00,23:00:00,17:20:00,04:00:00,15:20:00,NO,789,BASE,NO,01:00:00,FP,11:20:00,null,SI,SI,03:00:00,1,1,1,null,1,22:00:00,22:00:00,7 sept 2026,7 sept 2026,22:00:00,17:50:00,8 sept 2026,10:50:00,8 sept 2026,10:50:00,8 sept 2026,12:50:00,13:00:00,30:55:00,2691,0,0,1,0,8,-77.12,-3.57,Este," ",0,0,0,11:20:00,INT,5.77,00:00:00,00:00:00,8 sept 2026,J,INT
27,4,null,LIM,1 sept 2026,22:00:00,4 sept 2026,07:00:00,1,null,1 sept 2026,Sep-2026,2026Q3,LA,2484,LIM,MAD,LIMMAD,23:00:00,10:20:00,23:00:00,17:20:00,04:00:00,15:20:00,NO,788,BASE,NO,01:00:00,FP,11:20:00,null,SI,SI,03:00:00,1,1,1,null,1,22:00:00,22:00:00,1 sept 2026,1 sept 2026,22:00:00,17:50:00,2 sept 2026,10:50:00,2 sept 2026,10:50:00,2 sept 2026,12:50:00,13:00:00,30:55:00,2691,0,0,1,0,8,-77.12,-3.57,Este," ",0,0,0,11:20:00,INT,5.77,00:00:00,00:00:00,2 sept 2026,J,INT
129,4,null,LIM,11 sept 2026,22:00:00,14 sept 2026,07:00:00,1,null,11 sept 2026,Sep-2026,2026Q3,LA,2484,LIM,MAD,LIMMAD,23:00:00,10:20:00,23:00:00,17:20:00,04:00:00,15:20:00,NO,789,BASE,NO,01:00:00,FP,11:20:00,null,SI,NO,03:00:00,1,1,1,null,1,22:00:00,22:00:00,11 sept 2026,11 sept 2026,22:00:00,17:50:00,12 sept 2026,10:50:00,12 sept 2026,10:50:00,12 sept 2026,12:50:00,13:00:00,30:55:00,2691,0,0,1,0,8,-77.12,-3.57,Este," ",0,0,0,11:20:00,INT,5.77,00:00:00,00:00:00,12 sept 2026,J,INT
302,4,null,LIM,28 sept 2026,22:00:00,1 oct 2026,07:00:00,1,null,28 sept 2026,Sep-2026,2026Q3,LA,2484,LIM,MAD,LIMMAD,23:00:00,10:20:00,23:00:00,17:20:00,04:00:00,15:20:00,NO,789,BASE,NO,01:00:00,FP,11:20:00,null,SI,SI,03:00:00,1,1,1,null,1,22:00:00,22:00:00,28 sept 2026,28 sept 2026,22:00:00,17:50:00,29 sept 2026,10:50:00,29 sept 2026,10:50:00,29 sept 2026,12:50:00,13:00:00,30:55:00,2691,0,0,1,0,8,-77.12,-3.57,Este," ",0,0,0,11:20:00,INT,5.77,00:00:00,00:00:00,29 sept 2026,J,INT
18,4,LA2484310826,LIM,31 ago 2026,22:00:00,3 sept 2026,07:00:00,1,null,31 ago 2026,Aug-2026,2026Q3,LA,2484,LIM,MAD,LIMMAD,23:00:00,10:20:00,23:00:00,17:20:00,04:00:00,15:20:00,NO,789,BASE,NO,01:00:00,FP,11:20:00,null,SI,SI,03:00:00,1,1,1,null,1,22:00:00,22:00:00,31 ago 2026,31 ago 2026,22:00:00,17:50:00,1 sept 2026,10:50:00,1 sept 2026,10:50:00,1 sept 2026,12:50:00,13:00:00,30:55:00,2691,0,0,1,0,8,-77.12,-3.57,Este," ",0,0,0,11:20:00,INT,5.77,00:00:00,00:00:00,1 sept 2026,J,INT
250,4,null,LIM,23 sept 2026,22:00:00,26 sept 2026,07:00:00,1,null,23 sept 2026,Sep-2026,2026Q3,LA,2484,LIM,MAD,LIMMAD,23:00:00,10:20:00,23:00:00,17:20:00,04:00:00,15:20:00,NO,789,BASE,NO,01:00:00,FP,11:20:00,null,SI,NO,03:00:00,1,1,1,null,1,22:00:00,22:00:00,23 sept 2026,23 sept 2026,22:00:00,17:50:00,24 sept 2026,10:50:00,24 sept 2026,10:50:00,24 sept 2026,12:50:00,13:00:00,30:55:00,2691,0,0,1,0,8,-77.12,-3.57,Este," ",0,0,0,11:20:00,INT,5.77,00:00:00,00:00:00,24 sept 2026,J,INT
160,4,null,LIM,14 sept 2026,22:00:00,17 sept 2026,07:00:00,1,null,14 sept 2026,Sep-2026,2026Q3,LA,2484,LIM,MAD,LIMMAD,23:00:00,10:20:00,23:00:00,17:20:00,04:00:00,15:20:00,NO,789,BASE,NO,01:00:00,FP,11:20:00,null,SI,SI,03:00:00,1,1,1,null,1,22:00:00,22:00:00,14 sept 2026,14 sept 2026,22:00:00,17:50:00,15 sept 2026,10:50:00,15 sept 2026,10:50:00,15 sept 2026,12:50:00,13:00:00,30:55:00,2691,0,0,1,0,8,-77.12,-3.57,Este," ",0,0,0,11:20:00,INT,5.77,00:00:00,00:00:00,15 sept 2026,J,INT
150,4,null,LIM,13 sept 2026,22:00:00,16 sept 2026,07:00:00,1,null,13 sept 2026,Sep-2026,2026Q3,LA,2484,LIM,MAD,LIMMAD,23:00:00,10:20:00,23:00:00,17:20:00,04:00:00,15:20:00,NO,788,BASE,NO,01:00:00,FP,11:20:00,null,SI,SI,03:00:00,1,1,1,null,1,22:00:00,22:00:00,13 sept 2026,13 sept 2026,22:00:00,17:50:00,14 sept 2026,10:50:00,14 sept 2026,10:50:00,14 sept 2026,12:50:00,13:00:00,30:55:00,2691,0,0,1,0,8,-77.12,-3.57,Este," ",0,0,0,11:20:00,INT,5.77,00:00:00,00:00:00,14 sept 2026,J,INT
260,4,null,LIM,24 sept 2026,22:00:00,27 sept 2026,07:00:00,1,null,24 sept 2026,Sep-2026,2026Q3,LA,2484,LIM,MAD,LIMMAD,23:00:00,10:20:00,23:00:00,17:20:00,04:00:00,15:20:00,NO,789,BASE,NO,01:00:00,FP,11:20:00,null,SI,NO,03:00:00,1,1,1,null,1,22:00:00,22:00:00,24 sept 2026,24 sept 2026,22:00:00,17:50:00,25 sept 2026,10:50:00,25 sept 2026,10:50:00,25 sept 2026,12:50:00,13:00:00,30:55:00,2691,0,0,1,0,8,-77.12,-3.57,Este," ",0,0,0,11:20:00,INT,5.77,00:00:00,00:00:00,25 sept 2026,J,INT
179,4,null,LIM,16 sept 2026,22:00:00,19 sept 2026,07:00:00,1,null,16 sept 2026,Sep-2026,2026Q3,LA,2484,LIM,MAD,LIMMAD,23:00:00,10:20:00,23:00:00,17:20:00,04:00:00,15:20:00,NO,789,BASE,NO,01:00:00,FP,11:20:00,null,SI,NO,03:00:00,1,1,1,null,1,22:00:00,22:00:00,16 sept 2026,16 sept 2026,22:00:00,17:50:00,17 sept 2026,10:50:00,17 sept 2026,10:50:00,17 sept 2026,12:50:00,13:00:00,30:55:00,2691,0,0,1,0,8,-77.12,-3.57,Este," ",0,0,0,11:20:00,INT,5.77,00:00:00,00:00:00,17 sept 2026,J,INT
37,4,null,LIM,2 sept 2026,22:00:00,5 sept 2026,07:00:00,1,null,2 sept 2026,Sep-2026,2026Q3,LA,2484,LIM,MAD,LIMMAD,23:00:00,10:20:00,23:00:00,17:20:00,04:00:00,15:20:00,NO,789,BASE,NO,01:00:00,FP,11:20:00,null,SI,NO,03:00:00,1,1,1,null,1,22:00:00,22:00:00,2 sept 2026,2 sept 2026,22:00:00,17:50:00,3 sept 2026,10:50:00,3 sept 2026,10:50:00,3 sept 2026,12:50:00,13:00:00,30:55:00,2691,0,0,1,0,8,-77.12,-3.57,Este," ",0,0,0,11:20:00,INT,5.77,00:00:00,00:00:00,3 sept 2026,J,INT
231,4,null,LIM,21 sept 2026,22:00:00,24 sept 2026,07:00:00,1,null,21 sept 2026,Sep-2026,2026Q3,LA,2484,LIM,MAD,LIMMAD,23:00:00,10:20:00,23:00:00,17:20:00,04:00:00,15:20:00,NO,789,BASE,NO,01:00:00,FP,11:20:00,null,SI,SI,03:00:00,1,1,1,null,1,22:00:00,22:00:00,21 sept 2026,21 sept 2026,22:00:00,17:50:00,22 sept 2026,10:50:00,22 sept 2026,10:50:00,22 sept 2026,12:50:00,13:00:00,30:55:00,2691,0,0,1,0,8,-77.12,-3.57,Este," ",0,0,0,11:20:00,INT,5.77,00:00:00,00:00:00,22 sept 2026,J,INT
220,null,null,LIM,20 sept 2026,12:30:00,24 sept 2026,01:40:00,null,1,23 sept 2026,Sep-2026,2026Q3,LA,2934,GRU,LIM,GRULIM,19:40:00,01:10:00,21:40:00,01:10:00,00:40:00,06:10:00,NO,763,OUT,TOUCH,01:00:00,FP,05:30:00,null,SI,NO,02:55:00,2,4,1,null,1,18:40:00,20:40:00,23 sept 2026,23 sept 2026,18:40:00,01:40:00,24 sept 2026,01:40:00,24 sept 2026,01:40:00,24 sept 2026,07:00:00,13:00:00,null,2661,0,0,1,0,4,-46.47,-77.12,Oeste," ",0,0,0,05:30:00,INT,2.033,00:00:00,00:00:00,24 sept 2026,J,REG
149,null,null,LIM,13 sept 2026,12:30:00,17 sept 2026,01:40:00,null,1,16 sept 2026,Sep-2026,2026Q3,LA,2934,GRU,LIM,GRULIM,19:40:00,01:10:00,21:40:00,01:10:00,00:40:00,06:10:00,NO,763,OUT,TOUCH,01:00:00,FP,05:30:00,null,SI,NO,02:55:00,2,4,1,null,1,18:40:00,20:40:00,16 sept 2026,16 sept 2026,18:40:00,01:40:00,17 sept 2026,01:40:00,17 sept 2026,01:40:00,17 sept 2026,07:00:00,13:00:00,null,2661,0,0,1,0,4,-46.47,-77.12,Oeste," ",0,0,0,05:30:00,INT,2.033,00:00:00,00:00:00,17 sept 2026,J,REG
78,null,null,LIM,6 sept 2026,12:30:00,10 sept 2026,01:40:00,null,1,9 sept 2026,Sep-2026,2026Q3,LA,2934,GRU,LIM,GRULIM,19:40:00,01:10:00,21:40:00,01:10:00,00:40:00,06:10:00,NO,763,OUT,TOUCH,01:00:00,FP,05:30:00,null,SI,NO,02:55:00,2,4,1,null,1,18:40:00,20:40:00,9 sept 2026,9 sept 2026,18:40:00,01:40:00,10 sept 2026,01:40:00,10 sept 2026,01:40:00,10 sept 2026,07:00:00,13:00:00,null,2661,0,0,1,0,4,-46.47,-77.12,Oeste," ",0,0,0,05:30:00,INT,2.033,00:00:00,00:00:00,10 sept 2026,J,REG
291,null,null,LIM,27 sept 2026,12:30:00,1 oct 2026,01:40:00,null,1,30 sept 2026,Sep-2026,2026Q3,LA,2934,GRU,LIM,GRULIM,19:40:00,01:10:00,21:40:00,01:10:00,00:40:00,06:10:00,NO,763,OUT,TOUCH,01:00:00,FP,05:30:00,null,SI,NO,02:55:00,2,4,1,null,1,18:40:00,20:40:00,30 sept 2026,30 sept 2026,18:40:00,01:40:00,1 oct 2026,01:40:00,1 oct 2026,01:40:00,1 oct 2026,07:00:00,13:00:00,null,2661,0,0,1,0,4,-46.47,-77.12,Oeste," ",0,0,0,05:30:00,INT,2.033,00:00:00,00:00:00,1 oct 2026,J,REG
8,null,LA2935300826,LIM,30 ago 2026,12:30:00,3 sept 2026,01:40:00,null,1,2 sept 2026,Sep-2026,2026Q3,LA,2934,GRU,LIM,GRULIM,19:40:00,01:10:00,21:40:00,01:10:00,00:40:00,06:10:00,NO,763,OUT,TOUCH,01:00:00,FP,05:30:00,null,SI,NO,02:55:00,2,4,1,null,1,18:40:00,20:40:00,2 sept 2026,2 sept 2026,18:40:00,01:40:00,3 sept 2026,01:40:00,3 sept 2026,01:40:00,3 sept 2026,07:00:00,13:00:00,null,2661,0,0,1,0,4,-46.47,-77.12,Oeste," ",0,0,0,05:30:00,INT,2.033,00:00:00,00:00:00,3 sept 2026,J,REG
57,null,null,LIM,4 sept 2026,12:30:00,7 sept 2026,01:40:00,null,1,6 sept 2026,Sep-2026,2026Q3,LA,2934,GRU,LIM,GRULIM,19:40:00,01:10:00,21:40:00,01:10:00,00:40:00,06:10:00,NO,763,OUT,TOUCH,01:00:00,FP,05:30:00,null,SI,NO,02:55:00,2,3,1,null,1,18:40:00,20:40:00,6 sept 2026,6 sept 2026,18:40:00,01:40:00,7 sept 2026,01:40:00,7 sept 2026,01:40:00,7 sept 2026,07:00:00,13:00:00,null,2610,0,0,1,0,4,-46.47,-77.12,Oeste," ",0,0,0,05:30:00,INT,2.541,00:00:00,00:00:00,7 sept 2026,J,REG
249,null,null,LIM,23 sept 2026,12:30:00,26 sept 2026,01:40:00,null,1,25 sept 2026,Sep-2026,2026Q3,LA,2934,GRU,LIM,GRULIM,19:40:00,01:10:00,21:40:00,01:10:00,00:40:00,06:10:00,NO,763,OUT,TOUCH,01:00:00,FP,05:30:00,null,SI,NO,02:55:00,2,3,1,null,1,18:40:00,20:40:00,25 sept 2026,25 sept 2026,18:40:00,01:40:00,26 sept 2026,01:40:00,26 sept 2026,01:40:00,26 sept 2026,07:00:00,13:00:00,null,2610,0,0,1,0,4,-46.47,-77.12,Oeste," ",0,0,0,05:30:00,INT,2.541,00:00:00,00:00:00,26 sept 2026,J,REG
107,null,null,LIM,9 sept 2026,12:30:00,12 sept 2026,01:40:00,null,1,11 sept 2026,Sep-2026,2026Q3,LA,2934,GRU,LIM,GRULIM,19:40:00,01:10:00,21:40:00,01:10:00,00:40:00,06:10:00,NO,763,OUT,TOUCH,01:00:00,FP,05:30:00,null,SI,NO,02:55:00,2,3,1,null,1,18:40:00,20:40:00,11 sept 2026,11 sept 2026,18:40:00,01:40:00,12 sept 2026,01:40:00,12 sept 2026,01:40:00,12 sept 2026,07:00:00,13:00:00,null,2610,0,0,1,0,4,-46.47,-77.12,Oeste," ",0,0,0,05:30:00,INT,2.541,00:00:00,00:00:00,12 sept 2026,J,REG
36,null,null,LIM,2 sept 2026,12:30:00,5 sept 2026,01:40:00,null,1,4 sept 2026,Sep-2026,2026Q3,LA,2934,GRU,LIM,GRULIM,19:40:00,01:10:00,21:40:00,01:10:00,00:40:00,06:10:00,NO,763,OUT,TOUCH,01:00:00,FP,05:30:00,null,SI,NO,02:55:00,2,3,1,null,1,18:40:00,20:40:00,4 sept 2026,4 sept 2026,18:40:00,01:40:00,5 sept 2026,01:40:00,5 sept 2026,01:40:00,5 sept 2026,07:00:00,13:00:00,null,2610,0,0,1,0,4,-46.47,-77.12,Oeste," ",0,0,0,05:30:00,INT,2.541,00:00:00,00:00:00,5 sept 2026,J,REG
128,null,null,LIM,11 sept 2026,12:30:00,14 sept 2026,01:40:00,null,1,13 sept 2026,Sep-2026,2026Q3,LA,2934,GRU,LIM,GRULIM,19:40:00,01:10:00,21:40:00,01:10:00,00:40:00,06:10:00,NO,763,OUT,TOUCH,01:00:00,FP,05:30:00,null,SI,NO,02:55:00,2,3,1,null,1,18:40:00,20:40:00,13 sept 2026,13 sept 2026,18:40:00,01:40:00,14 sept 2026,01:40:00,14 sept 2026,01:40:00,14 sept 2026,07:00:00,13:00:00,null,2610,0,0,1,0,4,-46.47,-77.12,Oeste," ",0,0,0,05:30:00,INT,2.541,00:00:00,00:00:00,14 sept 2026,J,REG
320,null,null,LIM,30 sept 2026,12:30:00,3 oct 2026,01:40:00,null,1,2 oct 2026,Oct-2026,2026Q3,LA,2934,GRU,LIM,GRULIM,19:40:00,01:10:00,21:40:00,01:10:00,00:40:00,06:10:00,NO,763,OUT,TOUCH,01:00:00,FP,05:30:00,null,SI,NO,02:55:00,2,3,1,null,1,18:40:00,20:40:00,2 oct 2026,2 oct 2026,18:40:00,01:40:00,3 oct 2026,01:40:00,3 oct 2026,01:40:00,3 oct 2026,07:00:00,13:00:00,null,2610,0,0,1,0,4,-46.47,-77.12,Oeste," ",0,0,0,05:30:00,INT,2.541,00:00:00,00:00:00,3 oct 2026,J,REG
178,null,null,LIM,16 sept 2026,12:30:00,19 sept 2026,01:40:00,null,1,18 sept 2026,Sep-2026,2026Q3,LA,2934,GRU,LIM,GRULIM,19:40:00,01:10:00,21:40:00,01:10:00,00:40:00,06:10:00,NO,763,OUT,TOUCH,01:00:00,FP,05:30:00,null,SI,NO,02:55:00,2,3,1,null,1,18:40:00,20:40:00,18 sept 2026,18 sept 2026,18:40:00,01:40:00,19 sept 2026,01:40:00,19 sept 2026,01:40:00,19 sept 2026,07:00:00,13:00:00,null,2610,0,0,1,0,4,-46.47,-77.12,Oeste," ",0,0,0,05:30:00,INT,2.541,00:00:00,00:00:00,19 sept 2026,J,REG
270,null,null,LIM,25 sept 2026,12:30:00,28 sept 2026,01:40:00,null,1,27 sept 2026,Sep-2026,2026Q3,LA,2934,GRU,LIM,GRULIM,19:40:00,01:10:00,21:40:00,01:10:00,00:40:00,06:10:00,NO,763,OUT,TOUCH,01:00:00,FP,05:30:00,null,SI,NO,02:55:00,2,3,1,null,1,18:40:00,20:40:00,27 sept 2026,27 sept 2026,18:40:00,01:40:00,28 sept 2026,01:40:00,28 sept 2026,01:40:00,28 sept 2026,07:00:00,13:00:00,null,2610,0,0,1,0,4,-46.47,-77.12,Oeste," ",0,0,0,05:30:00,INT,2.541,00:00:00,00:00:00,28 sept 2026,J,REG
199,null,null,LIM,18 sept 2026,12:30:00,21 sept 2026,01:40:00,null,1,20 sept 2026,Sep-2026,2026Q3,LA,2934,GRU,LIM,GRULIM,19:40:00,01:10:00,21:40:00,01:10:00,00:40:00,06:10:00,NO,763,OUT,TOUCH,01:00:00,FP,05:30:00,null,SI,NO,02:55:00,2,3,1,null,1,18:40:00,20:40:00,20 sept 2026,20 sept 2026,18:40:00,01:40:00,21 sept 2026,01:40:00,21 sept 2026,01:40:00,21 sept 2026,07:00:00,13:00:00,null,2610,0,0,1,0,4,-46.47,-77.12,Oeste," ",0,0,0,05:30:00,INT,2.541,00:00:00,00:00:00,21 sept 2026,J,REG
266,3,null,LIM,25 sept 2026,11:00:00,27 sept 2026,21:30:00,1,null,25 sept 2026,Sep-2026,2026Q3,LA,2690,LIM,JFK,LIMJFK,12:00:00,20:05:00,12:00:00,21:05:00,17:00:00,01:05:00,NO,763,BASE,NO,01:00:00,FP,08:05:00,null,SI,NO,03:00:00,1,1,1,null,1,11:00:00,11:00:00,25 sept 2026,25 sept 2026,11:00:00,21:35:00,25 sept 2026,20:35:00,25 sept 2026,20:35:00,25 sept 2026,09:35:00,13:00:00,39:25:00,2608,0,0,1,0,6,-77.12,-73.78,Este," ",0,0,0,08:05:00,INT,5.361,00:00:00,00:00:00,25 sept 2026,J,INT
218,4,null,LIM,20 sept 2026,11:00:00,23 sept 2026,21:30:00,1,null,20 sept 2026,Sep-2026,2026Q3,LA,2690,LIM,JFK,LIMJFK,12:00:00,20:05:00,12:00:00,21:05:00,17:00:00,01:05:00,NO,763,BASE,NO,01:00:00,FP,08:05:00,null,SI,NO,03:00:00,1,1,1,null,1,11:00:00,11:00:00,20 sept 2026,20 sept 2026,11:00:00,21:35:00,20 sept 2026,20:35:00,20 sept 2026,20:35:00,20 sept 2026,09:35:00,13:00:00,63:25:00,2608,0,0,1,0,6,-77.12,-73.78,Este," ",0,0,0,08:05:00,INT,4.02,00:00:00,00:00:00,20 sept 2026,J,INT
195,3,null,LIM,18 sept 2026,11:00:00,20 sept 2026,21:30:00,1,null,18 sept 2026,Sep-2026,2026Q3,LA,2690,LIM,JFK,LIMJFK,12:00:00,20:05:00,12:00:00,21:05:00,17:00:00,01:05:00,NO,763,BASE,NO,01:00:00,FP,08:05:00,null,SI,NO,03:00:00,1,1,1,null,1,11:00:00,11:00:00,18 sept 2026,18 sept 2026,11:00:00,21:35:00,18 sept 2026,20:35:00,18 sept 2026,20:35:00,18 sept 2026,09:35:00,13:00:00,39:25:00,2608,0,0,1,0,6,-77.12,-73.78,Este," ",0,0,0,08:05:00,INT,5.361,00:00:00,00:00:00,18 sept 2026,J,INT
33,3,null,LIM,2 sept 2026,11:00:00,4 sept 2026,21:30:00,1,null,2 sept 2026,Sep-2026,2026Q3,LA,2690,LIM,JFK,LIMJFK,12:00:00,20:05:00,12:00:00,21:05:00,17:00:00,01:05:00,NO,763,BASE,NO,01:00:00,FP,08:05:00,null,SI,NO,03:00:00,1,1,1,null,1,11:00:00,11:00:00,2 sept 2026,2 sept 2026,11:00:00,21:35:00,2 sept 2026,20:35:00,2 sept 2026,20:35:00,2 sept 2026,09:35:00,13:00:00,39:20:00,2608,0,0,1,0,6,-77.12,-73.78,Este," ",0,0,0,08:05:00,INT,5.388,00:00:00,00:00:00,2 sept 2026,J,INT
53,3,null,LIM,4 sept 2026,11:00:00,6 sept 2026,21:30:00,1,null,4 sept 2026,Sep-2026,2026Q3,LA,2690,LIM,JFK,LIMJFK,12:00:00,20:05:00,12:00:00,21:05:00,17:00:00,01:05:00,NO,763,BASE,NO,01:00:00,FP,08:05:00,null,SI,NO,03:00:00,1,1,1,null,1,11:00:00,11:00:00,4 sept 2026,4 sept 2026,11:00:00,21:35:00,4 sept 2026,20:35:00,4 sept 2026,20:35:00,4 sept 2026,09:35:00,13:00:00,39:25:00,2608,0,0,1,0,6,-77.12,-73.78,Este," ",0,0,0,08:05:00,INT,5.361,00:00:00,00:00:00,4 sept 2026,J,INT
175,3,null,LIM,16 sept 2026,11:00:00,18 sept 2026,21:30:00,1,null,16 sept 2026,Sep-2026,2026Q3,LA,2690,LIM,JFK,LIMJFK,12:00:00,20:05:00,12:00:00,21:05:00,17:00:00,01:05:00,NO,763,BASE,NO,01:00:00,FP,08:05:00,null,SI,NO,03:00:00,1,1,1,null,1,11:00:00,11:00:00,16 sept 2026,16 sept 2026,11:00:00,21:35:00,16 sept 2026,20:35:00,16 sept 2026,20:35:00,16 sept 2026,09:35:00,13:00:00,39:20:00,2608,0,0,1,0,6,-77.12,-73.78,Este," ",0,0,0,08:05:00,INT,5.388,00:00:00,00:00:00,16 sept 2026,J,INT
76,4,null,LIM,6 sept 2026,11:00:00,9 sept 2026,21:30:00,1,null,6 sept 2026,Sep-2026,2026Q3,LA,2690,LIM,JFK,LIMJFK,12:00:00,20:05:00,12:00:00,21:05:00,17:00:00,01:05:00,NO,763,BASE,NO,01:00:00,FP,08:05:00,null,SI,NO,03:00:00,1,1,1,null,1,11:00:00,11:00:00,6 sept 2026,6 sept 2026,11:00:00,21:35:00,6 sept 2026,20:35:00,6 sept 2026,20:35:00,6 sept 2026,09:35:00,13:00:00,63:25:00,2608,0,0,1,0,6,-77.12,-73.78,Este," ",0,0,0,08:05:00,INT,4.02,00:00:00,00:00:00,6 sept 2026,J,INT
317,3,null,LIM,30 sept 2026,11:00:00,2 oct 2026,21:30:00,1,null,30 sept 2026,Sep-2026,2026Q3,LA,2690,LIM,JFK,LIMJFK,12:00:00,20:05:00,12:00:00,21:05:00,17:00:00,01:05:00,NO,763,BASE,NO,01:00:00,FP,08:05:00,null,SI,NO,03:00:00,1,1,1,null,1,11:00:00,11:00:00,30 sept 2026,30 sept 2026,11:00:00,21:35:00,30 sept 2026,20:35:00,30 sept 2026,20:35:00,30 sept 2026,09:35:00,13:00:00,39:20:00,2608,0,0,1,0,6,-77.12,-73.78,Este," ",0,0,0,08:05:00,INT,5.388,00:00:00,00:00:00,30 sept 2026,J,INT
104,3,null,LIM,9 sept 2026,11:00:00,11 sept 2026,21:30:00,1,null,9 sept 2026,Sep-2026,2026Q3,LA,2690,LIM,JFK,LIMJFK,12:00:00,20:05:00,12:00:00,21:05:00,17:00:00,01:05:00,NO,763,BASE,NO,01:00:00,FP,08:05:00,null,SI,NO,03:00:00,1,1,1,null,1,11:00:00,11:00:00,9 sept 2026,9 sept 2026,11:00:00,21:35:00,9 sept 2026,20:35:00,9 sept 2026,20:35:00,9 sept 2026,09:35:00,13:00:00,39:20:00,2608,0,0,1,0,6,-77.12,-73.78,Este," ",0,0,0,08:05:00,INT,5.388,00:00:00,00:00:00,9 sept 2026,J,INT
289,4,null,LIM,27 sept 2026,11:00:00,30 sept 2026,21:30:00,1,null,27 sept 2026,Sep-2026,2026Q3,LA,2690,LIM,JFK,LIMJFK,12:00:00,20:05:00,12:00:00,21:05:00,17:00:00,01:05:00,NO,763,BASE,NO,01:00:00,FP,08:05:00,null,SI,NO,03:00:00,1,1,1,null,1,11:00:00,11:00:00,27 sept 2026,27 sept 2026,11:00:00,21:35:00,27 sept 2026,20:35:00,27 sept 2026,20:35:00,27 sept 2026,09:35:00,13:00:00,63:25:00,2608,0,0,1,0,6,-77.12,-73.78,Este," ",0,0,0,08:05:00,INT,4.02,00:00:00,00:00:00,27 sept 2026,J,INT
124,3,null,LIM,11 sept 2026,11:00:00,13 sept 2026,21:30:00,1,null,11 sept 2026,Sep-2026,2026Q3,LA,2690,LIM,JFK,LIMJFK,12:00:00,20:05:00,12:00:00,21:05:00,17:00:00,01:05:00,NO,763,BASE,NO,01:00:00,FP,08:05:00,null,SI,NO,03:00:00,1,1,1,null,1,11:00:00,11:00:00,11 sept 2026,11 sept 2026,11:00:00,21:35:00,11 sept 2026,20:35:00,11 sept 2026,20:35:00,11 sept 2026,09:35:00,13:00:00,39:25:00,2608,0,0,1,0,6,-77.12,-73.78,Este," ",0,0,0,08:05:00,INT,5.361,00:00:00,00:00:00,11 sept 2026,J,INT
246,3,null,LIM,23 sept 2026,11:00:00,25 sept 2026,21:30:00,1,null,23 sept 2026,Sep-2026,2026Q3,LA,2690,LIM,JFK,LIMJFK,12:00:00,20:05:00,12:00:00,21:05:00,17:00:00,01:05:00,NO,763,BASE,NO,01:00:00,FP,08:05:00,null,SI,NO,03:00:00,1,1,1,null,1,11:00:00,11:00:00,23 sept 2026,23 sept 2026,11:00:00,21:35:00,23 sept 2026,20:35:00,23 sept 2026,20:35:00,23 sept 2026,09:35:00,13:00:00,39:20:00,2608,0,0,1,0,6,-77.12,-73.78,Este," ",0,0,0,08:05:00,INT,5.388,00:00:00,00:00:00,23 sept 2026,J,INT
147,4,null,LIM,13 sept 2026,11:00:00,16 sept 2026,21:30:00,1,null,13 sept 2026,Sep-2026,2026Q3,LA,2690,LIM,JFK,LIMJFK,12:00:00,20:05:00,12:00:00,21:05:00,17:00:00,01:05:00,NO,763,BASE,NO,01:00:00,FP,08:05:00,null,SI,NO,03:00:00,1,1,1,null,1,11:00:00,11:00:00,13 sept 2026,13 sept 2026,11:00:00,21:35:00,13 sept 2026,20:35:00,13 sept 2026,20:35:00,13 sept 2026,09:35:00,13:00:00,63:25:00,2608,0,0,1,0,6,-77.12,-73.78,Este," ",0,0,0,08:05:00,INT,4.02,00:00:00,00:00:00,13 sept 2026,J,INT
247,null,null,LIM,23 sept 2026,11:00:00,27 sept 2026,08:40:00,null,1,26 sept 2026,Sep-2026,2026Q3,LA,2477,LAX,LIM,LAXLIM,23:30:00,08:10:00,21:30:00,08:10:00,04:30:00,13:10:00,NO,763,OUT,TOUCH,01:00:00,FP,08:40:00,null,SI,NO,02:55:00,2,4,1,null,1,22:30:00,20:30:00,26 sept 2026,26 sept 2026,22:30:00,08:40:00,27 sept 2026,08:40:00,27 sept 2026,08:40:00,27 sept 2026,10:10:00,13:00:00,null,2562,0,0,1,0,6,-118.4,-77.12,Este," ",0,0,0,08:40:00,INT,3.533,00:00:00,00:00:00,27 sept 2026,J,INT
34,null,null,LIM,2 sept 2026,11:00:00,6 sept 2026,08:40:00,null,1,5 sept 2026,Sep-2026,2026Q3,LA,2477,LAX,LIM,LAXLIM,23:30:00,08:10:00,21:30:00,08:10:00,04:30:00,13:10:00,NO,763,OUT,TOUCH,01:00:00,FP,08:40:00,null,SI,NO,02:55:00,2,4,1,null,1,22:30:00,20:30:00,5 sept 2026,5 sept 2026,22:30:00,08:40:00,6 sept 2026,08:40:00,6 sept 2026,08:40:00,6 sept 2026,10:10:00,13:00:00,null,2562,0,0,1,0,6,-118.4,-77.12,Este," ",0,0,0,08:40:00,INT,3.533,00:00:00,00:00:00,6 sept 2026,J,INT
176,null,null,LIM,16 sept 2026,11:00:00,20 sept 2026,08:40:00,null,1,19 sept 2026,Sep-2026,2026Q3,LA,2477,LAX,LIM,LAXLIM,23:30:00,08:10:00,21:30:00,08:10:00,04:30:00,13:10:00,NO,763,OUT,TOUCH,01:00:00,FP,08:40:00,null,SI,NO,02:55:00,2,4,1,null,1,22:30:00,20:30:00,19 sept 2026,19 sept 2026,22:30:00,08:40:00,20 sept 2026,08:40:00,20 sept 2026,08:40:00,20 sept 2026,10:10:00,13:00:00,null,2562,0,0,1,0,6,-118.4,-77.12,Este," ",0,0,0,08:40:00,INT,3.533,00:00:00,00:00:00,20 sept 2026,J,INT
105,null,null,LIM,9 sept 2026,11:00:00,13 sept 2026,08:40:00,null,1,12 sept 2026,Sep-2026,2026Q3,LA,2477,LAX,LIM,LAXLIM,23:30:00,08:10:00,21:30:00,08:10:00,04:30:00,13:10:00,NO,763,OUT,TOUCH,01:00:00,FP,08:40:00,null,SI,NO,02:55:00,2,4,1,null,1,22:30:00,20:30:00,12 sept 2026,12 sept 2026,22:30:00,08:40:00,13 sept 2026,08:40:00,13 sept 2026,08:40:00,13 sept 2026,10:10:00,13:00:00,null,2562,0,0,1,0,6,-118.4,-77.12,Este," ",0,0,0,08:40:00,INT,3.533,00:00:00,00:00:00,13 sept 2026,J,INT
318,null,null,LIM,30 sept 2026,11:00:00,4 oct 2026,08:40:00,null,1,3 oct 2026,Oct-2026,2026Q3,LA,2477,LAX,LIM,LAXLIM,23:30:00,08:10:00,21:30:00,08:10:00,04:30:00,13:10:00,NO,763,OUT,TOUCH,01:00:00,FP,08:40:00,null,SI,NO,02:55:00,2,4,1,null,1,22:30:00,20:30:00,3 oct 2026,3 oct 2026,22:30:00,08:40:00,4 oct 2026,08:40:00,4 oct 2026,08:40:00,4 oct 2026,10:10:00,13:00:00,null,2562,0,0,1,0,6,-118.4,-77.12,Este," ",0,0,0,08:40:00,INT,3.533,00:00:00,00:00:00,4 oct 2026,J,INT
6,4,LA2690300826,LIM,30 ago 2026,11:00:00,2 sept 2026,21:30:00,1,null,30 ago 2026,Aug-2026,2026Q3,LA,2690,LIM,JFK,LIMJFK,12:00:00,20:10:00,12:00:00,21:10:00,17:00:00,01:10:00,NO,763,BASE,NO,01:00:00,FP,08:10:00,null,SI,NO,03:00:00,1,1,1,null,1,11:00:00,11:00:00,30 ago 2026,30 ago 2026,11:00:00,21:40:00,30 ago 2026,20:40:00,30 ago 2026,20:40:00,30 ago 2026,09:40:00,13:00:00,63:20:00,2555,0,0,1,0,6,-77.12,-73.78,Este," ",0,0,0,08:10:00,INT,4.041,00:00:00,00:00:00,30 ago 2026,J,INT
244,null,null,LIM,22 sept 2026,23:40:00,24 sept 2026,22:40:00,null,1,24 sept 2026,Sep-2026,2026Q3,LA,2479,LAX,LIM,LAXLIM,13:30:00,22:10:00,11:30:00,22:10:00,18:30:00,03:10:00,NO,763,OUT,TOUCH,01:00:00,FP,08:40:00,null,SI,NO,03:00:00,2,3,1,null,1,12:30:00,10:30:00,24 sept 2026,24 sept 2026,12:30:00,22:40:00,24 sept 2026,22:40:00,24 sept 2026,22:40:00,24 sept 2026,10:10:00,13:00:00,null,2376,0,0,1,0,6,-118.4,-77.12,Este," ",0,0,0,08:40:00,INT,5.944,00:00:00,00:00:00,24 sept 2026,J,INT
122,null,null,LIM,10 sept 2026,23:40:00,12 sept 2026,22:40:00,null,1,12 sept 2026,Sep-2026,2026Q3,LA,2479,LAX,LIM,LAXLIM,13:30:00,22:10:00,11:30:00,22:10:00,18:30:00,03:10:00,NO,763,OUT,TOUCH,01:00:00,FP,08:40:00,null,SI,NO,03:00:00,2,3,1,null,1,12:30:00,10:30:00,12 sept 2026,12 sept 2026,12:30:00,22:40:00,12 sept 2026,22:40:00,12 sept 2026,22:40:00,12 sept 2026,10:10:00,13:00:00,null,2376,0,0,1,0,6,-118.4,-77.12,Este," ",0,0,0,08:40:00,INT,5.944,00:00:00,00:00:00,12 sept 2026,J,INT
173,null,null,LIM,15 sept 2026,23:40:00,17 sept 2026,22:40:00,null,1,17 sept 2026,Sep-2026,2026Q3,LA,2479,LAX,LIM,LAXLIM,13:30:00,22:10:00,11:30:00,22:10:00,18:30:00,03:10:00,NO,763,OUT,TOUCH,01:00:00,FP,08:40:00,null,SI,NO,03:00:00,2,3,1,null,1,12:30:00,10:30:00,17 sept 2026,17 sept 2026,12:30:00,22:40:00,17 sept 2026,22:40:00,17 sept 2026,22:40:00,17 sept 2026,10:10:00,13:00:00,null,2376,0,0,1,0,6,-118.4,-77.12,Este," ",0,0,0,08:40:00,INT,5.944,00:00:00,00:00:00,17 sept 2026,J,INT
306,null,null,LIM,28 sept 2026,23:40:00,30 sept 2026,22:40:00,null,1,30 sept 2026,Sep-2026,2026Q3,LA,2479,LAX,LIM,LAXLIM,13:30:00,22:10:00,11:30:00,22:10:00,18:30:00,03:10:00,NO,763,OUT,TOUCH,01:00:00,FP,08:40:00,null,SI,NO,03:00:00,2,3,1,null,1,12:30:00,10:30:00,30 sept 2026,30 sept 2026,12:30:00,22:40:00,30 sept 2026,22:40:00,30 sept 2026,22:40:00,30 sept 2026,10:10:00,13:00:00,null,2376,0,0,1,0,6,-118.4,-77.12,Este," ",0,0,0,08:40:00,INT,5.944,00:00:00,00:00:00,30 sept 2026,J,INT
22,null,LA2478310826,LIM,31 ago 2026,23:40:00,2 sept 2026,22:40:00,null,1,2 sept 2026,Sep-2026,2026Q3,LA,2479,LAX,LIM,LAXLIM,13:30:00,22:10:00,11:30:00,22:10:00,18:30:00,03:10:00,NO,763,OUT,TOUCH,01:00:00,FP,08:40:00,null,SI,NO,03:00:00,2,3,1,null,1,12:30:00,10:30:00,2 sept 2026,2 sept 2026,12:30:00,22:40:00,2 sept 2026,22:40:00,2 sept 2026,22:40:00,2 sept 2026,10:10:00,13:00:00,null,2376,0,0,1,0,6,-118.4,-77.12,Este," ",0,0,0,08:40:00,INT,5.944,00:00:00,00:00:00,2 sept 2026,J,INT
102,null,null,LIM,8 sept 2026,23:40:00,10 sept 2026,22:40:00,null,1,10 sept 2026,Sep-2026,2026Q3,LA,2479,LAX,LIM,LAXLIM,13:30:00,22:10:00,11:30:00,22:10:00,18:30:00,03:10:00,NO,763,OUT,TOUCH,01:00:00,FP,08:40:00,null,SI,NO,03:00:00,2,3,1,null,1,12:30:00,10:30:00,10 sept 2026,10 sept 2026,12:30:00,22:40:00,10 sept 2026,22:40:00,10 sept 2026,22:40:00,10 sept 2026,10:10:00,13:00:00,null,2376,0,0,1,0,6,-118.4,-77.12,Este," ",0,0,0,08:40:00,INT,5.944,00:00:00,00:00:00,10 sept 2026,J,INT
164,null,null,LIM,14 sept 2026,23:40:00,16 sept 2026,22:40:00,null,1,16 sept 2026,Sep-2026,2026Q3,LA,2479,LAX,LIM,LAXLIM,13:30:00,22:10:00,11:30:00,22:10:00,18:30:00,03:10:00,NO,763,OUT,TOUCH,01:00:00,FP,08:40:00,null,SI,NO,03:00:00,2,3,1,null,1,12:30:00,10:30:00,16 sept 2026,16 sept 2026,12:30:00,22:40:00,16 sept 2026,22:40:00,16 sept 2026,22:40:00,16 sept 2026,10:10:00,13:00:00,null,2376,0,0,1,0,6,-118.4,-77.12,Este," ",0,0,0,08:40:00,INT,5.944,00:00:00,00:00:00,16 sept 2026,J,INT
13,null,LA2478300826,LIM,30 ago 2026,23:40:00,1 sept 2026,22:40:00,null,1,1 sept 2026,Sep-2026,2026Q3,LA,2479,LAX,LIM,LAXLIM,13:30:00,22:10:00,11:30:00,22:10:00,18:30:00,03:10:00,NO,763,OUT,TOUCH,01:00:00,FP,08:40:00,null,SI,NO,03:00:00,2,3,1,null,1,12:30:00,10:30:00,1 sept 2026,1 sept 2026,12:30:00,22:40:00,1 sept 2026,22:40:00,1 sept 2026,22:40:00,1 sept 2026,10:10:00,13:00:00,null,2376,0,0,1,0,6,-118.4,-77.12,Este," ",0,0,0,08:40:00,INT,5.944,00:00:00,00:00:00,1 sept 2026,J,INT
315,null,null,LIM,29 sept 2026,23:40:00,1 oct 2026,22:40:00,null,1,1 oct 2026,Oct-2026,2026Q3,LA,2479,LAX,LIM,LAXLIM,13:30:00,22:10:00,11:30:00,22:10:00,18:30:00,03:10:00,NO,763,OUT,TOUCH,01:00:00,FP,08:40:00,null,SI,NO,03:00:00,2,3,1,null,1,12:30:00,10:30:00,1 oct 2026,1 oct 2026,12:30:00,22:40:00,1 oct 2026,22:40:00,1 oct 2026,22:40:00,1 oct 2026,10:10:00,13:00:00,null,2376,0,0,1,0,6,-118.4,-77.12,Este," ",0,0,0,08:40:00,INT,5.944,00:00:00,00:00:00,1 oct 2026,J,INT
62,null,null,LIM,4 sept 2026,23:40:00,6 sept 2026,22:40:00,null,1,6 sept 2026,Sep-2026,2026Q3,LA,2479,LAX,LIM,LAXLIM,13:30:00,22:10:00,11:30:00,22:10:00,18:30:00,03:10:00,NO,763,OUT,TOUCH,01:00:00,FP,08:40:00,null,SI,NO,03:00:00,2,3,1,null,1,12:30:00,10:30:00,6 sept 2026,6 sept 2026,12:30:00,22:40:00,6 sept 2026,22:40:00,6 sept 2026,22:40:00,6 sept 2026,10:10:00,13:00:00,null,2376,0,0,1,0,6,-118.4,-77.12,Este," ",0,0,0,08:40:00,INT,5.944,00:00:00,00:00:00,6 sept 2026,J,INT
31,null,null,LIM,1 sept 2026,23:40:00,3 sept 2026,22:40:00,null,1,3 sept 2026,Sep-2026,2026Q3,LA,2479,LAX,LIM,LAXLIM,13:30:00,22:10:00,11:30:00,22:10:00,18:30:00,03:10:00,NO,763,OUT,TOUCH,01:00:00,FP,08:40:00,null,SI,NO,03:00:00,2,3,1,null,1,12:30:00,10:30:00,3 sept 2026,3 sept 2026,12:30:00,22:40:00,3 sept 2026,22:40:00,3 sept 2026,22:40:00,3 sept 2026,10:10:00,13:00:00,null,2376,0,0,1,0,6,-118.4,-77.12,Este," ",0,0,0,08:40:00,INT,5.944,00:00:00,00:00:00,3 sept 2026,J,INT
183,null,null,LIM,16 sept 2026,23:40:00,18 sept 2026,22:40:00,null,1,18 sept 2026,Sep-2026,2026Q3,LA,2479,LAX,LIM,LAXLIM,13:30:00,22:10:00,11:30:00,22:10:00,18:30:00,03:10:00,NO,763,OUT,TOUCH,01:00:00,FP,08:40:00,null,SI,NO,03:00:00,2,3,1,null,1,12:30:00,10:30:00,18 sept 2026,18 sept 2026,12:30:00,22:40:00,18 sept 2026,22:40:00,18 sept 2026,22:40:00,18 sept 2026,10:10:00,13:00:00,null,2376,0,0,1,0,6,-118.4,-77.12,Este," ",0,0,0,08:40:00,INT,5.944,00:00:00,00:00:00,18 sept 2026,J,INT
204,null,null,LIM,18 sept 2026,23:40:00,20 sept 2026,22:40:00,null,1,20 sept 2026,Sep-2026,2026Q3,LA,2479,LAX,LIM,LAXLIM,13:30:00,22:10:00,11:30:00,22:10:00,18:30:00,03:10:00,NO,763,OUT,TOUCH,01:00:00,FP,08:40:00,null,SI,NO,03:00:00,2,3,1,null,1,12:30:00,10:30:00,20 sept 2026,20 sept 2026,12:30:00,22:40:00,20 sept 2026,22:40:00,20 sept 2026,22:40:00,20 sept 2026,10:10:00,13:00:00,null,2376,0,0,1,0,6,-118.4,-77.12,Este," ",0,0,0,08:40:00,INT,5.944,00:00:00,00:00:00,20 sept 2026,J,INT
73,null,null,LIM,5 sept 2026,23:40:00,7 sept 2026,22:40:00,null,1,7 sept 2026,Sep-2026,2026Q3,LA,2479,LAX,LIM,LAXLIM,13:30:00,22:10:00,11:30:00,22:10:00,18:30:00,03:10:00,NO,763,OUT,TOUCH,01:00:00,FP,08:40:00,null,SI,NO,03:00:00,2,3,1,null,1,12:30:00,10:30:00,7 sept 2026,7 sept 2026,12:30:00,22:40:00,7 sept 2026,22:40:00,7 sept 2026,22:40:00,7 sept 2026,10:10:00,13:00:00,null,2376,0,0,1,0,6,-118.4,-77.12,Este," ",0,0,0,08:40:00,INT,5.944,00:00:00,00:00:00,7 sept 2026,J,INT
154,null,null,LIM,13 sept 2026,23:40:00,15 sept 2026,22:40:00,null,1,15 sept 2026,Sep-2026,2026Q3,LA,2479,LAX,LIM,LAXLIM,13:30:00,22:10:00,11:30:00,22:10:00,18:30:00,03:10:00,NO,763,OUT,TOUCH,01:00:00,FP,08:40:00,null,SI,NO,03:00:00,2,3,1,null,1,12:30:00,10:30:00,15 sept 2026,15 sept 2026,12:30:00,22:40:00,15 sept 2026,22:40:00,15 sept 2026,22:40:00,15 sept 2026,10:10:00,13:00:00,null,2376,0,0,1,0,6,-118.4,-77.12,Este," ",0,0,0,08:40:00,INT,5.944,00:00:00,00:00:00,15 sept 2026,J,INT
325,null,null,LIM,30 sept 2026,23:40:00,2 oct 2026,22:40:00,null,1,2 oct 2026,Oct-2026,2026Q3,LA,2479,LAX,LIM,LAXLIM,13:30:00,22:10:00,11:30:00,22:10:00,18:30:00,03:10:00,NO,763,OUT,TOUCH,01:00:00,FP,08:40:00,null,SI,NO,03:00:00,2,3,1,null,1,12:30:00,10:30:00,2 oct 2026,2 oct 2026,12:30:00,22:40:00,2 oct 2026,22:40:00,2 oct 2026,22:40:00,2 oct 2026,10:10:00,13:00:00,null,2376,0,0,1,0,6,-118.4,-77.12,Este," ",0,0,0,08:40:00,INT,5.944,00:00:00,00:00:00,2 oct 2026,J,INT
41,null,null,LIM,2 sept 2026,23:40:00,4 sept 2026,22:40:00,null,1,4 sept 2026,Sep-2026,2026Q3,LA,2479,LAX,LIM,LAXLIM,13:30:00,22:10:00,11:30:00,22:10:00,18:30:00,03:10:00,NO,763,OUT,TOUCH,01:00:00,FP,08:40:00,null,SI,NO,03:00:00,2,3,1,null,1,12:30:00,10:30:00,4 sept 2026,4 sept 2026,12:30:00,22:40:00,4 sept 2026,22:40:00,4 sept 2026,22:40:00,4 sept 2026,10:10:00,13:00:00,null,2376,0,0,1,0,6,-118.4,-77.12,Este," ",0,0,0,08:40:00,INT,5.944,00:00:00,00:00:00,4 sept 2026,J,INT
83,null,null,LIM,6 sept 2026,23:40:00,8 sept 2026,22:40:00,null,1,8 sept 2026,Sep-2026,2026Q3,LA,2479,LAX,LIM,LAXLIM,13:30:00,22:10:00,11:30:00,22:10:00,18:30:00,03:10:00,NO,763,OUT,TOUCH,01:00:00,FP,08:40:00,null,SI,NO,03:00:00,2,3,1,null,1,12:30:00,10:30:00,8 sept 2026,8 sept 2026,12:30:00,22:40:00,8 sept 2026,22:40:00,8 sept 2026,22:40:00,8 sept 2026,10:10:00,13:00:00,null,2376,0,0,1,0,6,-118.4,-77.12,Este," ",0,0,0,08:40:00,INT,5.944,00:00:00,00:00:00,8 sept 2026,J,INT
193,null,null,LIM,17 sept 2026,23:40:00,19 sept 2026,22:40:00,null,1,19 sept 2026,Sep-2026,2026Q3,LA,2479,LAX,LIM,LAXLIM,13:30:00,22:10:00,11:30:00,22:10:00,18:30:00,03:10:00,NO,763,OUT,TOUCH,01:00:00,FP,08:40:00,null,SI,NO,03:00:00,2,3,1,null,1,12:30:00,10:30:00,19 sept 2026,19 sept 2026,12:30:00,22:40:00,19 sept 2026,22:40:00,19 sept 2026,22:40:00,19 sept 2026,10:10:00,13:00:00,null,2376,0,0,1,0,6,-118.4,-77.12,Este," ",0,0,0,08:40:00,INT,5.944,00:00:00,00:00:00,19 sept 2026,J,INT
275,null,null,LIM,25 sept 2026,23:40:00,27 sept 2026,22:40:00,null,1,27 sept 2026,Sep-2026,2026Q3,LA,2479,LAX,LIM,LAXLIM,13:30:00,22:10:00,11:30:00,22:10:00,18:30:00,03:10:00,NO,763,OUT,TOUCH,01:00:00,FP,08:40:00,null,SI,NO,03:00:00,2,3,1,null,1,12:30:00,10:30:00,27 sept 2026,27 sept 2026,12:30:00,22:40:00,27 sept 2026,22:40:00,27 sept 2026,22:40:00,27 sept 2026,10:10:00,13:00:00,null,2376,0,0,1,0,6,-118.4,-77.12,Este," ",0,0,0,08:40:00,INT,5.944,00:00:00,00:00:00,27 sept 2026,J,INT
235,null,null,LIM,21 sept 2026,23:40:00,23 sept 2026,22:40:00,null,1,23 sept 2026,Sep-2026,2026Q3,LA,2479,LAX,LIM,LAXLIM,13:30:00,22:10:00,11:30:00,22:10:00,18:30:00,03:10:00,NO,763,OUT,TOUCH,01:00:00,FP,08:40:00,null,SI,NO,03:00:00,2,3,1,null,1,12:30:00,10:30:00,23 sept 2026,23 sept 2026,12:30:00,22:40:00,23 sept 2026,22:40:00,23 sept 2026,22:40:00,23 sept 2026,10:10:00,13:00:00,null,2376,0,0,1,0,6,-118.4,-77.12,Este," ",0,0,0,08:40:00,INT,5.944,00:00:00,00:00:00,23 sept 2026,J,INT
112,null,null,LIM,9 sept 2026,23:40:00,11 sept 2026,22:40:00,null,1,11 sept 2026,Sep-2026,2026Q3,LA,2479,LAX,LIM,LAXLIM,13:30:00,22:10:00,11:30:00,22:10:00,18:30:00,03:10:00,NO,763,OUT,TOUCH,01:00:00,FP,08:40:00,null,SI,NO,03:00:00,2,3,1,null,1,12:30:00,10:30:00,11 sept 2026,11 sept 2026,12:30:00,22:40:00,11 sept 2026,22:40:00,11 sept 2026,22:40:00,11 sept 2026,10:10:00,13:00:00,null,2376,0,0,1,0,6,-118.4,-77.12,Este," ",0,0,0,08:40:00,INT,5.944,00:00:00,00:00:00,11 sept 2026,J,INT
133,null,null,LIM,11 sept 2026,23:40:00,13 sept 2026,22:40:00,null,1,13 sept 2026,Sep-2026,2026Q3,LA,2479,LAX,LIM,LAXLIM,13:30:00,22:10:00,11:30:00,22:10:00,18:30:00,03:10:00,NO,763,OUT,TOUCH,01:00:00,FP,08:40:00,null,SI,NO,03:00:00,2,3,1,null,1,12:30:00,10:30:00,13 sept 2026,13 sept 2026,12:30:00,22:40:00,13 sept 2026,22:40:00,13 sept 2026,22:40:00,13 sept 2026,10:10:00,13:00:00,null,2376,0,0,1,0,6,-118.4,-77.12,Este," ",0,0,0,08:40:00,INT,5.944,00:00:00,00:00:00,13 sept 2026,J,INT
296,null,null,LIM,27 sept 2026,23:40:00,29 sept 2026,22:40:00,null,1,29 sept 2026,Sep-2026,2026Q3,LA,2479,LAX,LIM,LAXLIM,13:30:00,22:10:00,11:30:00,22:10:00,18:30:00,03:10:00,NO,763,OUT,TOUCH,01:00:00,FP,08:40:00,null,SI,NO,03:00:00,2,3,1,null,1,12:30:00,10:30:00,29 sept 2026,29 sept 2026,12:30:00,22:40:00,29 sept 2026,22:40:00,29 sept 2026,22:40:00,29 sept 2026,10:10:00,13:00:00,null,2376,0,0,1,0,6,-118.4,-77.12,Este," ",0,0,0,08:40:00,INT,5.944,00:00:00,00:00:00,29 sept 2026,J,INT
215,null,null,LIM,19 sept 2026,23:40:00,21 sept 2026,22:40:00,null,1,21 sept 2026,Sep-2026,2026Q3,LA,2479,LAX,LIM,LAXLIM,13:30:00,22:10:00,11:30:00,22:10:00,18:30:00,03:10:00,NO,763,OUT,TOUCH,01:00:00,FP,08:40:00,null,SI,NO,03:00:00,2,3,1,null,1,12:30:00,10:30:00,21 sept 2026,21 sept 2026,12:30:00,22:40:00,21 sept 2026,22:40:00,21 sept 2026,22:40:00,21 sept 2026,10:10:00,13:00:00,null,2376,0,0,1,0,6,-118.4,-77.12,Este," ",0,0,0,08:40:00,INT,5.944,00:00:00,00:00:00,21 sept 2026,J,INT
51,null,null,LIM,3 sept 2026,23:40:00,5 sept 2026,22:40:00,null,1,5 sept 2026,Sep-2026,2026Q3,LA,2479,LAX,LIM,LAXLIM,13:30:00,22:10:00,11:30:00,22:10:00,18:30:00,03:10:00,NO,763,OUT,TOUCH,01:00:00,FP,08:40:00,null,SI,NO,03:00:00,2,3,1,null,1,12:30:00,10:30:00,5 sept 2026,5 sept 2026,12:30:00,22:40:00,5 sept 2026,22:40:00,5 sept 2026,22:40:00,5 sept 2026,10:10:00,13:00:00,null,2376,0,0,1,0,6,-118.4,-77.12,Este," ",0,0,0,08:40:00,INT,5.944,00:00:00,00:00:00,5 sept 2026,J,INT
225,null,null,LIM,20 sept 2026,23:40:00,22 sept 2026,22:40:00,null,1,22 sept 2026,Sep-2026,2026Q3,LA,2479,LAX,LIM,LAXLIM,13:30:00,22:10:00,11:30:00,22:10:00,18:30:00,03:10:00,NO,763,OUT,TOUCH,01:00:00,FP,08:40:00,null,SI,NO,03:00:00,2,3,1,null,1,12:30:00,10:30:00,22 sept 2026,22 sept 2026,12:30:00,22:40:00,22 sept 2026,22:40:00,22 sept 2026,22:40:00,22 sept 2026,10:10:00,13:00:00,null,2376,0,0,1,0,6,-118.4,-77.12,Este," ",0,0,0,08:40:00,INT,5.944,00:00:00,00:00:00,22 sept 2026,J,INT
93,null,null,LIM,7 sept 2026,23:40:00,9 sept 2026,22:40:00,null,1,9 sept 2026,Sep-2026,2026Q3,LA,2479,LAX,LIM,LAXLIM,13:30:00,22:10:00,11:30:00,22:10:00,18:30:00,03:10:00,NO,763,OUT,TOUCH,01:00:00,FP,08:40:00,null,SI,NO,03:00:00,2,3,1,null,1,12:30:00,10:30:00,9 sept 2026,9 sept 2026,12:30:00,22:40:00,9 sept 2026,22:40:00,9 sept 2026,22:40:00,9 sept 2026,10:10:00,13:00:00,null,2376,0,0,1,0,6,-118.4,-77.12,Este," ",0,0,0,08:40:00,INT,5.944,00:00:00,00:00:00,9 sept 2026,J,INT
264,null,null,LIM,24 sept 2026,23:40:00,26 sept 2026,22:40:00,null,1,26 sept 2026,Sep-2026,2026Q3,LA,2479,LAX,LIM,LAXLIM,13:30:00,22:10:00,11:30:00,22:10:00,18:30:00,03:10:00,NO,763,OUT,TOUCH,01:00:00,FP,08:40:00,null,SI,NO,03:00:00,2,3,1,null,1,12:30:00,10:30:00,26 sept 2026,26 sept 2026,12:30:00,22:40:00,26 sept 2026,22:40:00,26 sept 2026,22:40:00,26 sept 2026,10:10:00,13:00:00,null,2376,0,0,1,0,6,-118.4,-77.12,Este," ",0,0,0,08:40:00,INT,5.944,00:00:00,00:00:00,26 sept 2026,J,INT
254,null,null,LIM,23 sept 2026,23:40:00,25 sept 2026,22:40:00,null,1,25 sept 2026,Sep-2026,2026Q3,LA,2479,LAX,LIM,LAXLIM,13:30:00,22:10:00,11:30:00,22:10:00,18:30:00,03:10:00,NO,763,OUT,TOUCH,01:00:00,FP,08:40:00,null,SI,NO,03:00:00,2,3,1,null,1,12:30:00,10:30:00,25 sept 2026,25 sept 2026,12:30:00,22:40:00,25 sept 2026,22:40:00,25 sept 2026,22:40:00,25 sept 2026,10:10:00,13:00:00,null,2376,0,0,1,0,6,-118.4,-77.12,Este," ",0,0,0,08:40:00,INT,5.944,00:00:00,00:00:00,25 sept 2026,J,INT
286,null,null,LIM,26 sept 2026,23:40:00,28 sept 2026,22:40:00,null,1,28 sept 2026,Sep-2026,2026Q3,LA,2479,LAX,LIM,LAXLIM,13:30:00,22:10:00,11:30:00,22:10:00,18:30:00,03:10:00,NO,763,OUT,TOUCH,01:00:00,FP,08:40:00,null,SI,NO,03:00:00,2,3,1,null,1,12:30:00,10:30:00,28 sept 2026,28 sept 2026,12:30:00,22:40:00,28 sept 2026,22:40:00,28 sept 2026,22:40:00,28 sept 2026,10:10:00,13:00:00,null,2376,0,0,1,0,6,-118.4,-77.12,Este," ",0,0,0,08:40:00,INT,5.944,00:00:00,00:00:00,28 sept 2026,J,INT
144,null,null,LIM,12 sept 2026,23:40:00,14 sept 2026,22:40:00,null,1,14 sept 2026,Sep-2026,2026Q3,LA,2479,LAX,LIM,LAXLIM,13:30:00,22:10:00,11:30:00,22:10:00,18:30:00,03:10:00,NO,763,OUT,TOUCH,01:00:00,FP,08:40:00,null,SI,NO,03:00:00,2,3,1,null,1,12:30:00,10:30:00,14 sept 2026,14 sept 2026,12:30:00,22:40:00,14 sept 2026,22:40:00,14 sept 2026,22:40:00,14 sept 2026,10:10:00,13:00:00,null,2376,0,0,1,0,6,-118.4,-77.12,Este," ",0,0,0,08:40:00,INT,5.944,00:00:00,00:00:00,14 sept 2026,J,INT
257,null,null,LIM,24 sept 2026,11:05:00,24 sept 2026,21:30:00,null,1,24 sept 2026,Sep-2026,2026Q3,LA,2412,SCL,LIM,SCLLIM,17:10:00,21:00:00,19:10:00,21:00:00,22:10:00,02:00:00,NO,763,OUT,TOUCH,01:00:00,FP,03:50:00,null,SI,NO,02:10:00,1,1,0,null,null,11:05:00,11:05:00,24 sept 2026,24 sept 2026,11:05:00,21:30:00,24 sept 2026,21:30:00,24 sept 2026,21:30:00,24 sept 2026,10:25:00,13:00:00,null,2221,0,0,1,0,4,-70.8,-77.12,Oeste," ",0,0,0,07:30:00,INT,7.5,00:00:00,00:00:00,24 sept 2026,J,REG
186,null,null,LIM,17 sept 2026,11:05:00,17 sept 2026,21:30:00,null,1,17 sept 2026,Sep-2026,2026Q3,LA,2412,SCL,LIM,SCLLIM,17:10:00,21:00:00,19:10:00,21:00:00,22:10:00,02:00:00,NO,763,OUT,TOUCH,01:00:00,FP,03:50:00,null,SI,NO,02:10:00,1,1,0,null,null,11:05:00,11:05:00,17 sept 2026,17 sept 2026,11:05:00,21:30:00,17 sept 2026,21:30:00,17 sept 2026,21:30:00,17 sept 2026,10:25:00,13:00:00,null,2221,0,0,1,0,4,-70.8,-77.12,Oeste," ",0,0,0,07:30:00,INT,7.5,00:00:00,00:00:00,17 sept 2026,J,REG
44,null,null,LIM,3 sept 2026,11:05:00,3 sept 2026,21:30:00,null,1,3 sept 2026,Sep-2026,2026Q3,LA,2412,SCL,LIM,SCLLIM,17:10:00,21:00:00,18:10:00,21:00:00,22:10:00,02:00:00,NO,763,OUT,TOUCH,01:00:00,FP,03:50:00,null,SI,NO,02:10:00,1,1,0,null,null,11:05:00,11:05:00,3 sept 2026,3 sept 2026,11:05:00,21:30:00,3 sept 2026,21:30:00,3 sept 2026,21:30:00,3 sept 2026,10:25:00,13:00:00,null,2221,0,0,1,0,4,-70.8,-77.12,Oeste," ",0,0,0,07:30:00,INT,7.5,00:00:00,00:00:00,3 sept 2026,J,REG
125,null,null,LIM,11 sept 2026,11:05:00,11 sept 2026,21:30:00,null,1,11 sept 2026,Sep-2026,2026Q3,LA,2412,SCL,LIM,SCLLIM,17:10:00,21:00:00,19:10:00,21:00:00,22:10:00,02:00:00,NO,763,OUT,TOUCH,01:00:00,FP,03:50:00,null,SI,NO,02:10:00,1,1,0,null,null,11:05:00,11:05:00,11 sept 2026,11 sept 2026,11:05:00,21:30:00,11 sept 2026,21:30:00,11 sept 2026,21:30:00,11 sept 2026,10:25:00,13:00:00,null,2221,0,0,1,0,4,-70.8,-77.12,Oeste," ",0,0,0,07:30:00,INT,7.5,00:00:00,00:00:00,11 sept 2026,J,REG
208,null,null,LIM,19 sept 2026,11:05:00,19 sept 2026,21:30:00,null,1,19 sept 2026,Sep-2026,2026Q3,LA,2412,SCL,LIM,SCLLIM,17:10:00,21:00:00,19:10:00,21:00:00,22:10:00,02:00:00,NO,763,OUT,TOUCH,01:00:00,FP,03:50:00,null,SI,NO,02:10:00,1,1,0,null,null,11:05:00,11:05:00,19 sept 2026,19 sept 2026,11:05:00,21:30:00,19 sept 2026,21:30:00,19 sept 2026,21:30:00,19 sept 2026,10:25:00,13:00:00,null,2221,0,0,1,0,4,-70.8,-77.12,Oeste," ",0,0,0,07:30:00,INT,7.5,00:00:00,00:00:00,19 sept 2026,J,REG
66,null,null,LIM,5 sept 2026,11:05:00,5 sept 2026,21:30:00,null,1,5 sept 2026,Sep-2026,2026Q3,LA,2412,SCL,LIM,SCLLIM,17:10:00,21:00:00,18:10:00,21:00:00,22:10:00,02:00:00,NO,763,OUT,TOUCH,01:00:00,FP,03:50:00,null,SI,NO,02:10:00,1,1,0,null,null,11:05:00,11:05:00,5 sept 2026,5 sept 2026,11:05:00,21:30:00,5 sept 2026,21:30:00,5 sept 2026,21:30:00,5 sept 2026,10:25:00,13:00:00,null,2221,0,0,1,0,4,-70.8,-77.12,Oeste," ",0,0,0,07:30:00,INT,7.5,00:00:00,00:00:00,5 sept 2026,J,REG
196,null,null,LIM,18 sept 2026,11:05:00,18 sept 2026,21:30:00,null,1,18 sept 2026,Sep-2026,2026Q3,LA,2412,SCL,LIM,SCLLIM,17:10:00,21:00:00,19:10:00,21:00:00,22:10:00,02:00:00,NO,763,OUT,TOUCH,01:00:00,FP,03:50:00,null,SI,NO,02:10:00,1,1,0,null,null,11:05:00,11:05:00,18 sept 2026,18 sept 2026,11:05:00,21:30:00,18 sept 2026,21:30:00,18 sept 2026,21:30:00,18 sept 2026,10:25:00,13:00:00,null,2221,0,0,1,0,4,-70.8,-77.12,Oeste," ",0,0,0,07:30:00,INT,7.5,00:00:00,00:00:00,18 sept 2026,J,REG
115,null,null,LIM,10 sept 2026,11:05:00,10 sept 2026,21:30:00,null,1,10 sept 2026,Sep-2026,2026Q3,LA,2412,SCL,LIM,SCLLIM,17:10:00,21:00:00,19:10:00,21:00:00,22:10:00,02:00:00,NO,763,OUT,TOUCH,01:00:00,FP,03:50:00,null,SI,NO,02:10:00,1,1,0,null,null,11:05:00,11:05:00,10 sept 2026,10 sept 2026,11:05:00,21:30:00,10 sept 2026,21:30:00,10 sept 2026,21:30:00,10 sept 2026,10:25:00,13:00:00,null,2221,0,0,1,0,4,-70.8,-77.12,Oeste," ",0,0,0,07:30:00,INT,7.5,00:00:00,00:00:00,10 sept 2026,J,REG
267,null,null,LIM,25 sept 2026,11:05:00,25 sept 2026,21:30:00,null,1,25 sept 2026,Sep-2026,2026Q3,LA,2412,SCL,LIM,SCLLIM,17:10:00,21:00:00,19:10:00,21:00:00,22:10:00,02:00:00,NO,763,OUT,TOUCH,01:00:00,FP,03:50:00,null,SI,NO,02:10:00,1,1,0,null,null,11:05:00,11:05:00,25 sept 2026,25 sept 2026,11:05:00,21:30:00,25 sept 2026,21:30:00,25 sept 2026,21:30:00,25 sept 2026,10:25:00,13:00:00,null,2221,0,0,1,0,4,-70.8,-77.12,Oeste," ",0,0,0,07:30:00,INT,7.5,00:00:00,00:00:00,25 sept 2026,J,REG
137,null,null,LIM,12 sept 2026,11:05:00,12 sept 2026,21:30:00,null,1,12 sept 2026,Sep-2026,2026Q3,LA,2412,SCL,LIM,SCLLIM,17:10:00,21:00:00,19:10:00,21:00:00,22:10:00,02:00:00,NO,763,OUT,TOUCH,01:00:00,FP,03:50:00,null,SI,NO,02:10:00,1,1,0,null,null,11:05:00,11:05:00,12 sept 2026,12 sept 2026,11:05:00,21:30:00,12 sept 2026,21:30:00,12 sept 2026,21:30:00,12 sept 2026,10:25:00,13:00:00,null,2221,0,0,1,0,4,-70.8,-77.12,Oeste," ",0,0,0,07:30:00,INT,7.5,00:00:00,00:00:00,12 sept 2026,J,REG
54,null,null,LIM,4 sept 2026,11:05:00,4 sept 2026,21:30:00,null,1,4 sept 2026,Sep-2026,2026Q3,LA,2412,SCL,LIM,SCLLIM,17:10:00,21:00:00,18:10:00,21:00:00,22:10:00,02:00:00,NO,763,OUT,TOUCH,01:00:00,FP,03:50:00,null,SI,NO,02:10:00,1,1,0,null,null,11:05:00,11:05:00,4 sept 2026,4 sept 2026,11:05:00,21:30:00,4 sept 2026,21:30:00,4 sept 2026,21:30:00,4 sept 2026,10:25:00,13:00:00,null,2221,0,0,1,0,4,-70.8,-77.12,Oeste," ",0,0,0,07:30:00,INT,7.5,00:00:00,00:00:00,4 sept 2026,J,REG
279,null,null,LIM,26 sept 2026,11:05:00,26 sept 2026,21:30:00,null,1,26 sept 2026,Sep-2026,2026Q3,LA,2412,SCL,LIM,SCLLIM,17:10:00,21:00:00,19:10:00,21:00:00,22:10:00,02:00:00,NO,763,OUT,TOUCH,01:00:00,FP,03:50:00,null,SI,NO,02:10:00,1,1,0,null,null,11:05:00,11:05:00,26 sept 2026,26 sept 2026,11:05:00,21:30:00,26 sept 2026,21:30:00,26 sept 2026,21:30:00,26 sept 2026,10:25:00,13:00:00,null,2221,0,0,1,0,4,-70.8,-77.12,Oeste," ",0,0,0,07:30:00,INT,7.5,00:00:00,00:00:00,26 sept 2026,J,REG
207,3,null,LIM,19 sept 2026,11:00:00,21 sept 2026,08:40:00,1,null,19 sept 2026,Sep-2026,2026Q3,LA,2476,LIM,LAX,LIMLAX,12:00:00,21:00:00,12:00:00,19:00:00,17:00:00,02:00:00,NO,763,BASE,NO,01:00:00,FP,09:00:00,null,SI,NO,03:00:00,1,1,1,null,1,11:00:00,11:00:00,19 sept 2026,19 sept 2026,11:00:00,19:30:00,19 sept 2026,21:30:00,19 sept 2026,21:30:00,19 sept 2026,10:30:00,13:00:00,25:00:00,2073,0,0,1,0,6,-77.12,-118.4,Oeste," ",0,0,0,09:00:00,INT,5.888,00:00:00,00:00:00,19 sept 2026,J,INT
299,3,null,LIM,28 sept 2026,11:00:00,30 sept 2026,08:40:00,1,null,28 sept 2026,Sep-2026,2026Q3,LA,2476,LIM,LAX,LIMLAX,12:00:00,21:00:00,12:00:00,19:00:00,17:00:00,02:00:00,NO,763,BASE,NO,01:00:00,FP,09:00:00,null,SI,NO,03:00:00,1,1,1,null,1,11:00:00,11:00:00,28 sept 2026,28 sept 2026,11:00:00,19:30:00,28 sept 2026,21:30:00,28 sept 2026,21:30:00,28 sept 2026,10:30:00,13:00:00,25:00:00,2073,0,0,1,0,6,-77.12,-118.4,Oeste," ",0,0,0,09:00:00,INT,5.888,00:00:00,00:00:00,28 sept 2026,J,INT
15,3,LA2476310826,LIM,31 ago 2026,11:00:00,2 sept 2026,08:40:00,1,null,31 ago 2026,Aug-2026,2026Q3,LA,2476,LIM,LAX,LIMLAX,12:00:00,21:00:00,12:00:00,19:00:00,17:00:00,02:00:00,NO,763,BASE,NO,01:00:00,FP,09:00:00,null,SI,NO,03:00:00,1,1,1,null,1,11:00:00,11:00:00,31 ago 2026,31 ago 2026,11:00:00,19:30:00,31 ago 2026,21:30:00,31 ago 2026,21:30:00,31 ago 2026,10:30:00,13:00:00,25:00:00,2073,0,0,1,0,6,-77.12,-118.4,Oeste," ",0,0,0,09:00:00,INT,5.888,00:00:00,00:00:00,31 ago 2026,J,INT
237,3,null,LIM,22 sept 2026,11:00:00,24 sept 2026,08:40:00,1,null,22 sept 2026,Sep-2026,2026Q3,LA,2476,LIM,LAX,LIMLAX,12:00:00,21:00:00,12:00:00,19:00:00,17:00:00,02:00:00,NO,763,BASE,NO,01:00:00,FP,09:00:00,null,SI,NO,03:00:00,1,1,1,null,1,11:00:00,11:00:00,22 sept 2026,22 sept 2026,11:00:00,19:30:00,22 sept 2026,21:30:00,22 sept 2026,21:30:00,22 sept 2026,10:30:00,13:00:00,25:00:00,2073,0,0,1,0,6,-77.12,-118.4,Oeste," ",0,0,0,09:00:00,INT,5.888,00:00:00,00:00:00,22 sept 2026,J,INT
247,5,null,LIM,23 sept 2026,11:00:00,27 sept 2026,08:40:00,1,null,23 sept 2026,Sep-2026,2026Q3,LA,2476,LIM,LAX,LIMLAX,12:00:00,21:00:00,12:00:00,19:00:00,17:00:00,02:00:00,NO,763,BASE,NO,01:00:00,FP,09:00:00,null,SI,NO,03:00:00,1,1,1,null,1,11:00:00,11:00:00,23 sept 2026,23 sept 2026,11:00:00,19:30:00,23 sept 2026,21:30:00,23 sept 2026,21:30:00,23 sept 2026,10:30:00,13:00:00,73:00:00,2073,0,0,1,0,6,-77.12,-118.4,Oeste," ",0,0,0,09:00:00,INT,3.533,00:00:00,00:00:00,23 sept 2026,J,INT
288,3,null,LIM,27 sept 2026,11:00:00,29 sept 2026,08:40:00,1,null,27 sept 2026,Sep-2026,2026Q3,LA,2476,LIM,LAX,LIMLAX,12:00:00,21:00:00,12:00:00,19:00:00,17:00:00,02:00:00,NO,763,BASE,NO,01:00:00,FP,09:00:00,null,SI,NO,03:00:00,1,1,1,null,1,11:00:00,11:00:00,27 sept 2026,27 sept 2026,11:00:00,19:30:00,27 sept 2026,21:30:00,27 sept 2026,21:30:00,27 sept 2026,10:30:00,13:00:00,25:00:00,2073,0,0,1,0,6,-77.12,-118.4,Oeste," ",0,0,0,09:00:00,INT,5.888,00:00:00,00:00:00,27 sept 2026,J,INT
34,5,null,LIM,2 sept 2026,11:00:00,6 sept 2026,08:40:00,1,null,2 sept 2026,Sep-2026,2026Q3,LA,2476,LIM,LAX,LIMLAX,12:00:00,21:00:00,12:00:00,19:00:00,17:00:00,02:00:00,NO,763,BASE,NO,01:00:00,FP,09:00:00,null,SI,NO,03:00:00,1,1,1,null,1,11:00:00,11:00:00,2 sept 2026,2 sept 2026,11:00:00,19:30:00,2 sept 2026,21:30:00,2 sept 2026,21:30:00,2 sept 2026,10:30:00,13:00:00,73:00:00,2073,0,0,1,0,6,-77.12,-118.4,Oeste," ",0,0,0,09:00:00,INT,3.533,00:00:00,00:00:00,2 sept 2026,J,INT
86,3,null,LIM,7 sept 2026,11:00:00,9 sept 2026,08:40:00,1,null,7 sept 2026,Sep-2026,2026Q3,LA,2476,LIM,LAX,LIMLAX,12:00:00,21:00:00,12:00:00,19:00:00,17:00:00,02:00:00,NO,763,BASE,NO,01:00:00,FP,09:00:00,null,SI,NO,03:00:00,1,1,1,null,1,11:00:00,11:00:00,7 sept 2026,7 sept 2026,11:00:00,19:30:00,7 sept 2026,21:30:00,7 sept 2026,21:30:00,7 sept 2026,10:30:00,13:00:00,25:00:00,2073,0,0,1,0,6,-77.12,-118.4,Oeste," ",0,0,0,09:00:00,INT,5.888,00:00:00,00:00:00,7 sept 2026,J,INT
5,3,LA2476300826,LIM,30 ago 2026,11:00:00,1 sept 2026,08:35:00,1,null,30 ago 2026,Aug-2026,2026Q3,LA,2476,LIM,LAX,LIMLAX,12:00:00,21:00:00,12:00:00,19:00:00,17:00:00,02:00:00,NO,763,BASE,NO,01:00:00,FP,09:00:00,null,SI,NO,03:00:00,1,1,1,null,1,11:00:00,11:00:00,30 ago 2026,30 ago 2026,11:00:00,19:30:00,30 ago 2026,21:30:00,30 ago 2026,21:30:00,30 ago 2026,10:30:00,13:00:00,25:00:00,2073,0,0,1,0,6,-77.12,-118.4,Oeste," ",0,0,0,09:00:00,INT,5.861,00:00:00,00:00:00,30 ago 2026,J,INT
105,5,null,LIM,9 sept 2026,11:00:00,13 sept 2026,08:40:00,1,null,9 sept 2026,Sep-2026,2026Q3,LA,2476,LIM,LAX,LIMLAX,12:00:00,21:00:00,12:00:00,19:00:00,17:00:00,02:00:00,NO,763,BASE,NO,01:00:00,FP,09:00:00,null,SI,NO,03:00:00,1,1,1,null,1,11:00:00,11:00:00,9 sept 2026,9 sept 2026,11:00:00,19:30:00,9 sept 2026,21:30:00,9 sept 2026,21:30:00,9 sept 2026,10:30:00,13:00:00,73:00:00,2073,0,0,1,0,6,-77.12,-118.4,Oeste," ",0,0,0,09:00:00,INT,3.533,00:00:00,00:00:00,9 sept 2026,J,INT
146,3,null,LIM,13 sept 2026,11:00:00,15 sept 2026,08:40:00,1,null,13 sept 2026,Sep-2026,2026Q3,LA,2476,LIM,LAX,LIMLAX,12:00:00,21:00:00,12:00:00,19:00:00,17:00:00,02:00:00,NO,763,BASE,NO,01:00:00,FP,09:00:00,null,SI,NO,03:00:00,1,1,1,null,1,11:00:00,11:00:00,13 sept 2026,13 sept 2026,11:00:00,19:30:00,13 sept 2026,21:30:00,13 sept 2026,21:30:00,13 sept 2026,10:30:00,13:00:00,25:00:00,2073,0,0,1,0,6,-77.12,-118.4,Oeste," ",0,0,0,09:00:00,INT,5.888,00:00:00,00:00:00,13 sept 2026,J,INT
318,5,null,LIM,30 sept 2026,11:00:00,4 oct 2026,08:40:00,1,null,30 sept 2026,Sep-2026,2026Q3,LA,2476,LIM,LAX,LIMLAX,12:00:00,21:00:00,12:00:00,19:00:00,17:00:00,02:00:00,NO,763,BASE,NO,01:00:00,FP,09:00:00,null,SI,NO,03:00:00,1,1,1,null,1,11:00:00,11:00:00,30 sept 2026,30 sept 2026,11:00:00,19:30:00,30 sept 2026,21:30:00,30 sept 2026,21:30:00,30 sept 2026,10:30:00,13:00:00,73:00:00,2073,0,0,1,0,6,-77.12,-118.4,Oeste," ",0,0,0,09:00:00,INT,3.533,00:00:00,00:00:00,30 sept 2026,J,INT
157,3,null,LIM,14 sept 2026,11:00:00,16 sept 2026,08:40:00,1,null,14 sept 2026,Sep-2026,2026Q3,LA,2476,LIM,LAX,LIMLAX,12:00:00,21:00:00,12:00:00,19:00:00,17:00:00,02:00:00,NO,763,BASE,NO,01:00:00,FP,09:00:00,null,SI,NO,03:00:00,1,1,1,null,1,11:00:00,11:00:00,14 sept 2026,14 sept 2026,11:00:00,19:30:00,14 sept 2026,21:30:00,14 sept 2026,21:30:00,14 sept 2026,10:30:00,13:00:00,25:00:00,2073,0,0,1,0,6,-77.12,-118.4,Oeste," ",0,0,0,09:00:00,INT,5.888,00:00:00,00:00:00,14 sept 2026,J,INT
228,3,null,LIM,21 sept 2026,11:00:00,23 sept 2026,08:40:00,1,null,21 sept 2026,Sep-2026,2026Q3,LA,2476,LIM,LAX,LIMLAX,12:00:00,21:00:00,12:00:00,19:00:00,17:00:00,02:00:00,NO,763,BASE,NO,01:00:00,FP,09:00:00,null,SI,NO,03:00:00,1,1,1,null,1,11:00:00,11:00:00,21 sept 2026,21 sept 2026,11:00:00,19:30:00,21 sept 2026,21:30:00,21 sept 2026,21:30:00,21 sept 2026,10:30:00,13:00:00,25:00:00,2073,0,0,1,0,6,-77.12,-118.4,Oeste," ",0,0,0,09:00:00,INT,5.888,00:00:00,00:00:00,21 sept 2026,J,INT
24,3,null,LIM,1 sept 2026,11:00:00,3 sept 2026,08:40:00,1,null,1 sept 2026,Sep-2026,2026Q3,LA,2476,LIM,LAX,LIMLAX,12:00:00,21:00:00,12:00:00,19:00:00,17:00:00,02:00:00,NO,763,BASE,NO,01:00:00,FP,09:00:00,null,SI,NO,03:00:00,1,1,1,null,1,11:00:00,11:00:00,1 sept 2026,1 sept 2026,11:00:00,19:30:00,1 sept 2026,21:30:00,1 sept 2026,21:30:00,1 sept 2026,10:30:00,13:00:00,25:00:00,2073,0,0,1,0,6,-77.12,-118.4,Oeste," ",0,0,0,09:00:00,INT,5.888,00:00:00,00:00:00,1 sept 2026,J,INT
278,3,null,LIM,26 sept 2026,11:00:00,28 sept 2026,08:40:00,1,null,26 sept 2026,Sep-2026,2026Q3,LA,2476,LIM,LAX,LIMLAX,12:00:00,21:00:00,12:00:00,19:00:00,17:00:00,02:00:00,NO,763,BASE,NO,01:00:00,FP,09:00:00,null,SI,NO,03:00:00,1,1,1,null,1,11:00:00,11:00:00,26 sept 2026,26 sept 2026,11:00:00,19:30:00,26 sept 2026,21:30:00,26 sept 2026,21:30:00,26 sept 2026,10:30:00,13:00:00,25:00:00,2073,0,0,1,0,6,-77.12,-118.4,Oeste," ",0,0,0,09:00:00,INT,5.888,00:00:00,00:00:00,26 sept 2026,J,INT
95,3,null,LIM,8 sept 2026,11:00:00,10 sept 2026,08:40:00,1,null,8 sept 2026,Sep-2026,2026Q3,LA,2476,LIM,LAX,LIMLAX,12:00:00,21:00:00,12:00:00,19:00:00,17:00:00,02:00:00,NO,763,BASE,NO,01:00:00,FP,09:00:00,null,SI,NO,03:00:00,1,1,1,null,1,11:00:00,11:00:00,8 sept 2026,8 sept 2026,11:00:00,19:30:00,8 sept 2026,21:30:00,8 sept 2026,21:30:00,8 sept 2026,10:30:00,13:00:00,25:00:00,2073,0,0,1,0,6,-77.12,-118.4,Oeste," ",0,0,0,09:00:00,INT,5.888,00:00:00,00:00:00,8 sept 2026,J,INT
308,3,null,LIM,29 sept 2026,11:00:00,1 oct 2026,08:40:00,1,null,29 sept 2026,Sep-2026,2026Q3,LA,2476,LIM,LAX,LIMLAX,12:00:00,21:00:00,12:00:00,19:00:00,17:00:00,02:00:00,NO,763,BASE,NO,01:00:00,FP,09:00:00,null,SI,NO,03:00:00,1,1,1,null,1,11:00:00,11:00:00,29 sept 2026,29 sept 2026,11:00:00,19:30:00,29 sept 2026,21:30:00,29 sept 2026,21:30:00,29 sept 2026,10:30:00,13:00:00,25:00:00,2073,0,0,1,0,6,-77.12,-118.4,Oeste," ",0,0,0,09:00:00,INT,5.888,00:00:00,00:00:00,29 sept 2026,J,INT
217,3,null,LIM,20 sept 2026,11:00:00,22 sept 2026,08:40:00,1,null,20 sept 2026,Sep-2026,2026Q3,LA,2476,LIM,LAX,LIMLAX,12:00:00,21:00:00,12:00:00,19:00:00,17:00:00,02:00:00,NO,763,BASE,NO,01:00:00,FP,09:00:00,null,SI,NO,03:00:00,1,1,1,null,1,11:00:00,11:00:00,20 sept 2026,20 sept 2026,11:00:00,19:30:00,20 sept 2026,21:30:00,20 sept 2026,21:30:00,20 sept 2026,10:30:00,13:00:00,25:00:00,2073,0,0,1,0,6,-77.12,-118.4,Oeste," ",0,0,0,09:00:00,INT,5.888,00:00:00,00:00:00,20 sept 2026,J,INT
136,3,null,LIM,12 sept 2026,11:00:00,14 sept 2026,08:40:00,1,null,12 sept 2026,Sep-2026,2026Q3,LA,2476,LIM,LAX,LIMLAX,12:00:00,21:00:00,12:00:00,19:00:00,17:00:00,02:00:00,NO,763,BASE,NO,01:00:00,FP,09:00:00,null,SI,NO,03:00:00,1,1,1,null,1,11:00:00,11:00:00,12 sept 2026,12 sept 2026,11:00:00,19:30:00,12 sept 2026,21:30:00,12 sept 2026,21:30:00,12 sept 2026,10:30:00,13:00:00,25:00:00,2073,0,0,1,0,6,-77.12,-118.4,Oeste," ",0,0,0,09:00:00,INT,5.888,00:00:00,00:00:00,12 sept 2026,J,INT
65,3,null,LIM,5 sept 2026,11:00:00,7 sept 2026,08:40:00,1,null,5 sept 2026,Sep-2026,2026Q3,LA,2476,LIM,LAX,LIMLAX,12:00:00,21:00:00,12:00:00,19:00:00,17:00:00,02:00:00,NO,763,BASE,NO,01:00:00,FP,09:00:00,null,SI,NO,03:00:00,1,1,1,null,1,11:00:00,11:00:00,5 sept 2026,5 sept 2026,11:00:00,19:30:00,5 sept 2026,21:30:00,5 sept 2026,21:30:00,5 sept 2026,10:30:00,13:00:00,25:00:00,2073,0,0,1,0,6,-77.12,-118.4,Oeste," ",0,0,0,09:00:00,INT,5.888,00:00:00,00:00:00,5 sept 2026,J,INT
75,3,null,LIM,6 sept 2026,11:00:00,8 sept 2026,08:40:00,1,null,6 sept 2026,Sep-2026,2026Q3,LA,2476,LIM,LAX,LIMLAX,12:00:00,21:00:00,12:00:00,19:00:00,17:00:00,02:00:00,NO,763,BASE,NO,01:00:00,FP,09:00:00,null,SI,NO,03:00:00,1,1,1,null,1,11:00:00,11:00:00,6 sept 2026,6 sept 2026,11:00:00,19:30:00,6 sept 2026,21:30:00,6 sept 2026,21:30:00,6 sept 2026,10:30:00,13:00:00,25:00:00,2073,0,0,1,0,6,-77.12,-118.4,Oeste," ",0,0,0,09:00:00,INT,5.888,00:00:00,00:00:00,6 sept 2026,J,INT
166,3,null,LIM,15 sept 2026,11:00:00,17 sept 2026,08:40:00,1,null,15 sept 2026,Sep-2026,2026Q3,LA,2476,LIM,LAX,LIMLAX,12:00:00,21:00:00,12:00:00,19:00:00,17:00:00,02:00:00,NO,763,BASE,NO,01:00:00,FP,09:00:00,null,SI,NO,03:00:00,1,1,1,null,1,11:00:00,11:00:00,15 sept 2026,15 sept 2026,11:00:00,19:30:00,15 sept 2026,21:30:00,15 sept 2026,21:30:00,15 sept 2026,10:30:00,13:00:00,25:00:00,2073,0,0,1,0,6,-77.12,-118.4,Oeste," ",0,0,0,09:00:00,INT,5.888,00:00:00,00:00:00,15 sept 2026,J,INT
176,5,null,LIM,16 sept 2026,11:00:00,20 sept 2026,08:40:00,1,null,16 sept 2026,Sep-2026,2026Q3,LA,2476,LIM,LAX,LIMLAX,12:00:00,21:00:00,12:00:00,19:00:00,17:00:00,02:00:00,NO,763,BASE,NO,01:00:00,FP,09:00:00,null,SI,NO,03:00:00,1,1,1,null,1,11:00:00,11:00:00,16 sept 2026,16 sept 2026,11:00:00,19:30:00,16 sept 2026,21:30:00,16 sept 2026,21:30:00,16 sept 2026,10:30:00,13:00:00,73:00:00,2073,0,0,1,0,6,-77.12,-118.4,Oeste," ",0,0,0,09:00:00,INT,3.533,00:00:00,00:00:00,16 sept 2026,J,INT